month,filename,source_url,concept_id,local_file,status,processing_version,date_created,time_coverage_start,time_coverage_end
2003-01-01,AQUA_MODIS.20030101_20030131.L3m.MO.CHL.chlor_a.4km.nc,https://obdaac-tea.earthdatacloud.nasa.gov/ob-cumulus-prod-public/AQUA_MODIS.20030101_20030131.L3m.MO.CHL.chlor_a.4km.nc,G3520227606-OB_CLOUD,D:\thesis\data\raw\chla\MODISA_2022.0_4km_monthly\2003\AQUA_MODIS.20030101_20030131.L3m.MO.CHL.chlor_a.4km.nc,ok,R2022.0,2022-07-25T19:36:45.000Z,2003-01-01T00:50:01.000Z,2003-02-01T02:14:59.000Z
2003-02-01,AQUA_MODIS.20030201_20030228.L3m.MO.CHL.chlor_a.4km.nc,https://obdaac-tea.earthdatacloud.nasa.gov/ob-cumulus-prod-public/AQUA_MODIS.20030201_20030228.L3m.MO.CHL.chlor_a.4km.nc,G3512158462-OB_CLOUD,D:\thesis\data\raw\chla\MODISA_2022.0_4km_monthly\2003\AQUA_MODIS.20030201_20030228.L3m.MO.CHL.chlor_a.4km.nc,ok,R2022.0,2022-07-25T19:37:33.000Z,2003-02-01T00:10:01.000Z,2003-03-01T02:35:00.000Z
2003-03-01,AQUA_MODIS.20030301_20030331.L3m.MO.CHL.chlor_a.4km.nc,https://obdaac-tea.earthdatacloud.nasa.gov/ob-cumulus-prod-public/AQUA_MODIS.20030301_20030331.L3m.MO.CHL.chlor_a.4km.nc,G3512041612-OB_CLOUD,D:\thesis\data\raw\chla\MODISA_2022.0_4km_monthly\2003\AQUA_MODIS.20030301_20030331.L3m.MO.CHL.chlor_a.4km.nc,ok,R2022.0,2022-07-25T19:36:14.000Z,2003-03-01T00:35:00.000Z,2003-04-01T02:24:59.000Z
2003-04-01,AQUA_MODIS.20030401_20030430.L3m.MO.CHL.chlor_a.4km.nc,https://obdaac-tea.earthdatacloud.nasa.gov/ob-cumulus-prod-public/AQUA_MODIS.20030401_20030430.L3m.MO.CHL.chlor_a.4km.nc,G3509006854-OB_CLOUD,D:\thesis\data\raw\chla\MODISA_2022.0_4km_monthly\2003\AQUA_MODIS.20030401_20030430.L3m.MO.CHL.chlor_a.4km.nc,ok,R2022.0,2022-07-25T19:36:43.000Z,2003-04-01T00:25:01.000Z,2003-05-01T02:35:00.000Z
2003-05-01,AQUA_MODIS.20030501_20030531.L3m.MO.CHL.chlor_a.4km.nc,https://obdaac-tea.earthdatacloud.nasa.gov/ob-cumulus-prod-public/AQUA_MODIS.20030501_20030531.L3m.MO.CHL.chlor_a.4km.nc,G3516039625-OB_CLOUD,D:\thesis\data\raw\chla\MODISA_2022.0_4km_monthly\2003\AQUA_MODIS.20030501_20030531.L3m.MO.CHL.chlor_a.4km.nc,ok,R2022.0,2022-07-25T19:37:16.000Z,2003-05-01T00:35:00.000Z,2003-06-01T02:55:00.000Z
2003-06-01,AQUA_MODIS.20030601_20030630.L3m.MO.CHL.chlor_a.4km.nc,https://obdaac-tea.earthdatacloud.nasa.gov/ob-cumulus-prod-public/AQUA_MODIS.20030601_20030630.L3m.MO.CHL.chlor_a.4km.nc,G3512158566-OB_CLOUD,D:\thesis\data\raw\chla\MODISA_2022.0_4km_monthly\2003\AQUA_MODIS.20030601_20030630.L3m.MO.CHL.chlor_a.4km.nc,ok,R2022.0,2022-07-25T19:37:33.000Z,2003-06-01T00:00:00.000Z,2003-07-01T02:59:59.000Z
2003-07-01,AQUA_MODIS.20030701_20030731.L3m.MO.CHL.chlor_a.4km.nc,https://obdaac-tea.earthdatacloud.nasa.gov/ob-cumulus-prod-public/AQUA_MODIS.20030701_20030731.L3m.MO.CHL.chlor_a.4km.nc,G3511106719-OB_CLOUD,D:\thesis\data\raw\chla\MODISA_2022.0_4km_monthly\2003\AQUA_MODIS.20030701_20030731.L3m.MO.CHL.chlor_a.4km.nc,ok,R2022.0,2022-07-25T19:37:14.000Z,2003-07-01T00:10:01.000Z,2003-08-01T02:59:59.000Z
2003-08-01,AQUA_MODIS.20030801_20030831.L3m.MO.CHL.chlor_a.4km.nc,https://obdaac-tea.earthdatacloud.nasa.gov/ob-cumulus-prod-public/AQUA_MODIS.20030801_20030831.L3m.MO.CHL.chlor_a.4km.nc,G3509007033-OB_CLOUD,D:\thesis\data\raw\chla\MODISA_2022.0_4km_monthly\2003\AQUA_MODIS.20030801_20030831.L3m.MO.CHL.chlor_a.4km.nc,ok,R2022.0,2022-07-25T19:37:15.000Z,2003-08-01T00:50:00.000Z,2003-09-01T02:14:59.000Z
2003-09-01,AQUA_MODIS.20030901_20030930.L3m.MO.CHL.chlor_a.4km.nc,https://obdaac-tea.earthdatacloud.nasa.gov/ob-cumulus-prod-public/AQUA_MODIS.20030901_20030930.L3m.MO.CHL.chlor_a.4km.nc,G3509007088-OB_CLOUD,D:\thesis\data\raw\chla\MODISA_2022.0_4km_monthly\2003\AQUA_MODIS.20030901_20030930.L3m.MO.CHL.chlor_a.4km.nc,ok,R2022.0,2022-07-25T19:36:00.000Z,2003-09-01T00:20:01.000Z,2003-10-01T02:29:58.000Z
2003-10-01,AQUA_MODIS.20031001_20031031.L3m.MO.CHL.chlor_a.4km.nc,https://obdaac-tea.earthdatacloud.nasa.gov/ob-cumulus-prod-public/AQUA_MODIS.20031001_20031031.L3m.MO.CHL.chlor_a.4km.nc,G3512158667-OB_CLOUD,D:\thesis\data\raw\chla\MODISA_2022.0_4km_monthly\2003\AQUA_MODIS.20031001_20031031.L3m.MO.CHL.chlor_a.4km.nc,ok,R2022.0,2022-07-25T19:37:33.000Z,2003-10-01T00:30:01.000Z,2003-11-01T02:50:00.000Z
2003-11-01,AQUA_MODIS.20031101_20031130.L3m.MO.CHL.chlor_a.4km.nc,https://obdaac-tea.earthdatacloud.nasa.gov/ob-cumulus-prod-public/AQUA_MODIS.20031101_20031130.L3m.MO.CHL.chlor_a.4km.nc,G3517198406-OB_CLOUD,D:\thesis\data\raw\chla\MODISA_2022.0_4km_monthly\2003\AQUA_MODIS.20031101_20031130.L3m.MO.CHL.chlor_a.4km.nc,ok,R2022.0,2022-07-25T19:36:27.000Z,2003-11-01T00:00:00.000Z,2003-12-01T03:00:00.000Z
2003-12-01,AQUA_MODIS.20031201_20031231.L3m.MO.CHL.chlor_a.4km.nc,https://obdaac-tea.earthdatacloud.nasa.gov/ob-cumulus-prod-public/AQUA_MODIS.20031201_20031231.L3m.MO.CHL.chlor_a.4km.nc,G3520371747-OB_CLOUD,D:\thesis\data\raw\chla\MODISA_2022.0_4km_monthly\2003\AQUA_MODIS.20031201_20031231.L3m.MO.CHL.chlor_a.4km.nc,ok,R2022.0,2022-07-25T19:36:43.000Z,2003-12-01T00:05:00.000Z,2004-01-01T02:24:59.000Z
2004-01-01,AQUA_MODIS.20040101_20040131.L3m.MO.CHL.chlor_a.4km.nc,https://obdaac-tea.earthdatacloud.nasa.gov/ob-cumulus-prod-public/AQUA_MODIS.20040101_20040131.L3m.MO.CHL.chlor_a.4km.nc,G3511990605-OB_CLOUD,D:\thesis\data\raw\chla\MODISA_2022.0_4km_monthly\2004\AQUA_MODIS.20040101_20040131.L3m.MO.CHL.chlor_a.4km.nc,ok,R2022.0,2022-07-25T19:37:36.000Z,2004-01-01T00:20:01.000Z,2004-02-01T03:00:00.000Z
2004-02-01,AQUA_MODIS.20040201_20040229.L3m.MO.CHL.chlor_a.4km.nc,https://obdaac-tea.earthdatacloud.nasa.gov/ob-cumulus-prod-public/AQUA_MODIS.20040201_20040229.L3m.MO.CHL.chlor_a.4km.nc,G3512485759-OB_CLOUD,D:\thesis\data\raw\chla\MODISA_2022.0_4km_monthly\2004\AQUA_MODIS.20040201_20040229.L3m.MO.CHL.chlor_a.4km.nc,ok,R2022.0,2022-07-25T19:36:03.000Z,2004-02-01T00:15:00.000Z,2004-03-01T02:44:59.000Z
2004-03-01,AQUA_MODIS.20040301_20040331.L3m.MO.CHL.chlor_a.4km.nc,https://obdaac-tea.earthdatacloud.nasa.gov/ob-cumulus-prod-public/AQUA_MODIS.20040301_20040331.L3m.MO.CHL.chlor_a.4km.nc,G3509007445-OB_CLOUD,D:\thesis\data\raw\chla\MODISA_2022.0_4km_monthly\2004\AQUA_MODIS.20040301_20040331.L3m.MO.CHL.chlor_a.4km.nc,ok,R2022.0,2022-07-25T19:37:33.000Z,2004-03-01T00:45:01.000Z,2004-04-01T02:35:00.000Z
2004-04-01,AQUA_MODIS.20040401_20040430.L3m.MO.CHL.chlor_a.4km.nc,https://obdaac-tea.earthdatacloud.nasa.gov/ob-cumulus-prod-public/AQUA_MODIS.20040401_20040430.L3m.MO.CHL.chlor_a.4km.nc,G3511106715-OB_CLOUD,D:\thesis\data\raw\chla\MODISA_2022.0_4km_monthly\2004\AQUA_MODIS.20040401_20040430.L3m.MO.CHL.chlor_a.4km.nc,ok,R2022.0,2022-07-25T19:36:43.000Z,2004-04-01T00:05:01.000Z,2004-05-01T02:49:59.000Z
2004-05-01,AQUA_MODIS.20040501_20040531.L3m.MO.CHL.chlor_a.4km.nc,https://obdaac-tea.earthdatacloud.nasa.gov/ob-cumulus-prod-public/AQUA_MODIS.20040501_20040531.L3m.MO.CHL.chlor_a.4km.nc,G3509100381-OB_CLOUD,D:\thesis\data\raw\chla\MODISA_2022.0_4km_monthly\2004\AQUA_MODIS.20040501_20040531.L3m.MO.CHL.chlor_a.4km.nc,ok,R2022.0,2022-07-25T19:36:30.000Z,2004-05-01T00:45:01.000Z,2004-06-01T02:05:00.000Z
2004-06-01,AQUA_MODIS.20040601_20040630.L3m.MO.CHL.chlor_a.4km.nc,https://obdaac-tea.earthdatacloud.nasa.gov/ob-cumulus-prod-public/AQUA_MODIS.20040601_20040630.L3m.MO.CHL.chlor_a.4km.nc,G3512041778-OB_CLOUD,D:\thesis\data\raw\chla\MODISA_2022.0_4km_monthly\2004\AQUA_MODIS.20040601_20040630.L3m.MO.CHL.chlor_a.4km.nc,ok,R2022.0,2022-07-25T19:37:15.000Z,2004-06-01T00:10:00.000Z,2004-07-01T02:19:59.000Z
2004-07-01,AQUA_MODIS.20040701_20040731.L3m.MO.CHL.chlor_a.4km.nc,https://obdaac-tea.earthdatacloud.nasa.gov/ob-cumulus-prod-public/AQUA_MODIS.20040701_20040731.L3m.MO.CHL.chlor_a.4km.nc,G3511280413-OB_CLOUD,D:\thesis\data\raw\chla\MODISA_2022.0_4km_monthly\2004\AQUA_MODIS.20040701_20040731.L3m.MO.CHL.chlor_a.4km.nc,ok,R2022.0,2022-07-25T19:36:14.000Z,2004-07-01T00:20:01.000Z,2004-08-01T02:39:59.000Z
2004-08-01,AQUA_MODIS.20040801_20040831.L3m.MO.CHL.chlor_a.4km.nc,https://obdaac-tea.earthdatacloud.nasa.gov/ob-cumulus-prod-public/AQUA_MODIS.20040801_20040831.L3m.MO.CHL.chlor_a.4km.nc,G3518546992-OB_CLOUD,D:\thesis\data\raw\chla\MODISA_2022.0_4km_monthly\2004\AQUA_MODIS.20040801_20040831.L3m.MO.CHL.chlor_a.4km.nc,ok,R2022.0,2022-07-25T19:36:40.000Z,2004-08-01T01:00:00.000Z,2004-09-01T02:29:59.000Z
2004-09-01,AQUA_MODIS.20040901_20040930.L3m.MO.CHL.chlor_a.4km.nc,https://obdaac-tea.earthdatacloud.nasa.gov/ob-cumulus-prod-public/AQUA_MODIS.20040901_20040930.L3m.MO.CHL.chlor_a.4km.nc,G3512041844-OB_CLOUD,D:\thesis\data\raw\chla\MODISA_2022.0_4km_monthly\2004\AQUA_MODIS.20040901_20040930.L3m.MO.CHL.chlor_a.4km.nc,ok,R2022.0,2022-07-25T19:37:33.000Z,2004-09-01T00:30:01.000Z,2004-10-01T02:39:59.000Z
2004-10-01,AQUA_MODIS.20041001_20041031.L3m.MO.CHL.chlor_a.4km.nc,https://obdaac-tea.earthdatacloud.nasa.gov/ob-cumulus-prod-public/AQUA_MODIS.20041001_20041031.L3m.MO.CHL.chlor_a.4km.nc,G3514136520-OB_CLOUD,D:\thesis\data\raw\chla\MODISA_2022.0_4km_monthly\2004\AQUA_MODIS.20041001_20041031.L3m.MO.CHL.chlor_a.4km.nc,ok,R2022.0,2022-07-25T19:36:40.000Z,2004-10-01T00:10:00.000Z,2004-11-01T02:59:59.000Z
2004-11-01,AQUA_MODIS.20041101_20041130.L3m.MO.CHL.chlor_a.4km.nc,https://obdaac-tea.earthdatacloud.nasa.gov/ob-cumulus-prod-public/AQUA_MODIS.20041101_20041130.L3m.MO.CHL.chlor_a.4km.nc,G3509008315-OB_CLOUD,D:\thesis\data\raw\chla\MODISA_2022.0_4km_monthly\2004\AQUA_MODIS.20041101_20041130.L3m.MO.CHL.chlor_a.4km.nc,ok,R2022.0,2022-07-25T19:37:42.000Z,2004-11-01T00:05:01.000Z,2004-12-01T02:59:59.000Z
2004-12-01,AQUA_MODIS.20041201_20041231.L3m.MO.CHL.chlor_a.4km.nc,https://obdaac-tea.earthdatacloud.nasa.gov/ob-cumulus-prod-public/AQUA_MODIS.20041201_20041231.L3m.MO.CHL.chlor_a.4km.nc,G3511106775-OB_CLOUD,D:\thesis\data\raw\chla\MODISA_2022.0_4km_monthly\2004\AQUA_MODIS.20041201_20041231.L3m.MO.CHL.chlor_a.4km.nc,ok,R2022.0,2022-07-25T19:35:51.000Z,2004-12-01T00:15:01.000Z,2005-01-01T02:34:59.000Z
2005-01-01,AQUA_MODIS.20050101_20050131.L3m.MO.CHL.chlor_a.4km.nc,https://obdaac-tea.earthdatacloud.nasa.gov/ob-cumulus-prod-public/AQUA_MODIS.20050101_20050131.L3m.MO.CHL.chlor_a.4km.nc,G3509008894-OB_CLOUD,D:\thesis\data\raw\chla\MODISA_2022.0_4km_monthly\2005\AQUA_MODIS.20050101_20050131.L3m.MO.CHL.chlor_a.4km.nc,ok,R2022.0,2022-07-25T19:37:15.000Z,2005-01-01T00:35:01.000Z,2005-02-01T02:04:59.000Z
2005-02-01,AQUA_MODIS.20050201_20050228.L3m.MO.CHL.chlor_a.4km.nc,https://obdaac-tea.earthdatacloud.nasa.gov/ob-cumulus-prod-public/AQUA_MODIS.20050201_20050228.L3m.MO.CHL.chlor_a.4km.nc,G3512158988-OB_CLOUD,D:\thesis\data\raw\chla\MODISA_2022.0_4km_monthly\2005\AQUA_MODIS.20050201_20050228.L3m.MO.CHL.chlor_a.4km.nc,ok,R2022.0,2022-07-25T19:36:40.000Z,2005-02-01T00:25:01.000Z,2005-03-01T02:19:59.000Z
2005-03-01,AQUA_MODIS.20050301_20050331.L3m.MO.CHL.chlor_a.4km.nc,https://obdaac-tea.earthdatacloud.nasa.gov/ob-cumulus-prod-public/AQUA_MODIS.20050301_20050331.L3m.MO.CHL.chlor_a.4km.nc,G3509009173-OB_CLOUD,D:\thesis\data\raw\chla\MODISA_2022.0_4km_monthly\2005\AQUA_MODIS.20050301_20050331.L3m.MO.CHL.chlor_a.4km.nc,ok,R2022.0,2022-07-25T19:36:40.000Z,2005-03-01T00:15:01.000Z,2005-04-01T03:00:00.000Z
2005-04-01,AQUA_MODIS.20050401_20050430.L3m.MO.CHL.chlor_a.4km.nc,https://obdaac-tea.earthdatacloud.nasa.gov/ob-cumulus-prod-public/AQUA_MODIS.20050401_20050430.L3m.MO.CHL.chlor_a.4km.nc,G3520264391-OB_CLOUD,D:\thesis\data\raw\chla\MODISA_2022.0_4km_monthly\2005\AQUA_MODIS.20050401_20050430.L3m.MO.CHL.chlor_a.4km.nc,ok,R2022.0,2022-07-25T19:36:43.000Z,2005-04-01T00:10:00.000Z,2005-05-01T02:14:59.000Z
2005-05-01,AQUA_MODIS.20050501_20050531.L3m.MO.CHL.chlor_a.4km.nc,https://obdaac-tea.earthdatacloud.nasa.gov/ob-cumulus-prod-public/AQUA_MODIS.20050501_20050531.L3m.MO.CHL.chlor_a.4km.nc,G3509053862-OB_CLOUD,D:\thesis\data\raw\chla\MODISA_2022.0_4km_monthly\2005\AQUA_MODIS.20050501_20050531.L3m.MO.CHL.chlor_a.4km.nc,ok,R2022.0,2022-07-25T19:36:43.000Z,2005-05-01T00:20:01.000Z,2005-06-01T02:39:59.000Z
2005-06-01,AQUA_MODIS.20050601_20050630.L3m.MO.CHL.chlor_a.4km.nc,https://obdaac-tea.earthdatacloud.nasa.gov/ob-cumulus-prod-public/AQUA_MODIS.20050601_20050630.L3m.MO.CHL.chlor_a.4km.nc,G3514136548-OB_CLOUD,D:\thesis\data\raw\chla\MODISA_2022.0_4km_monthly\2005\AQUA_MODIS.20050601_20050630.L3m.MO.CHL.chlor_a.4km.nc,ok,R2022.0,2022-07-25T19:37:04.000Z,2005-06-01T01:00:01.000Z,2005-07-01T02:49:59.000Z
2005-07-01,AQUA_MODIS.20050701_20050731.L3m.MO.CHL.chlor_a.4km.nc,https://obdaac-tea.earthdatacloud.nasa.gov/ob-cumulus-prod-public/AQUA_MODIS.20050701_20050731.L3m.MO.CHL.chlor_a.4km.nc,G3514136526-OB_CLOUD,D:\thesis\data\raw\chla\MODISA_2022.0_4km_monthly\2005\AQUA_MODIS.20050701_20050731.L3m.MO.CHL.chlor_a.4km.nc,ok,R2022.0,2022-07-25T19:36:43.000Z,2005-07-01T00:00:01.000Z,2005-08-01T02:39:59.000Z
2005-08-01,AQUA_MODIS.20050801_20050831.L3m.MO.CHL.chlor_a.4km.nc,https://obdaac-tea.earthdatacloud.nasa.gov/ob-cumulus-prod-public/AQUA_MODIS.20050801_20050831.L3m.MO.CHL.chlor_a.4km.nc,G3509009660-OB_CLOUD,D:\thesis\data\raw\chla\MODISA_2022.0_4km_monthly\2005\AQUA_MODIS.20050801_20050831.L3m.MO.CHL.chlor_a.4km.nc,ok,R2022.0,2022-07-25T19:36:43.000Z,2005-08-01T00:35:00.000Z,2005-09-01T02:59:59.000Z
2005-09-01,AQUA_MODIS.20050901_20050930.L3m.MO.CHL.chlor_a.4km.nc,https://obdaac-tea.earthdatacloud.nasa.gov/ob-cumulus-prod-public/AQUA_MODIS.20050901_20050930.L3m.MO.CHL.chlor_a.4km.nc,G3509256166-OB_CLOUD,D:\thesis\data\raw\chla\MODISA_2022.0_4km_monthly\2005\AQUA_MODIS.20050901_20050930.L3m.MO.CHL.chlor_a.4km.nc,ok,R2022.0,2022-07-25T19:35:51.000Z,2005-09-01T00:00:00.000Z,2005-10-01T02:59:59.000Z
2005-10-01,AQUA_MODIS.20051001_20051031.L3m.MO.CHL.chlor_a.4km.nc,https://obdaac-tea.earthdatacloud.nasa.gov/ob-cumulus-prod-public/AQUA_MODIS.20051001_20051031.L3m.MO.CHL.chlor_a.4km.nc,G3511322110-OB_CLOUD,D:\thesis\data\raw\chla\MODISA_2022.0_4km_monthly\2005\AQUA_MODIS.20051001_20051031.L3m.MO.CHL.chlor_a.4km.nc,ok,R2022.0,2022-07-25T19:36:40.000Z,2005-10-01T00:10:01.000Z,2005-11-01T02:34:59.000Z
2005-11-01,AQUA_MODIS.20051101_20051130.L3m.MO.CHL.chlor_a.4km.nc,https://obdaac-tea.earthdatacloud.nasa.gov/ob-cumulus-prod-public/AQUA_MODIS.20051101_20051130.L3m.MO.CHL.chlor_a.4km.nc,G3512159898-OB_CLOUD,D:\thesis\data\raw\chla\MODISA_2022.0_4km_monthly\2005\AQUA_MODIS.20051101_20051130.L3m.MO.CHL.chlor_a.4km.nc,ok,R2022.0,2022-07-25T19:37:33.000Z,2005-11-01T00:30:01.000Z,2005-12-01T02:44:59.000Z
2005-12-01,AQUA_MODIS.20051201_20051231.L3m.MO.CHL.chlor_a.4km.nc,https://obdaac-tea.earthdatacloud.nasa.gov/ob-cumulus-prod-public/AQUA_MODIS.20051201_20051231.L3m.MO.CHL.chlor_a.4km.nc,G3509009937-OB_CLOUD,D:\thesis\data\raw\chla\MODISA_2022.0_4km_monthly\2005\AQUA_MODIS.20051201_20051231.L3m.MO.CHL.chlor_a.4km.nc,ok,R2022.0,2022-07-25T19:37:15.000Z,2005-12-01T00:45:01.000Z,2006-01-01T02:09:59.000Z
2006-01-01,AQUA_MODIS.20060101_20060131.L3m.MO.CHL.chlor_a.4km.nc,https://obdaac-tea.earthdatacloud.nasa.gov/ob-cumulus-prod-public/AQUA_MODIS.20060101_20060131.L3m.MO.CHL.chlor_a.4km.nc,G3512160131-OB_CLOUD,D:\thesis\data\raw\chla\MODISA_2022.0_4km_monthly\2006\AQUA_MODIS.20060101_20060131.L3m.MO.CHL.chlor_a.4km.nc,ok,R2022.0,2022-07-25T19:37:33.000Z,2006-01-01T00:00:10.000Z,2006-02-01T02:55:00.000Z
2006-02-01,AQUA_MODIS.20060201_20060228.L3m.MO.CHL.chlor_a.4km.nc,https://obdaac-tea.earthdatacloud.nasa.gov/ob-cumulus-prod-public/AQUA_MODIS.20060201_20060228.L3m.MO.CHL.chlor_a.4km.nc,G3514136591-OB_CLOUD,D:\thesis\data\raw\chla\MODISA_2022.0_4km_monthly\2006\AQUA_MODIS.20060201_20060228.L3m.MO.CHL.chlor_a.4km.nc,ok,R2022.0,2022-07-25T19:36:40.000Z,2006-02-01T00:00:00.000Z,2006-03-01T02:14:59.000Z
2006-03-01,AQUA_MODIS.20060301_20060331.L3m.MO.CHL.chlor_a.4km.nc,https://obdaac-tea.earthdatacloud.nasa.gov/ob-cumulus-prod-public/AQUA_MODIS.20060301_20060331.L3m.MO.CHL.chlor_a.4km.nc,G3511322599-OB_CLOUD,D:\thesis\data\raw\chla\MODISA_2022.0_4km_monthly\2006\AQUA_MODIS.20060301_20060331.L3m.MO.CHL.chlor_a.4km.nc,ok,R2022.0,2022-07-25T19:37:36.000Z,2006-03-01T00:20:01.000Z,2006-04-01T02:39:59.000Z
2006-04-01,AQUA_MODIS.20060401_20060430.L3m.MO.CHL.chlor_a.4km.nc,https://obdaac-tea.earthdatacloud.nasa.gov/ob-cumulus-prod-public/AQUA_MODIS.20060401_20060430.L3m.MO.CHL.chlor_a.4km.nc,G3509010688-OB_CLOUD,D:\thesis\data\raw\chla\MODISA_2022.0_4km_monthly\2006\AQUA_MODIS.20060401_20060430.L3m.MO.CHL.chlor_a.4km.nc,ok,R2022.0,2022-07-25T19:36:43.000Z,2006-04-01T00:40:01.000Z,2006-05-01T02:49:59.000Z
2006-05-01,AQUA_MODIS.20060501_20060531.L3m.MO.CHL.chlor_a.4km.nc,https://obdaac-tea.earthdatacloud.nasa.gov/ob-cumulus-prod-public/AQUA_MODIS.20060501_20060531.L3m.MO.CHL.chlor_a.4km.nc,G3512313573-OB_CLOUD,D:\thesis\data\raw\chla\MODISA_2022.0_4km_monthly\2006\AQUA_MODIS.20060501_20060531.L3m.MO.CHL.chlor_a.4km.nc,ok,R2022.0,2022-07-25T19:36:45.000Z,2006-05-01T00:00:01.000Z,2006-06-01T02:45:00.000Z
2006-06-01,AQUA_MODIS.20060601_20060630.L3m.MO.CHL.chlor_a.4km.nc,https://obdaac-tea.earthdatacloud.nasa.gov/ob-cumulus-prod-public/AQUA_MODIS.20060601_20060630.L3m.MO.CHL.chlor_a.4km.nc,G3509010869-OB_CLOUD,D:\thesis\data\raw\chla\MODISA_2022.0_4km_monthly\2006\AQUA_MODIS.20060601_20060630.L3m.MO.CHL.chlor_a.4km.nc,ok,R2022.0,2022-07-25T19:37:33.000Z,2006-06-01T00:40:00.000Z,2006-07-01T02:54:59.000Z
2006-07-01,AQUA_MODIS.20060701_20060731.L3m.MO.CHL.chlor_a.4km.nc,https://obdaac-tea.earthdatacloud.nasa.gov/ob-cumulus-prod-public/AQUA_MODIS.20060701_20060731.L3m.MO.CHL.chlor_a.4km.nc,G3509011075-OB_CLOUD,D:\thesis\data\raw\chla\MODISA_2022.0_4km_monthly\2006\AQUA_MODIS.20060701_20060731.L3m.MO.CHL.chlor_a.4km.nc,ok,R2022.0,2022-07-25T19:37:16.000Z,2006-07-01T00:50:01.000Z,2006-08-01T02:15:00.000Z
2006-08-01,AQUA_MODIS.20060801_20060831.L3m.MO.CHL.chlor_a.4km.nc,https://obdaac-tea.earthdatacloud.nasa.gov/ob-cumulus-prod-public/AQUA_MODIS.20060801_20060831.L3m.MO.CHL.chlor_a.4km.nc,G3509100410-OB_CLOUD,D:\thesis\data\raw\chla\MODISA_2022.0_4km_monthly\2006\AQUA_MODIS.20060801_20060831.L3m.MO.CHL.chlor_a.4km.nc,ok,R2022.0,2022-07-25T19:37:42.000Z,2006-08-01T00:15:02.000Z,2006-09-01T02:40:01.000Z
2006-09-01,AQUA_MODIS.20060901_20060930.L3m.MO.CHL.chlor_a.4km.nc,https://obdaac-tea.earthdatacloud.nasa.gov/ob-cumulus-prod-public/AQUA_MODIS.20060901_20060930.L3m.MO.CHL.chlor_a.4km.nc,G3514136603-OB_CLOUD,D:\thesis\data\raw\chla\MODISA_2022.0_4km_monthly\2006\AQUA_MODIS.20060901_20060930.L3m.MO.CHL.chlor_a.4km.nc,ok,R2022.0,2022-07-25T19:36:14.000Z,2006-09-01T00:40:01.000Z,2006-10-01T02:50:00.000Z
2006-10-01,AQUA_MODIS.20061001_20061031.L3m.MO.CHL.chlor_a.4km.nc,https://obdaac-tea.earthdatacloud.nasa.gov/ob-cumulus-prod-public/AQUA_MODIS.20061001_20061031.L3m.MO.CHL.chlor_a.4km.nc,G3511280642-OB_CLOUD,D:\thesis\data\raw\chla\MODISA_2022.0_4km_monthly\2006\AQUA_MODIS.20061001_20061031.L3m.MO.CHL.chlor_a.4km.nc,ok,R2022.0,2022-07-25T19:36:43.000Z,2006-10-01T00:00:02.000Z,2006-11-01T02:15:01.000Z
2006-11-01,AQUA_MODIS.20061101_20061130.L3m.MO.CHL.chlor_a.4km.nc,https://obdaac-tea.earthdatacloud.nasa.gov/ob-cumulus-prod-public/AQUA_MODIS.20061101_20061130.L3m.MO.CHL.chlor_a.4km.nc,G3516145934-OB_CLOUD,D:\thesis\data\raw\chla\MODISA_2022.0_4km_monthly\2006\AQUA_MODIS.20061101_20061130.L3m.MO.CHL.chlor_a.4km.nc,ok,R2022.0,2022-07-25T19:36:48.000Z,2006-11-01T00:05:02.000Z,2006-12-01T02:25:01.000Z
2006-12-01,AQUA_MODIS.20061201_20061231.L3m.MO.CHL.chlor_a.4km.nc,https://obdaac-tea.earthdatacloud.nasa.gov/ob-cumulus-prod-public/AQUA_MODIS.20061201_20061231.L3m.MO.CHL.chlor_a.4km.nc,G3516888331-OB_CLOUD,D:\thesis\data\raw\chla\MODISA_2022.0_4km_monthly\2006\AQUA_MODIS.20061201_20061231.L3m.MO.CHL.chlor_a.4km.nc,ok,R2022.0,2022-07-25T19:35:51.000Z,2006-12-01T00:15:02.000Z,2007-01-01T03:00:01.000Z
2007-01-01,AQUA_MODIS.20070101_20070131.L3m.MO.CHL.chlor_a.4km.nc,https://obdaac-tea.earthdatacloud.nasa.gov/ob-cumulus-prod-public/AQUA_MODIS.20070101_20070131.L3m.MO.CHL.chlor_a.4km.nc,G3509011809-OB_CLOUD,D:\thesis\data\raw\chla\MODISA_2022.0_4km_monthly\2007\AQUA_MODIS.20070101_20070131.L3m.MO.CHL.chlor_a.4km.nc,ok,R2022.0,2022-07-25T19:36:45.000Z,2007-01-01T00:10:01.000Z,2007-02-01T02:35:00.000Z
2007-02-01,AQUA_MODIS.20070201_20070228.L3m.MO.CHL.chlor_a.4km.nc,https://obdaac-tea.earthdatacloud.nasa.gov/ob-cumulus-prod-public/AQUA_MODIS.20070201_20070228.L3m.MO.CHL.chlor_a.4km.nc,G3517122628-OB_CLOUD,D:\thesis\data\raw\chla\MODISA_2022.0_4km_monthly\2007\AQUA_MODIS.20070201_20070228.L3m.MO.CHL.chlor_a.4km.nc,ok,R2022.0,2022-07-25T19:35:51.000Z,2007-02-01T00:30:02.000Z,2007-03-01T02:55:01.000Z
2007-03-01,AQUA_MODIS.20070301_20070331.L3m.MO.CHL.chlor_a.4km.nc,https://obdaac-tea.earthdatacloud.nasa.gov/ob-cumulus-prod-public/AQUA_MODIS.20070301_20070331.L3m.MO.CHL.chlor_a.4km.nc,G3512161238-OB_CLOUD,D:\thesis\data\raw\chla\MODISA_2022.0_4km_monthly\2007\AQUA_MODIS.20070301_20070331.L3m.MO.CHL.chlor_a.4km.nc,ok,R2022.0,2022-07-25T19:36:43.000Z,2007-03-01T00:00:02.000Z,2007-04-01T02:45:00.000Z
2007-04-01,AQUA_MODIS.20070401_20070430.L3m.MO.CHL.chlor_a.4km.nc,https://obdaac-tea.earthdatacloud.nasa.gov/ob-cumulus-prod-public/AQUA_MODIS.20070401_20070430.L3m.MO.CHL.chlor_a.4km.nc,G3513897660-OB_CLOUD,D:\thesis\data\raw\chla\MODISA_2022.0_4km_monthly\2007\AQUA_MODIS.20070401_20070430.L3m.MO.CHL.chlor_a.4km.nc,ok,R2022.0,2022-07-25T19:36:43.000Z,2007-04-01T00:15:02.000Z,2007-05-01T02:54:59.000Z
2007-05-01,AQUA_MODIS.20070501_20070531.L3m.MO.CHL.chlor_a.4km.nc,https://obdaac-tea.earthdatacloud.nasa.gov/ob-cumulus-prod-public/AQUA_MODIS.20070501_20070531.L3m.MO.CHL.chlor_a.4km.nc,G3515944051-OB_CLOUD,D:\thesis\data\raw\chla\MODISA_2022.0_4km_monthly\2007\AQUA_MODIS.20070501_20070531.L3m.MO.CHL.chlor_a.4km.nc,ok,R2022.0,2022-07-25T19:36:40.000Z,2007-05-01T00:50:01.000Z,2007-06-01T02:15:01.000Z
2007-06-01,AQUA_MODIS.20070601_20070630.L3m.MO.CHL.chlor_a.4km.nc,https://obdaac-tea.earthdatacloud.nasa.gov/ob-cumulus-prod-public/AQUA_MODIS.20070601_20070630.L3m.MO.CHL.chlor_a.4km.nc,G3512161344-OB_CLOUD,D:\thesis\data\raw\chla\MODISA_2022.0_4km_monthly\2007\AQUA_MODIS.20070601_20070630.L3m.MO.CHL.chlor_a.4km.nc,ok,R2022.0,2022-07-25T19:36:40.000Z,2007-06-01T00:15:01.000Z,2007-07-01T02:25:00.000Z
2007-07-01,AQUA_MODIS.20070701_20070731.L3m.MO.CHL.chlor_a.4km.nc,https://obdaac-tea.earthdatacloud.nasa.gov/ob-cumulus-prod-public/AQUA_MODIS.20070701_20070731.L3m.MO.CHL.chlor_a.4km.nc,G3516778386-OB_CLOUD,D:\thesis\data\raw\chla\MODISA_2022.0_4km_monthly\2007\AQUA_MODIS.20070701_20070731.L3m.MO.CHL.chlor_a.4km.nc,ok,R2022.0,2022-07-25T19:35:56.000Z,2007-07-01T00:25:02.000Z,2007-08-01T02:50:00.000Z
2007-08-01,AQUA_MODIS.20070801_20070831.L3m.MO.CHL.chlor_a.4km.nc,https://obdaac-tea.earthdatacloud.nasa.gov/ob-cumulus-prod-public/AQUA_MODIS.20070801_20070831.L3m.MO.CHL.chlor_a.4km.nc,G3516622113-OB_CLOUD,D:\thesis\data\raw\chla\MODISA_2022.0_4km_monthly\2007\AQUA_MODIS.20070801_20070831.L3m.MO.CHL.chlor_a.4km.nc,ok,R2022.0,2022-07-25T19:36:15.000Z,2007-08-01T00:00:01.000Z,2007-09-01T02:40:00.000Z
2007-09-01,AQUA_MODIS.20070901_20070930.L3m.MO.CHL.chlor_a.4km.nc,https://obdaac-tea.earthdatacloud.nasa.gov/ob-cumulus-prod-public/AQUA_MODIS.20070901_20070930.L3m.MO.CHL.chlor_a.4km.nc,G3509012757-OB_CLOUD,D:\thesis\data\raw\chla\MODISA_2022.0_4km_monthly\2007\AQUA_MODIS.20070901_20070930.L3m.MO.CHL.chlor_a.4km.nc,ok,R2022.0,2022-07-25T19:36:56.000Z,2007-09-01T00:35:01.000Z,2007-10-01T02:49:59.000Z
2007-10-01,AQUA_MODIS.20071001_20071031.L3m.MO.CHL.chlor_a.4km.nc,https://obdaac-tea.earthdatacloud.nasa.gov/ob-cumulus-prod-public/AQUA_MODIS.20071001_20071031.L3m.MO.CHL.chlor_a.4km.nc,G3520264300-OB_CLOUD,D:\thesis\data\raw\chla\MODISA_2022.0_4km_monthly\2007\AQUA_MODIS.20071001_20071031.L3m.MO.CHL.chlor_a.4km.nc,ok,R2022.0,2022-07-25T19:36:44.000Z,2007-10-01T00:15:01.000Z,2007-11-01T02:59:59.000Z
2007-11-01,AQUA_MODIS.20071101_20071130.L3m.MO.CHL.chlor_a.4km.nc,https://obdaac-tea.earthdatacloud.nasa.gov/ob-cumulus-prod-public/AQUA_MODIS.20071101_20071130.L3m.MO.CHL.chlor_a.4km.nc,G3516102157-OB_CLOUD,D:\thesis\data\raw\chla\MODISA_2022.0_4km_monthly\2007\AQUA_MODIS.20071101_20071130.L3m.MO.CHL.chlor_a.4km.nc,ok,R2022.0,2022-07-25T19:36:56.000Z,2007-11-01T00:10:01.000Z,2007-12-01T02:05:00.000Z
2007-12-01,AQUA_MODIS.20071201_20071231.L3m.MO.CHL.chlor_a.4km.nc,https://obdaac-tea.earthdatacloud.nasa.gov/ob-cumulus-prod-public/AQUA_MODIS.20071201_20071231.L3m.MO.CHL.chlor_a.4km.nc,G3514937737-OB_CLOUD,D:\thesis\data\raw\chla\MODISA_2022.0_4km_monthly\2007\AQUA_MODIS.20071201_20071231.L3m.MO.CHL.chlor_a.4km.nc,ok,R2022.0,2022-07-25T19:35:56.000Z,2007-12-01T00:20:01.000Z,2008-01-01T02:39:59.000Z
2008-01-01,AQUA_MODIS.20080101_20080131.L3m.MO.CHL.chlor_a.4km.nc,https://obdaac-tea.earthdatacloud.nasa.gov/ob-cumulus-prod-public/AQUA_MODIS.20080101_20080131.L3m.MO.CHL.chlor_a.4km.nc,G3509013007-OB_CLOUD,D:\thesis\data\raw\chla\MODISA_2022.0_4km_monthly\2008\AQUA_MODIS.20080101_20080131.L3m.MO.CHL.chlor_a.4km.nc,ok,R2022.0,2022-07-25T19:36:44.000Z,2008-01-01T00:40:01.000Z,2008-02-01T02:09:59.000Z
2008-02-01,AQUA_MODIS.20080201_20080229.L3m.MO.CHL.chlor_a.4km.nc,https://obdaac-tea.earthdatacloud.nasa.gov/ob-cumulus-prod-public/AQUA_MODIS.20080201_20080229.L3m.MO.CHL.chlor_a.4km.nc,G3512491143-OB_CLOUD,D:\thesis\data\raw\chla\MODISA_2022.0_4km_monthly\2008\AQUA_MODIS.20080201_20080229.L3m.MO.CHL.chlor_a.4km.nc,ok,R2022.0,2022-07-25T19:35:48.000Z,2008-02-01T00:00:00.000Z,2008-03-01T03:00:00.000Z
2008-03-01,AQUA_MODIS.20080301_20080331.L3m.MO.CHL.chlor_a.4km.nc,https://obdaac-tea.earthdatacloud.nasa.gov/ob-cumulus-prod-public/AQUA_MODIS.20080301_20080331.L3m.MO.CHL.chlor_a.4km.nc,G3509013086-OB_CLOUD,D:\thesis\data\raw\chla\MODISA_2022.0_4km_monthly\2008\AQUA_MODIS.20080301_20080331.L3m.MO.CHL.chlor_a.4km.nc,ok,R2022.0,2022-07-25T19:37:14.000Z,2008-03-01T00:05:00.000Z,2008-04-01T02:55:00.000Z
2008-04-01,AQUA_MODIS.20080401_20080430.L3m.MO.CHL.chlor_a.4km.nc,https://obdaac-tea.earthdatacloud.nasa.gov/ob-cumulus-prod-public/AQUA_MODIS.20080401_20080430.L3m.MO.CHL.chlor_a.4km.nc,G3513897727-OB_CLOUD,D:\thesis\data\raw\chla\MODISA_2022.0_4km_monthly\2008\AQUA_MODIS.20080401_20080430.L3m.MO.CHL.chlor_a.4km.nc,ok,R2022.0,2022-07-25T19:36:56.000Z,2008-04-01T00:25:01.000Z,2008-05-01T02:40:00.000Z
2008-05-01,AQUA_MODIS.20080501_20080531.L3m.MO.CHL.chlor_a.4km.nc,https://obdaac-tea.earthdatacloud.nasa.gov/ob-cumulus-prod-public/AQUA_MODIS.20080501_20080531.L3m.MO.CHL.chlor_a.4km.nc,G3512162390-OB_CLOUD,D:\thesis\data\raw\chla\MODISA_2022.0_4km_monthly\2008\AQUA_MODIS.20080501_20080531.L3m.MO.CHL.chlor_a.4km.nc,ok,R2022.0,2022-07-25T19:36:56.000Z,2008-05-01T01:00:01.000Z,2008-06-01T02:24:59.000Z
2008-06-01,AQUA_MODIS.20080601_20080630.L3m.MO.CHL.chlor_a.4km.nc,https://obdaac-tea.earthdatacloud.nasa.gov/ob-cumulus-prod-public/AQUA_MODIS.20080601_20080630.L3m.MO.CHL.chlor_a.4km.nc,G3515995959-OB_CLOUD,D:\thesis\data\raw\chla\MODISA_2022.0_4km_monthly\2008\AQUA_MODIS.20080601_20080630.L3m.MO.CHL.chlor_a.4km.nc,ok,R2022.0,2022-07-25T19:36:44.000Z,2008-06-01T00:25:01.000Z,2008-07-01T02:40:00.000Z
2008-07-01,AQUA_MODIS.20080701_20080731.L3m.MO.CHL.chlor_a.4km.nc,https://obdaac-tea.earthdatacloud.nasa.gov/ob-cumulus-prod-public/AQUA_MODIS.20080701_20080731.L3m.MO.CHL.chlor_a.4km.nc,G3509013647-OB_CLOUD,D:\thesis\data\raw\chla\MODISA_2022.0_4km_monthly\2008\AQUA_MODIS.20080701_20080731.L3m.MO.CHL.chlor_a.4km.nc,ok,R2022.0,2022-07-25T19:36:56.000Z,2008-07-01T00:35:00.000Z,2008-08-01T02:59:59.000Z
2008-08-01,AQUA_MODIS.20080801_20080831.L3m.MO.CHL.chlor_a.4km.nc,https://obdaac-tea.earthdatacloud.nasa.gov/ob-cumulus-prod-public/AQUA_MODIS.20080801_20080831.L3m.MO.CHL.chlor_a.4km.nc,G3512043134-OB_CLOUD,D:\thesis\data\raw\chla\MODISA_2022.0_4km_monthly\2008\AQUA_MODIS.20080801_20080831.L3m.MO.CHL.chlor_a.4km.nc,ok,R2022.0,2022-07-25T19:36:56.000Z,2008-08-01T00:00:00.000Z,2008-09-01T02:50:00.000Z
2008-09-01,AQUA_MODIS.20080901_20080930.L3m.MO.CHL.chlor_a.4km.nc,https://obdaac-tea.earthdatacloud.nasa.gov/ob-cumulus-prod-public/AQUA_MODIS.20080901_20080930.L3m.MO.CHL.chlor_a.4km.nc,G3509014263-OB_CLOUD,D:\thesis\data\raw\chla\MODISA_2022.0_4km_monthly\2008\AQUA_MODIS.20080901_20080930.L3m.MO.CHL.chlor_a.4km.nc,ok,R2022.0,2022-07-25T19:36:15.000Z,2008-09-01T00:45:00.000Z,2008-10-01T02:35:00.000Z
2008-10-01,AQUA_MODIS.20081001_20081031.L3m.MO.CHL.chlor_a.4km.nc,https://obdaac-tea.earthdatacloud.nasa.gov/ob-cumulus-prod-public/AQUA_MODIS.20081001_20081031.L3m.MO.CHL.chlor_a.4km.nc,G3509100515-OB_CLOUD,D:\thesis\data\raw\chla\MODISA_2022.0_4km_monthly\2008\AQUA_MODIS.20081001_20081031.L3m.MO.CHL.chlor_a.4km.nc,ok,R2022.0,2022-07-25T19:36:56.000Z,2008-10-01T00:30:00.000Z,2008-11-01T02:09:59.000Z
2008-11-01,AQUA_MODIS.20081101_20081130.L3m.MO.CHL.chlor_a.4km.nc,https://obdaac-tea.earthdatacloud.nasa.gov/ob-cumulus-prod-public/AQUA_MODIS.20081101_20081130.L3m.MO.CHL.chlor_a.4km.nc,G3511166558-OB_CLOUD,D:\thesis\data\raw\chla\MODISA_2022.0_4km_monthly\2008\AQUA_MODIS.20081101_20081130.L3m.MO.CHL.chlor_a.4km.nc,ok,R2022.0,2022-07-25T19:36:59.000Z,2008-11-01T00:25:01.000Z,2008-12-01T02:14:59.000Z
2008-12-01,AQUA_MODIS.20081201_20081231.L3m.MO.CHL.chlor_a.4km.nc,https://obdaac-tea.earthdatacloud.nasa.gov/ob-cumulus-prod-public/AQUA_MODIS.20081201_20081231.L3m.MO.CHL.chlor_a.4km.nc,G3512043245-OB_CLOUD,D:\thesis\data\raw\chla\MODISA_2022.0_4km_monthly\2008\AQUA_MODIS.20081201_20081231.L3m.MO.CHL.chlor_a.4km.nc,ok,R2022.0,2022-07-25T19:36:56.000Z,2008-12-01T00:00:00.000Z,2009-01-01T02:54:59.000Z
2009-01-01,AQUA_MODIS.20090101_20090131.L3m.MO.CHL.chlor_a.4km.nc,https://obdaac-tea.earthdatacloud.nasa.gov/ob-cumulus-prod-public/AQUA_MODIS.20090101_20090131.L3m.MO.CHL.chlor_a.4km.nc,G3511106895-OB_CLOUD,D:\thesis\data\raw\chla\MODISA_2022.0_4km_monthly\2009\AQUA_MODIS.20090101_20090131.L3m.MO.CHL.chlor_a.4km.nc,ok,R2022.0,2022-07-25T19:36:56.000Z,2009-01-01T00:00:01.000Z,2009-02-01T02:24:59.000Z
2009-02-01,AQUA_MODIS.20090201_20090228.L3m.MO.CHL.chlor_a.4km.nc,https://obdaac-tea.earthdatacloud.nasa.gov/ob-cumulus-prod-public/AQUA_MODIS.20090201_20090228.L3m.MO.CHL.chlor_a.4km.nc,G3516348460-OB_CLOUD,D:\thesis\data\raw\chla\MODISA_2022.0_4km_monthly\2009\AQUA_MODIS.20090201_20090228.L3m.MO.CHL.chlor_a.4km.nc,ok,R2022.0,2022-07-25T19:36:15.000Z,2009-02-01T00:15:00.000Z,2009-03-01T02:45:00.000Z
2009-03-01,AQUA_MODIS.20090301_20090331.L3m.MO.CHL.chlor_a.4km.nc,https://obdaac-tea.earthdatacloud.nasa.gov/ob-cumulus-prod-public/AQUA_MODIS.20090301_20090331.L3m.MO.CHL.chlor_a.4km.nc,G3513897805-OB_CLOUD,D:\thesis\data\raw\chla\MODISA_2022.0_4km_monthly\2009\AQUA_MODIS.20090301_20090331.L3m.MO.CHL.chlor_a.4km.nc,ok,R2022.0,2022-07-25T19:36:44.000Z,2009-03-01T00:40:01.000Z,2009-04-01T02:29:59.000Z
2009-04-01,AQUA_MODIS.20090401_20090430.L3m.MO.CHL.chlor_a.4km.nc,https://obdaac-tea.earthdatacloud.nasa.gov/ob-cumulus-prod-public/AQUA_MODIS.20090401_20090430.L3m.MO.CHL.chlor_a.4km.nc,G3509014882-OB_CLOUD,D:\thesis\data\raw\chla\MODISA_2022.0_4km_monthly\2009\AQUA_MODIS.20090401_20090430.L3m.MO.CHL.chlor_a.4km.nc,ok,R2022.0,2022-07-25T19:36:15.000Z,2009-04-01T00:00:01.000Z,2009-05-01T02:45:00.000Z
2009-05-01,AQUA_MODIS.20090501_20090531.L3m.MO.CHL.chlor_a.4km.nc,https://obdaac-tea.earthdatacloud.nasa.gov/ob-cumulus-prod-public/AQUA_MODIS.20090501_20090531.L3m.MO.CHL.chlor_a.4km.nc,G3515944121-OB_CLOUD,D:\thesis\data\raw\chla\MODISA_2022.0_4km_monthly\2009\AQUA_MODIS.20090501_20090531.L3m.MO.CHL.chlor_a.4km.nc,ok,R2022.0,2022-07-25T19:36:56.000Z,2009-05-01T00:40:01.000Z,2009-06-01T03:00:00.000Z
2009-06-01,AQUA_MODIS.20090601_20090630.L3m.MO.CHL.chlor_a.4km.nc,https://obdaac-tea.earthdatacloud.nasa.gov/ob-cumulus-prod-public/AQUA_MODIS.20090601_20090630.L3m.MO.CHL.chlor_a.4km.nc,G3515631256-OB_CLOUD,D:\thesis\data\raw\chla\MODISA_2022.0_4km_monthly\2009\AQUA_MODIS.20090601_20090630.L3m.MO.CHL.chlor_a.4km.nc,ok,R2022.0,2022-07-25T19:36:30.000Z,2009-06-01T00:05:00.000Z,2009-07-01T02:09:59.000Z
2009-07-01,AQUA_MODIS.20090701_20090731.L3m.MO.CHL.chlor_a.4km.nc,https://obdaac-tea.earthdatacloud.nasa.gov/ob-cumulus-prod-public/AQUA_MODIS.20090701_20090731.L3m.MO.CHL.chlor_a.4km.nc,G3516146087-OB_CLOUD,D:\thesis\data\raw\chla\MODISA_2022.0_4km_monthly\2009\AQUA_MODIS.20090701_20090731.L3m.MO.CHL.chlor_a.4km.nc,ok,R2022.0,2022-07-25T19:35:56.000Z,2009-07-01T00:15:01.000Z,2009-08-01T02:34:59.000Z
2009-08-01,AQUA_MODIS.20090801_20090831.L3m.MO.CHL.chlor_a.4km.nc,https://obdaac-tea.earthdatacloud.nasa.gov/ob-cumulus-prod-public/AQUA_MODIS.20090801_20090831.L3m.MO.CHL.chlor_a.4km.nc,G3509015119-OB_CLOUD,D:\thesis\data\raw\chla\MODISA_2022.0_4km_monthly\2009\AQUA_MODIS.20090801_20090831.L3m.MO.CHL.chlor_a.4km.nc,ok,R2022.0,2022-07-25T19:36:44.000Z,2009-08-01T01:00:00.000Z,2009-09-01T02:25:00.000Z
2009-09-01,AQUA_MODIS.20090901_20090930.L3m.MO.CHL.chlor_a.4km.nc,https://obdaac-tea.earthdatacloud.nasa.gov/ob-cumulus-prod-public/AQUA_MODIS.20090901_20090930.L3m.MO.CHL.chlor_a.4km.nc,G3516039560-OB_CLOUD,D:\thesis\data\raw\chla\MODISA_2022.0_4km_monthly\2009\AQUA_MODIS.20090901_20090930.L3m.MO.CHL.chlor_a.4km.nc,ok,R2022.0,2022-07-25T19:36:44.000Z,2009-09-01T00:25:00.000Z,2009-10-01T02:34:59.000Z
2009-10-01,AQUA_MODIS.20091001_20091031.L3m.MO.CHL.chlor_a.4km.nc,https://obdaac-tea.earthdatacloud.nasa.gov/ob-cumulus-prod-public/AQUA_MODIS.20091001_20091031.L3m.MO.CHL.chlor_a.4km.nc,G3511106844-OB_CLOUD,D:\thesis\data\raw\chla\MODISA_2022.0_4km_monthly\2009\AQUA_MODIS.20091001_20091031.L3m.MO.CHL.chlor_a.4km.nc,ok,R2022.0,2022-07-25T19:36:45.000Z,2009-10-01T00:00:00.000Z,2009-11-01T02:54:59.000Z
2009-11-01,AQUA_MODIS.20091101_20091130.L3m.MO.CHL.chlor_a.4km.nc,https://obdaac-tea.earthdatacloud.nasa.gov/ob-cumulus-prod-public/AQUA_MODIS.20091101_20091130.L3m.MO.CHL.chlor_a.4km.nc,G3513897713-OB_CLOUD,D:\thesis\data\raw\chla\MODISA_2022.0_4km_monthly\2009\AQUA_MODIS.20091101_20091130.L3m.MO.CHL.chlor_a.4km.nc,ok,R2022.0,2022-07-25T19:36:45.000Z,2009-11-01T00:00:01.000Z,2009-12-01T02:59:59.000Z
2009-12-01,AQUA_MODIS.20091201_20091231.L3m.MO.CHL.chlor_a.4km.nc,https://obdaac-tea.earthdatacloud.nasa.gov/ob-cumulus-prod-public/AQUA_MODIS.20091201_20091231.L3m.MO.CHL.chlor_a.4km.nc,G3509323649-OB_CLOUD,D:\thesis\data\raw\chla\MODISA_2022.0_4km_monthly\2009\AQUA_MODIS.20091201_20091231.L3m.MO.CHL.chlor_a.4km.nc,ok,R2022.0,2022-07-25T19:36:14.000Z,2009-12-01T00:10:01.000Z,2010-01-01T02:29:59.000Z
2010-01-01,AQUA_MODIS.20100101_20100131.L3m.MO.CHL.chlor_a.4km.nc,https://obdaac-tea.earthdatacloud.nasa.gov/ob-cumulus-prod-public/AQUA_MODIS.20100101_20100131.L3m.MO.CHL.chlor_a.4km.nc,G3509258561-OB_CLOUD,D:\thesis\data\raw\chla\MODISA_2022.0_4km_monthly\2010\AQUA_MODIS.20100101_20100131.L3m.MO.CHL.chlor_a.4km.nc,ok,R2022.0,2022-07-25T19:35:36.000Z,2010-01-01T00:25:01.000Z,2010-02-01T02:09:59.000Z
2010-02-01,AQUA_MODIS.20100201_20100228.L3m.MO.CHL.chlor_a.4km.nc,https://obdaac-tea.earthdatacloud.nasa.gov/ob-cumulus-prod-public/AQUA_MODIS.20100201_20100228.L3m.MO.CHL.chlor_a.4km.nc,G3517814084-OB_CLOUD,D:\thesis\data\raw\chla\MODISA_2022.0_4km_monthly\2010\AQUA_MODIS.20100201_20100228.L3m.MO.CHL.chlor_a.4km.nc,ok,R2022.0,2022-07-25T19:36:13.000Z,2010-02-01T00:20:01.000Z,2010-03-01T02:40:00.000Z
2010-03-01,AQUA_MODIS.20100301_20100331.L3m.MO.CHL.chlor_a.4km.nc,https://obdaac-tea.earthdatacloud.nasa.gov/ob-cumulus-prod-public/AQUA_MODIS.20100301_20100331.L3m.MO.CHL.chlor_a.4km.nc,G3516102323-OB_CLOUD,D:\thesis\data\raw\chla\MODISA_2022.0_4km_monthly\2010\AQUA_MODIS.20100301_20100331.L3m.MO.CHL.chlor_a.4km.nc,ok,R2022.0,2022-07-25T19:36:59.000Z,2010-03-01T00:10:01.000Z,2010-04-01T03:00:00.000Z
2010-04-01,AQUA_MODIS.20100401_20100430.L3m.MO.CHL.chlor_a.4km.nc,https://obdaac-tea.earthdatacloud.nasa.gov/ob-cumulus-prod-public/AQUA_MODIS.20100401_20100430.L3m.MO.CHL.chlor_a.4km.nc,G3509015708-OB_CLOUD,D:\thesis\data\raw\chla\MODISA_2022.0_4km_monthly\2010\AQUA_MODIS.20100401_20100430.L3m.MO.CHL.chlor_a.4km.nc,ok,R2022.0,2022-07-25T19:36:44.000Z,2010-04-01T00:00:00.000Z,2010-05-01T02:09:59.000Z
2010-05-01,AQUA_MODIS.20100501_20100531.L3m.MO.CHL.chlor_a.4km.nc,https://obdaac-tea.earthdatacloud.nasa.gov/ob-cumulus-prod-public/AQUA_MODIS.20100501_20100531.L3m.MO.CHL.chlor_a.4km.nc,G3515631386-OB_CLOUD,D:\thesis\data\raw\chla\MODISA_2022.0_4km_monthly\2010\AQUA_MODIS.20100501_20100531.L3m.MO.CHL.chlor_a.4km.nc,ok,R2022.0,2022-07-25T19:36:56.000Z,2010-05-01T00:15:01.000Z,2010-06-01T02:34:59.000Z
2010-06-01,AQUA_MODIS.20100601_20100630.L3m.MO.CHL.chlor_a.4km.nc,https://obdaac-tea.earthdatacloud.nasa.gov/ob-cumulus-prod-public/AQUA_MODIS.20100601_20100630.L3m.MO.CHL.chlor_a.4km.nc,G3513897744-OB_CLOUD,D:\thesis\data\raw\chla\MODISA_2022.0_4km_monthly\2010\AQUA_MODIS.20100601_20100630.L3m.MO.CHL.chlor_a.4km.nc,ok,R2022.0,2022-07-25T19:36:44.000Z,2010-06-01T00:55:01.000Z,2010-07-01T02:44:59.000Z
2010-07-01,AQUA_MODIS.20100701_20100731.L3m.MO.CHL.chlor_a.4km.nc,https://obdaac-tea.earthdatacloud.nasa.gov/ob-cumulus-prod-public/AQUA_MODIS.20100701_20100731.L3m.MO.CHL.chlor_a.4km.nc,G3520328813-OB_CLOUD,D:\thesis\data\raw\chla\MODISA_2022.0_4km_monthly\2010\AQUA_MODIS.20100701_20100731.L3m.MO.CHL.chlor_a.4km.nc,ok,R2022.0,2022-07-25T19:36:30.000Z,2010-07-01T01:05:00.000Z,2010-08-01T02:34:59.000Z
2010-08-01,AQUA_MODIS.20100801_20100831.L3m.MO.CHL.chlor_a.4km.nc,https://obdaac-tea.earthdatacloud.nasa.gov/ob-cumulus-prod-public/AQUA_MODIS.20100801_20100831.L3m.MO.CHL.chlor_a.4km.nc,G3509015833-OB_CLOUD,D:\thesis\data\raw\chla\MODISA_2022.0_4km_monthly\2010\AQUA_MODIS.20100801_20100831.L3m.MO.CHL.chlor_a.4km.nc,ok,R2022.0,2022-07-25T19:36:15.000Z,2010-08-01T00:30:01.000Z,2010-09-01T02:54:59.000Z
2010-09-01,AQUA_MODIS.20100901_20100930.L3m.MO.CHL.chlor_a.4km.nc,https://obdaac-tea.earthdatacloud.nasa.gov/ob-cumulus-prod-public/AQUA_MODIS.20100901_20100930.L3m.MO.CHL.chlor_a.4km.nc,G3512166217-OB_CLOUD,D:\thesis\data\raw\chla\MODISA_2022.0_4km_monthly\2010\AQUA_MODIS.20100901_20100930.L3m.MO.CHL.chlor_a.4km.nc,ok,R2022.0,2022-07-25T19:37:29.000Z,2010-09-01T00:00:01.000Z,2010-10-01T02:59:59.000Z
2010-10-01,AQUA_MODIS.20101001_20101031.L3m.MO.CHL.chlor_a.4km.nc,https://obdaac-tea.earthdatacloud.nasa.gov/ob-cumulus-prod-public/AQUA_MODIS.20101001_20101031.L3m.MO.CHL.chlor_a.4km.nc,G3511326715-OB_CLOUD,D:\thesis\data\raw\chla\MODISA_2022.0_4km_monthly\2010\AQUA_MODIS.20101001_20101031.L3m.MO.CHL.chlor_a.4km.nc,ok,R2022.0,2022-07-25T19:37:23.000Z,2010-10-01T00:05:01.000Z,2010-11-01T02:29:59.000Z
2010-11-01,AQUA_MODIS.20101101_20101130.L3m.MO.CHL.chlor_a.4km.nc,https://obdaac-tea.earthdatacloud.nasa.gov/ob-cumulus-prod-public/AQUA_MODIS.20101101_20101130.L3m.MO.CHL.chlor_a.4km.nc,G3509100580-OB_CLOUD,D:\thesis\data\raw\chla\MODISA_2022.0_4km_monthly\2010\AQUA_MODIS.20101101_20101130.L3m.MO.CHL.chlor_a.4km.nc,ok,R2022.0,2022-07-25T19:37:18.000Z,2010-11-01T00:25:01.000Z,2010-12-01T02:39:59.000Z
2010-12-01,AQUA_MODIS.20101201_20101231.L3m.MO.CHL.chlor_a.4km.nc,https://obdaac-tea.earthdatacloud.nasa.gov/ob-cumulus-prod-public/AQUA_MODIS.20101201_20101231.L3m.MO.CHL.chlor_a.4km.nc,G3516039554-OB_CLOUD,D:\thesis\data\raw\chla\MODISA_2022.0_4km_monthly\2010\AQUA_MODIS.20101201_20101231.L3m.MO.CHL.chlor_a.4km.nc,ok,R2022.0,2022-07-25T19:36:07.000Z,2010-12-01T00:35:01.000Z,2011-01-01T02:09:59.000Z
2011-01-01,AQUA_MODIS.20110101_20110131.L3m.MO.CHL.chlor_a.4km.nc,https://obdaac-tea.earthdatacloud.nasa.gov/ob-cumulus-prod-public/AQUA_MODIS.20110101_20110131.L3m.MO.CHL.chlor_a.4km.nc,G3509016112-OB_CLOUD,D:\thesis\data\raw\chla\MODISA_2022.0_4km_monthly\2011\AQUA_MODIS.20110101_20110131.L3m.MO.CHL.chlor_a.4km.nc,ok,R2022.0,2022-07-25T19:37:18.000Z,2011-01-01T00:25:01.000Z,2011-02-01T02:49:59.000Z
2011-02-01,AQUA_MODIS.20110201_20110228.L3m.MO.CHL.chlor_a.4km.nc,https://obdaac-tea.earthdatacloud.nasa.gov/ob-cumulus-prod-public/AQUA_MODIS.20110201_20110228.L3m.MO.CHL.chlor_a.4km.nc,G3511327413-OB_CLOUD,D:\thesis\data\raw\chla\MODISA_2022.0_4km_monthly\2011\AQUA_MODIS.20110201_20110228.L3m.MO.CHL.chlor_a.4km.nc,ok,R2022.0,2022-07-25T19:37:18.000Z,2011-02-01T00:50:00.000Z,2011-03-01T02:59:59.000Z
2011-03-01,AQUA_MODIS.20110301_20110331.L3m.MO.CHL.chlor_a.4km.nc,https://obdaac-tea.earthdatacloud.nasa.gov/ob-cumulus-prod-public/AQUA_MODIS.20110301_20110331.L3m.MO.CHL.chlor_a.4km.nc,G3509016236-OB_CLOUD,D:\thesis\data\raw\chla\MODISA_2022.0_4km_monthly\2011\AQUA_MODIS.20110301_20110331.L3m.MO.CHL.chlor_a.4km.nc,ok,R2022.0,2022-07-25T19:36:32.000Z,2011-03-01T00:10:01.000Z,2011-04-01T03:00:00.000Z
2011-04-01,AQUA_MODIS.20110401_20110430.L3m.MO.CHL.chlor_a.4km.nc,https://obdaac-tea.earthdatacloud.nasa.gov/ob-cumulus-prod-public/AQUA_MODIS.20110401_20110430.L3m.MO.CHL.chlor_a.4km.nc,G3512762135-OB_CLOUD,D:\thesis\data\raw\chla\MODISA_2022.0_4km_monthly\2011\AQUA_MODIS.20110401_20110430.L3m.MO.CHL.chlor_a.4km.nc,ok,R2022.0,2022-07-25T19:37:23.000Z,2011-04-01T00:30:01.000Z,2011-05-01T02:45:00.000Z
2011-05-01,AQUA_MODIS.20110501_20110531.L3m.MO.CHL.chlor_a.4km.nc,https://obdaac-tea.earthdatacloud.nasa.gov/ob-cumulus-prod-public/AQUA_MODIS.20110501_20110531.L3m.MO.CHL.chlor_a.4km.nc,G3516146383-OB_CLOUD,D:\thesis\data\raw\chla\MODISA_2022.0_4km_monthly\2011\AQUA_MODIS.20110501_20110531.L3m.MO.CHL.chlor_a.4km.nc,ok,R2022.0,2022-07-25T19:37:08.000Z,2011-05-01T01:00:00.000Z,2011-06-01T02:29:59.000Z
2011-06-01,AQUA_MODIS.20110601_20110630.L3m.MO.CHL.chlor_a.4km.nc,https://obdaac-tea.earthdatacloud.nasa.gov/ob-cumulus-prod-public/AQUA_MODIS.20110601_20110630.L3m.MO.CHL.chlor_a.4km.nc,G3512043832-OB_CLOUD,D:\thesis\data\raw\chla\MODISA_2022.0_4km_monthly\2011\AQUA_MODIS.20110601_20110630.L3m.MO.CHL.chlor_a.4km.nc,ok,R2022.0,2022-07-25T19:36:54.000Z,2011-06-01T00:30:00.000Z,2011-07-01T02:44:59.000Z
2011-07-01,AQUA_MODIS.20110701_20110731.L3m.MO.CHL.chlor_a.4km.nc,https://obdaac-tea.earthdatacloud.nasa.gov/ob-cumulus-prod-public/AQUA_MODIS.20110701_20110731.L3m.MO.CHL.chlor_a.4km.nc,G3509016357-OB_CLOUD,D:\thesis\data\raw\chla\MODISA_2022.0_4km_monthly\2011\AQUA_MODIS.20110701_20110731.L3m.MO.CHL.chlor_a.4km.nc,ok,R2022.0,2022-07-25T19:36:39.000Z,2011-07-01T00:40:01.000Z,2011-08-01T02:59:59.000Z
2011-08-01,AQUA_MODIS.20110801_20110831.L3m.MO.CHL.chlor_a.4km.nc,https://obdaac-tea.earthdatacloud.nasa.gov/ob-cumulus-prod-public/AQUA_MODIS.20110801_20110831.L3m.MO.CHL.chlor_a.4km.nc,G3509016405-OB_CLOUD,D:\thesis\data\raw\chla\MODISA_2022.0_4km_monthly\2011\AQUA_MODIS.20110801_20110831.L3m.MO.CHL.chlor_a.4km.nc,ok,R2022.0,2022-07-25T19:36:39.000Z,2011-08-01T00:05:01.000Z,2011-09-01T02:54:59.000Z
2011-09-01,AQUA_MODIS.20110901_20110930.L3m.MO.CHL.chlor_a.4km.nc,https://obdaac-tea.earthdatacloud.nasa.gov/ob-cumulus-prod-public/AQUA_MODIS.20110901_20110930.L3m.MO.CHL.chlor_a.4km.nc,G3509016431-OB_CLOUD,D:\thesis\data\raw\chla\MODISA_2022.0_4km_monthly\2011\AQUA_MODIS.20110901_20110930.L3m.MO.CHL.chlor_a.4km.nc,ok,R2022.0,2022-07-25T19:37:08.000Z,2011-09-01T00:50:00.000Z,2011-10-01T02:35:00.000Z
2011-10-01,AQUA_MODIS.20111001_20111031.L3m.MO.CHL.chlor_a.4km.nc,https://obdaac-tea.earthdatacloud.nasa.gov/ob-cumulus-prod-public/AQUA_MODIS.20111001_20111031.L3m.MO.CHL.chlor_a.4km.nc,G3515062224-OB_CLOUD,D:\thesis\data\raw\chla\MODISA_2022.0_4km_monthly\2011\AQUA_MODIS.20111001_20111031.L3m.MO.CHL.chlor_a.4km.nc,ok,R2022.0,2022-07-25T19:37:29.000Z,2011-10-01T00:35:00.000Z,2011-11-01T02:10:00.000Z
2011-11-01,AQUA_MODIS.20111101_20111130.L3m.MO.CHL.chlor_a.4km.nc,https://obdaac-tea.earthdatacloud.nasa.gov/ob-cumulus-prod-public/AQUA_MODIS.20111101_20111130.L3m.MO.CHL.chlor_a.4km.nc,G3509016483-OB_CLOUD,D:\thesis\data\raw\chla\MODISA_2022.0_4km_monthly\2011\AQUA_MODIS.20111101_20111130.L3m.MO.CHL.chlor_a.4km.nc,ok,R2022.0,2022-07-25T19:37:08.000Z,2011-11-01T00:25:01.000Z,2011-12-01T02:15:00.000Z
2011-12-01,AQUA_MODIS.20111201_20111231.L3m.MO.CHL.chlor_a.4km.nc,https://obdaac-tea.earthdatacloud.nasa.gov/ob-cumulus-prod-public/AQUA_MODIS.20111201_20111231.L3m.MO.CHL.chlor_a.4km.nc,G3515944243-OB_CLOUD,D:\thesis\data\raw\chla\MODISA_2022.0_4km_monthly\2011\AQUA_MODIS.20111201_20111231.L3m.MO.CHL.chlor_a.4km.nc,ok,R2022.0,2022-07-25T19:36:32.000Z,2011-12-01T00:05:00.000Z,2012-01-01T02:59:59.000Z
2012-01-01,AQUA_MODIS.20120101_20120131.L3m.MO.CHL.chlor_a.4km.nc,https://obdaac-tea.earthdatacloud.nasa.gov/ob-cumulus-prod-public/AQUA_MODIS.20120101_20120131.L3m.MO.CHL.chlor_a.4km.nc,G3512166928-OB_CLOUD,D:\thesis\data\raw\chla\MODISA_2022.0_4km_monthly\2012\AQUA_MODIS.20120101_20120131.L3m.MO.CHL.chlor_a.4km.nc,ok,R2022.0,2022-07-25T19:37:29.000Z,2012-01-01T00:00:00.000Z,2012-02-01T02:25:00.000Z
2012-02-01,AQUA_MODIS.20120201_20120229.L3m.MO.CHL.chlor_a.4km.nc,https://obdaac-tea.earthdatacloud.nasa.gov/ob-cumulus-prod-public/AQUA_MODIS.20120201_20120229.L3m.MO.CHL.chlor_a.4km.nc,G3515888043-OB_CLOUD,D:\thesis\data\raw\chla\MODISA_2022.0_4km_monthly\2012\AQUA_MODIS.20120201_20120229.L3m.MO.CHL.chlor_a.4km.nc,ok,R2022.0,2022-07-25T19:36:39.000Z,2012-02-01T00:15:01.000Z,2012-03-01T02:19:59.000Z
2012-03-01,AQUA_MODIS.20120301_20120331.L3m.MO.CHL.chlor_a.4km.nc,https://obdaac-tea.earthdatacloud.nasa.gov/ob-cumulus-prod-public/AQUA_MODIS.20120301_20120331.L3m.MO.CHL.chlor_a.4km.nc,G3515944203-OB_CLOUD,D:\thesis\data\raw\chla\MODISA_2022.0_4km_monthly\2012\AQUA_MODIS.20120301_20120331.L3m.MO.CHL.chlor_a.4km.nc,ok,R2022.0,2022-07-25T19:37:08.000Z,2012-03-01T00:20:01.000Z,2012-04-01T02:44:59.000Z
2012-04-01,AQUA_MODIS.20120401_20120430.L3m.MO.CHL.chlor_a.4km.nc,https://obdaac-tea.earthdatacloud.nasa.gov/ob-cumulus-prod-public/AQUA_MODIS.20120401_20120430.L3m.MO.CHL.chlor_a.4km.nc,G3512102320-OB_CLOUD,D:\thesis\data\raw\chla\MODISA_2022.0_4km_monthly\2012\AQUA_MODIS.20120401_20120430.L3m.MO.CHL.chlor_a.4km.nc,ok,R2022.0,2022-07-25T19:36:32.000Z,2012-04-01T00:45:01.000Z,2012-05-01T02:55:00.000Z
2012-05-01,AQUA_MODIS.20120501_20120531.L3m.MO.CHL.chlor_a.4km.nc,https://obdaac-tea.earthdatacloud.nasa.gov/ob-cumulus-prod-public/AQUA_MODIS.20120501_20120531.L3m.MO.CHL.chlor_a.4km.nc,G3509016678-OB_CLOUD,D:\thesis\data\raw\chla\MODISA_2022.0_4km_monthly\2012\AQUA_MODIS.20120501_20120531.L3m.MO.CHL.chlor_a.4km.nc,ok,R2022.0,2022-07-25T19:37:08.000Z,2012-05-01T00:00:01.000Z,2012-06-01T02:44:59.000Z
2012-06-01,AQUA_MODIS.20120601_20120630.L3m.MO.CHL.chlor_a.4km.nc,https://obdaac-tea.earthdatacloud.nasa.gov/ob-cumulus-prod-public/AQUA_MODIS.20120601_20120630.L3m.MO.CHL.chlor_a.4km.nc,G3514138275-OB_CLOUD,D:\thesis\data\raw\chla\MODISA_2022.0_4km_monthly\2012\AQUA_MODIS.20120601_20120630.L3m.MO.CHL.chlor_a.4km.nc,ok,R2022.0,2022-07-25T19:37:18.000Z,2012-06-01T00:40:01.000Z,2012-07-01T02:54:59.000Z
2012-07-01,AQUA_MODIS.20120701_20120731.L3m.MO.CHL.chlor_a.4km.nc,https://obdaac-tea.earthdatacloud.nasa.gov/ob-cumulus-prod-public/AQUA_MODIS.20120701_20120731.L3m.MO.CHL.chlor_a.4km.nc,G3512044046-OB_CLOUD,D:\thesis\data\raw\chla\MODISA_2022.0_4km_monthly\2012\AQUA_MODIS.20120701_20120731.L3m.MO.CHL.chlor_a.4km.nc,ok,R2022.0,2022-07-25T19:37:18.000Z,2012-07-01T00:50:01.000Z,2012-08-01T02:14:59.000Z
2012-08-01,AQUA_MODIS.20120801_20120831.L3m.MO.CHL.chlor_a.4km.nc,https://obdaac-tea.earthdatacloud.nasa.gov/ob-cumulus-prod-public/AQUA_MODIS.20120801_20120831.L3m.MO.CHL.chlor_a.4km.nc,G3509016846-OB_CLOUD,D:\thesis\data\raw\chla\MODISA_2022.0_4km_monthly\2012\AQUA_MODIS.20120801_20120831.L3m.MO.CHL.chlor_a.4km.nc,ok,R2022.0,2022-07-25T19:37:23.000Z,2012-08-01T00:15:01.000Z,2012-09-01T02:39:59.000Z
2012-09-01,AQUA_MODIS.20120901_20120930.L3m.MO.CHL.chlor_a.4km.nc,https://obdaac-tea.earthdatacloud.nasa.gov/ob-cumulus-prod-public/AQUA_MODIS.20120901_20120930.L3m.MO.CHL.chlor_a.4km.nc,G3516146512-OB_CLOUD,D:\thesis\data\raw\chla\MODISA_2022.0_4km_monthly\2012\AQUA_MODIS.20120901_20120930.L3m.MO.CHL.chlor_a.4km.nc,ok,R2022.0,2022-07-25T19:37:01.000Z,2012-09-01T00:40:01.000Z,2012-10-01T02:49:59.000Z
2012-10-01,AQUA_MODIS.20121001_20121031.L3m.MO.CHL.chlor_a.4km.nc,https://obdaac-tea.earthdatacloud.nasa.gov/ob-cumulus-prod-public/AQUA_MODIS.20121001_20121031.L3m.MO.CHL.chlor_a.4km.nc,G3509016921-OB_CLOUD,D:\thesis\data\raw\chla\MODISA_2022.0_4km_monthly\2012\AQUA_MODIS.20121001_20121031.L3m.MO.CHL.chlor_a.4km.nc,ok,R2022.0,2022-07-25T19:36:41.000Z,2012-10-01T00:00:01.000Z,2012-11-01T02:14:59.000Z
2012-11-01,AQUA_MODIS.20121101_20121130.L3m.MO.CHL.chlor_a.4km.nc,https://obdaac-tea.earthdatacloud.nasa.gov/ob-cumulus-prod-public/AQUA_MODIS.20121101_20121130.L3m.MO.CHL.chlor_a.4km.nc,G3516146541-OB_CLOUD,D:\thesis\data\raw\chla\MODISA_2022.0_4km_monthly\2012\AQUA_MODIS.20121101_20121130.L3m.MO.CHL.chlor_a.4km.nc,ok,R2022.0,2022-07-25T19:37:13.000Z,2012-11-01T00:05:01.000Z,2012-12-01T02:24:59.000Z
2012-12-01,AQUA_MODIS.20121201_20121231.L3m.MO.CHL.chlor_a.4km.nc,https://obdaac-tea.earthdatacloud.nasa.gov/ob-cumulus-prod-public/AQUA_MODIS.20121201_20121231.L3m.MO.CHL.chlor_a.4km.nc,G3517122688-OB_CLOUD,D:\thesis\data\raw\chla\MODISA_2022.0_4km_monthly\2012\AQUA_MODIS.20121201_20121231.L3m.MO.CHL.chlor_a.4km.nc,ok,R2022.0,2022-07-25T19:35:42.000Z,2012-12-01T00:15:01.000Z,2013-01-01T02:59:59.000Z
2013-01-01,AQUA_MODIS.20130101_20130131.L3m.MO.CHL.chlor_a.4km.nc,https://obdaac-tea.earthdatacloud.nasa.gov/ob-cumulus-prod-public/AQUA_MODIS.20130101_20130131.L3m.MO.CHL.chlor_a.4km.nc,G3509017444-OB_CLOUD,D:\thesis\data\raw\chla\MODISA_2022.0_4km_monthly\2013\AQUA_MODIS.20130101_20130131.L3m.MO.CHL.chlor_a.4km.nc,ok,R2022.0,2022-07-25T19:36:41.000Z,2013-01-01T00:10:01.000Z,2013-02-01T02:34:59.000Z
2013-02-01,AQUA_MODIS.20130201_20130228.L3m.MO.CHL.chlor_a.4km.nc,https://obdaac-tea.earthdatacloud.nasa.gov/ob-cumulus-prod-public/AQUA_MODIS.20130201_20130228.L3m.MO.CHL.chlor_a.4km.nc,G3516292062-OB_CLOUD,D:\thesis\data\raw\chla\MODISA_2022.0_4km_monthly\2013\AQUA_MODIS.20130201_20130228.L3m.MO.CHL.chlor_a.4km.nc,ok,R2022.0,2022-07-25T19:37:13.000Z,2013-02-01T00:30:00.000Z,2013-03-01T02:54:59.000Z
2013-03-01,AQUA_MODIS.20130301_20130331.L3m.MO.CHL.chlor_a.4km.nc,https://obdaac-tea.earthdatacloud.nasa.gov/ob-cumulus-prod-public/AQUA_MODIS.20130301_20130331.L3m.MO.CHL.chlor_a.4km.nc,G3515944137-OB_CLOUD,D:\thesis\data\raw\chla\MODISA_2022.0_4km_monthly\2013\AQUA_MODIS.20130301_20130331.L3m.MO.CHL.chlor_a.4km.nc,ok,R2022.0,2022-07-25T19:37:01.000Z,2013-03-01T00:00:01.000Z,2013-04-01T02:45:00.000Z
2013-04-01,AQUA_MODIS.20130401_20130430.L3m.MO.CHL.chlor_a.4km.nc,https://obdaac-tea.earthdatacloud.nasa.gov/ob-cumulus-prod-public/AQUA_MODIS.20130401_20130430.L3m.MO.CHL.chlor_a.4km.nc,G3509017549-OB_CLOUD,D:\thesis\data\raw\chla\MODISA_2022.0_4km_monthly\2013\AQUA_MODIS.20130401_20130430.L3m.MO.CHL.chlor_a.4km.nc,ok,R2022.0,2022-07-25T19:37:13.000Z,2013-04-01T00:15:01.000Z,2013-05-01T02:59:59.000Z
2013-05-01,AQUA_MODIS.20130501_20130531.L3m.MO.CHL.chlor_a.4km.nc,https://obdaac-tea.earthdatacloud.nasa.gov/ob-cumulus-prod-public/AQUA_MODIS.20130501_20130531.L3m.MO.CHL.chlor_a.4km.nc,G3516102922-OB_CLOUD,D:\thesis\data\raw\chla\MODISA_2022.0_4km_monthly\2013\AQUA_MODIS.20130501_20130531.L3m.MO.CHL.chlor_a.4km.nc,ok,R2022.0,2022-07-25T19:36:36.000Z,2013-05-01T00:50:01.000Z,2013-06-01T02:15:00.000Z
2013-06-01,AQUA_MODIS.20130601_20130630.L3m.MO.CHL.chlor_a.4km.nc,https://obdaac-tea.earthdatacloud.nasa.gov/ob-cumulus-prod-public/AQUA_MODIS.20130601_20130630.L3m.MO.CHL.chlor_a.4km.nc,G3509017603-OB_CLOUD,D:\thesis\data\raw\chla\MODISA_2022.0_4km_monthly\2013\AQUA_MODIS.20130601_20130630.L3m.MO.CHL.chlor_a.4km.nc,ok,R2022.0,2022-07-25T19:37:01.000Z,2013-06-01T00:15:00.000Z,2013-07-01T02:24:59.000Z
2013-07-01,AQUA_MODIS.20130701_20130731.L3m.MO.CHL.chlor_a.4km.nc,https://obdaac-tea.earthdatacloud.nasa.gov/ob-cumulus-prod-public/AQUA_MODIS.20130701_20130731.L3m.MO.CHL.chlor_a.4km.nc,G3509017605-OB_CLOUD,D:\thesis\data\raw\chla\MODISA_2022.0_4km_monthly\2013\AQUA_MODIS.20130701_20130731.L3m.MO.CHL.chlor_a.4km.nc,ok,R2022.0,2022-07-25T19:37:01.000Z,2013-07-01T00:25:01.000Z,2013-08-01T02:49:59.000Z
2013-08-01,AQUA_MODIS.20130801_20130831.L3m.MO.CHL.chlor_a.4km.nc,https://obdaac-tea.earthdatacloud.nasa.gov/ob-cumulus-prod-public/AQUA_MODIS.20130801_20130831.L3m.MO.CHL.chlor_a.4km.nc,G3520372273-OB_CLOUD,D:\thesis\data\raw\chla\MODISA_2022.0_4km_monthly\2013\AQUA_MODIS.20130801_20130831.L3m.MO.CHL.chlor_a.4km.nc,ok,R2022.0,2022-07-25T19:37:13.000Z,2013-08-01T00:00:01.000Z,2013-09-01T02:40:00.000Z
2013-09-01,AQUA_MODIS.20130901_20130930.L3m.MO.CHL.chlor_a.4km.nc,https://obdaac-tea.earthdatacloud.nasa.gov/ob-cumulus-prod-public/AQUA_MODIS.20130901_20130930.L3m.MO.CHL.chlor_a.4km.nc,G3516039597-OB_CLOUD,D:\thesis\data\raw\chla\MODISA_2022.0_4km_monthly\2013\AQUA_MODIS.20130901_20130930.L3m.MO.CHL.chlor_a.4km.nc,ok,R2022.0,2022-07-25T19:37:01.000Z,2013-09-01T00:35:00.000Z,2013-10-01T02:49:59.000Z
2013-10-01,AQUA_MODIS.20131001_20131031.L3m.MO.CHL.chlor_a.4km.nc,https://obdaac-tea.earthdatacloud.nasa.gov/ob-cumulus-prod-public/AQUA_MODIS.20131001_20131031.L3m.MO.CHL.chlor_a.4km.nc,G3514138422-OB_CLOUD,D:\thesis\data\raw\chla\MODISA_2022.0_4km_monthly\2013\AQUA_MODIS.20131001_20131031.L3m.MO.CHL.chlor_a.4km.nc,ok,R2022.0,2022-07-25T19:37:01.000Z,2013-10-01T00:20:01.000Z,2013-11-01T03:00:00.000Z
2013-11-01,AQUA_MODIS.20131101_20131130.L3m.MO.CHL.chlor_a.4km.nc,https://obdaac-tea.earthdatacloud.nasa.gov/ob-cumulus-prod-public/AQUA_MODIS.20131101_20131130.L3m.MO.CHL.chlor_a.4km.nc,G3512167548-OB_CLOUD,D:\thesis\data\raw\chla\MODISA_2022.0_4km_monthly\2013\AQUA_MODIS.20131101_20131130.L3m.MO.CHL.chlor_a.4km.nc,ok,R2022.0,2022-07-25T19:37:01.000Z,2013-11-01T00:10:00.000Z,2013-12-01T02:04:59.000Z
2013-12-01,AQUA_MODIS.20131201_20131231.L3m.MO.CHL.chlor_a.4km.nc,https://obdaac-tea.earthdatacloud.nasa.gov/ob-cumulus-prod-public/AQUA_MODIS.20131201_20131231.L3m.MO.CHL.chlor_a.4km.nc,G3515450615-OB_CLOUD,D:\thesis\data\raw\chla\MODISA_2022.0_4km_monthly\2013\AQUA_MODIS.20131201_20131231.L3m.MO.CHL.chlor_a.4km.nc,ok,R2022.0,2022-07-25T19:36:09.000Z,2013-12-01T00:20:00.000Z,2014-01-01T02:44:59.000Z
2014-01-01,AQUA_MODIS.20140101_20140131.L3m.MO.CHL.chlor_a.4km.nc,https://obdaac-tea.earthdatacloud.nasa.gov/ob-cumulus-prod-public/AQUA_MODIS.20140101_20140131.L3m.MO.CHL.chlor_a.4km.nc,G3516146789-OB_CLOUD,D:\thesis\data\raw\chla\MODISA_2022.0_4km_monthly\2014\AQUA_MODIS.20140101_20140131.L3m.MO.CHL.chlor_a.4km.nc,ok,R2022.0,2022-07-25T19:37:13.000Z,2014-01-01T00:45:01.000Z,2014-02-01T02:10:00.000Z
2014-02-01,AQUA_MODIS.20140201_20140228.L3m.MO.CHL.chlor_a.4km.nc,https://obdaac-tea.earthdatacloud.nasa.gov/ob-cumulus-prod-public/AQUA_MODIS.20140201_20140228.L3m.MO.CHL.chlor_a.4km.nc,G3509017743-OB_CLOUD,D:\thesis\data\raw\chla\MODISA_2022.0_4km_monthly\2014\AQUA_MODIS.20140201_20140228.L3m.MO.CHL.chlor_a.4km.nc,ok,R2022.0,2022-07-25T19:36:41.000Z,2014-02-01T00:00:00.000Z,2014-03-01T02:29:59.000Z
2014-03-01,AQUA_MODIS.20140301_20140331.L3m.MO.CHL.chlor_a.4km.nc,https://obdaac-tea.earthdatacloud.nasa.gov/ob-cumulus-prod-public/AQUA_MODIS.20140301_20140331.L3m.MO.CHL.chlor_a.4km.nc,G3509017759-OB_CLOUD,D:\thesis\data\raw\chla\MODISA_2022.0_4km_monthly\2014\AQUA_MODIS.20140301_20140331.L3m.MO.CHL.chlor_a.4km.nc,ok,R2022.0,2022-07-25T19:37:13.000Z,2014-03-01T00:25:01.000Z,2014-04-01T02:14:59.000Z
2014-04-01,AQUA_MODIS.20140401_20140430.L3m.MO.CHL.chlor_a.4km.nc,https://obdaac-tea.earthdatacloud.nasa.gov/ob-cumulus-prod-public/AQUA_MODIS.20140401_20140430.L3m.MO.CHL.chlor_a.4km.nc,G3512044258-OB_CLOUD,D:\thesis\data\raw\chla\MODISA_2022.0_4km_monthly\2014\AQUA_MODIS.20140401_20140430.L3m.MO.CHL.chlor_a.4km.nc,ok,R2022.0,2022-07-25T19:37:13.000Z,2014-04-01T00:15:01.000Z,2014-05-01T02:25:00.000Z
2014-05-01,AQUA_MODIS.20140501_20140531.L3m.MO.CHL.chlor_a.4km.nc,https://obdaac-tea.earthdatacloud.nasa.gov/ob-cumulus-prod-public/AQUA_MODIS.20140501_20140531.L3m.MO.CHL.chlor_a.4km.nc,G3518547602-OB_CLOUD,D:\thesis\data\raw\chla\MODISA_2022.0_4km_monthly\2014\AQUA_MODIS.20140501_20140531.L3m.MO.CHL.chlor_a.4km.nc,ok,R2022.0,2022-07-25T19:37:33.000Z,2014-05-01T00:25:00.000Z,2014-06-01T02:50:00.000Z
2014-06-01,AQUA_MODIS.20140601_20140630.L3m.MO.CHL.chlor_a.4km.nc,https://obdaac-tea.earthdatacloud.nasa.gov/ob-cumulus-prod-public/AQUA_MODIS.20140601_20140630.L3m.MO.CHL.chlor_a.4km.nc,G3512044242-OB_CLOUD,D:\thesis\data\raw\chla\MODISA_2022.0_4km_monthly\2014\AQUA_MODIS.20140601_20140630.L3m.MO.CHL.chlor_a.4km.nc,ok,R2022.0,2022-07-25T19:36:36.000Z,2014-06-01T00:00:00.000Z,2014-07-01T03:00:00.000Z
2014-07-01,AQUA_MODIS.20140701_20140731.L3m.MO.CHL.chlor_a.4km.nc,https://obdaac-tea.earthdatacloud.nasa.gov/ob-cumulus-prod-public/AQUA_MODIS.20140701_20140731.L3m.MO.CHL.chlor_a.4km.nc,G3509017785-OB_CLOUD,D:\thesis\data\raw\chla\MODISA_2022.0_4km_monthly\2014\AQUA_MODIS.20140701_20140731.L3m.MO.CHL.chlor_a.4km.nc,ok,R2022.0,2022-07-25T19:37:01.000Z,2014-07-01T00:00:00.000Z,2014-08-01T02:49:59.000Z
2014-08-01,AQUA_MODIS.20140801_20140831.L3m.MO.CHL.chlor_a.4km.nc,https://obdaac-tea.earthdatacloud.nasa.gov/ob-cumulus-prod-public/AQUA_MODIS.20140801_20140831.L3m.MO.CHL.chlor_a.4km.nc,G3509017806-OB_CLOUD,D:\thesis\data\raw\chla\MODISA_2022.0_4km_monthly\2014\AQUA_MODIS.20140801_20140831.L3m.MO.CHL.chlor_a.4km.nc,ok,R2022.0,2022-07-25T19:37:13.000Z,2014-08-01T00:45:01.000Z,2014-09-01T02:59:59.000Z
2014-09-01,AQUA_MODIS.20140901_20140930.L3m.MO.CHL.chlor_a.4km.nc,https://obdaac-tea.earthdatacloud.nasa.gov/ob-cumulus-prod-public/AQUA_MODIS.20140901_20140930.L3m.MO.CHL.chlor_a.4km.nc,G3509017867-OB_CLOUD,D:\thesis\data\raw\chla\MODISA_2022.0_4km_monthly\2014\AQUA_MODIS.20140901_20140930.L3m.MO.CHL.chlor_a.4km.nc,ok,R2022.0,2022-07-25T19:37:14.000Z,2014-09-01T00:10:01.000Z,2014-10-01T02:19:59.000Z
2014-10-01,AQUA_MODIS.20141001_20141031.L3m.MO.CHL.chlor_a.4km.nc,https://obdaac-tea.earthdatacloud.nasa.gov/ob-cumulus-prod-public/AQUA_MODIS.20141001_20141031.L3m.MO.CHL.chlor_a.4km.nc,G3511106901-OB_CLOUD,D:\thesis\data\raw\chla\MODISA_2022.0_4km_monthly\2014\AQUA_MODIS.20141001_20141031.L3m.MO.CHL.chlor_a.4km.nc,ok,R2022.0,2022-07-25T19:37:35.000Z,2014-10-01T00:20:01.000Z,2014-11-01T02:44:59.000Z
2014-11-01,AQUA_MODIS.20141101_20141130.L3m.MO.CHL.chlor_a.4km.nc,https://obdaac-tea.earthdatacloud.nasa.gov/ob-cumulus-prod-public/AQUA_MODIS.20141101_20141130.L3m.MO.CHL.chlor_a.4km.nc,G3511106900-OB_CLOUD,D:\thesis\data\raw\chla\MODISA_2022.0_4km_monthly\2014\AQUA_MODIS.20141101_20141130.L3m.MO.CHL.chlor_a.4km.nc,ok,R2022.0,2022-07-25T19:36:31.000Z,2014-11-01T00:45:01.000Z,2014-12-01T02:54:59.000Z
2014-12-01,AQUA_MODIS.20141201_20141231.L3m.MO.CHL.chlor_a.4km.nc,https://obdaac-tea.earthdatacloud.nasa.gov/ob-cumulus-prod-public/AQUA_MODIS.20141201_20141231.L3m.MO.CHL.chlor_a.4km.nc,G3517814089-OB_CLOUD,D:\thesis\data\raw\chla\MODISA_2022.0_4km_monthly\2014\AQUA_MODIS.20141201_20141231.L3m.MO.CHL.chlor_a.4km.nc,ok,R2022.0,2022-07-25T19:35:39.000Z,2014-12-01T00:00:01.000Z,2015-01-01T02:20:00.000Z
2015-01-01,AQUA_MODIS.20150101_20150131.L3m.MO.CHL.chlor_a.4km.nc,https://obdaac-tea.earthdatacloud.nasa.gov/ob-cumulus-prod-public/AQUA_MODIS.20150101_20150131.L3m.MO.CHL.chlor_a.4km.nc,G3509017923-OB_CLOUD,D:\thesis\data\raw\chla\MODISA_2022.0_4km_monthly\2015\AQUA_MODIS.20150101_20150131.L3m.MO.CHL.chlor_a.4km.nc,ok,R2022.0,2022-07-25T19:37:14.000Z,2015-01-01T00:10:01.000Z,2015-02-01T03:00:00.000Z
2015-02-01,AQUA_MODIS.20150201_20150228.L3m.MO.CHL.chlor_a.4km.nc,https://obdaac-tea.earthdatacloud.nasa.gov/ob-cumulus-prod-public/AQUA_MODIS.20150201_20150228.L3m.MO.CHL.chlor_a.4km.nc,G3516147097-OB_CLOUD,D:\thesis\data\raw\chla\MODISA_2022.0_4km_monthly\2015\AQUA_MODIS.20150201_20150228.L3m.MO.CHL.chlor_a.4km.nc,ok,R2022.0,2022-07-25T19:37:00.000Z,2015-02-01T00:05:00.000Z,2015-03-01T02:24:59.000Z
2015-03-01,AQUA_MODIS.20150301_20150331.L3m.MO.CHL.chlor_a.4km.nc,https://obdaac-tea.earthdatacloud.nasa.gov/ob-cumulus-prod-public/AQUA_MODIS.20150301_20150331.L3m.MO.CHL.chlor_a.4km.nc,G3519150068-OB_CLOUD,D:\thesis\data\raw\chla\MODISA_2022.0_4km_monthly\2015\AQUA_MODIS.20150301_20150331.L3m.MO.CHL.chlor_a.4km.nc,ok,R2022.0,2022-07-25T19:37:01.000Z,2015-03-01T00:25:01.000Z,2015-04-01T02:49:59.000Z
2015-04-01,AQUA_MODIS.20150401_20150430.L3m.MO.CHL.chlor_a.4km.nc,https://obdaac-tea.earthdatacloud.nasa.gov/ob-cumulus-prod-public/AQUA_MODIS.20150401_20150430.L3m.MO.CHL.chlor_a.4km.nc,G3509017930-OB_CLOUD,D:\thesis\data\raw\chla\MODISA_2022.0_4km_monthly\2015\AQUA_MODIS.20150401_20150430.L3m.MO.CHL.chlor_a.4km.nc,ok,R2022.0,2022-07-25T19:36:08.000Z,2015-04-01T00:00:01.000Z,2015-05-01T02:59:59.000Z
2015-05-01,AQUA_MODIS.20150501_20150531.L3m.MO.CHL.chlor_a.4km.nc,https://obdaac-tea.earthdatacloud.nasa.gov/ob-cumulus-prod-public/AQUA_MODIS.20150501_20150531.L3m.MO.CHL.chlor_a.4km.nc,G3512168040-OB_CLOUD,D:\thesis\data\raw\chla\MODISA_2022.0_4km_monthly\2015\AQUA_MODIS.20150501_20150531.L3m.MO.CHL.chlor_a.4km.nc,ok,R2022.0,2022-07-25T19:37:03.000Z,2015-05-01T00:00:01.000Z,2015-06-01T02:49:59.000Z
2015-06-01,AQUA_MODIS.20150601_20150630.L3m.MO.CHL.chlor_a.4km.nc,https://obdaac-tea.earthdatacloud.nasa.gov/ob-cumulus-prod-public/AQUA_MODIS.20150601_20150630.L3m.MO.CHL.chlor_a.4km.nc,G3516779014-OB_CLOUD,D:\thesis\data\raw\chla\MODISA_2022.0_4km_monthly\2015\AQUA_MODIS.20150601_20150630.L3m.MO.CHL.chlor_a.4km.nc,ok,R2022.0,2022-07-25T19:36:14.000Z,2015-06-01T00:45:01.000Z,2015-07-01T02:59:59.000Z
2015-07-01,AQUA_MODIS.20150701_20150731.L3m.MO.CHL.chlor_a.4km.nc,https://obdaac-tea.earthdatacloud.nasa.gov/ob-cumulus-prod-public/AQUA_MODIS.20150701_20150731.L3m.MO.CHL.chlor_a.4km.nc,G3514138555-OB_CLOUD,D:\thesis\data\raw\chla\MODISA_2022.0_4km_monthly\2015\AQUA_MODIS.20150701_20150731.L3m.MO.CHL.chlor_a.4km.nc,ok,R2022.0,2022-07-25T19:36:08.000Z,2015-07-01T00:55:01.000Z,2015-08-01T02:19:59.000Z
2015-08-01,AQUA_MODIS.20150801_20150831.L3m.MO.CHL.chlor_a.4km.nc,https://obdaac-tea.earthdatacloud.nasa.gov/ob-cumulus-prod-public/AQUA_MODIS.20150801_20150831.L3m.MO.CHL.chlor_a.4km.nc,G3509017968-OB_CLOUD,D:\thesis\data\raw\chla\MODISA_2022.0_4km_monthly\2015\AQUA_MODIS.20150801_20150831.L3m.MO.CHL.chlor_a.4km.nc,ok,R2022.0,2022-07-25T19:36:47.000Z,2015-08-01T00:20:01.000Z,2015-09-01T02:44:59.000Z
2015-09-01,AQUA_MODIS.20150901_20150930.L3m.MO.CHL.chlor_a.4km.nc,https://obdaac-tea.earthdatacloud.nasa.gov/ob-cumulus-prod-public/AQUA_MODIS.20150901_20150930.L3m.MO.CHL.chlor_a.4km.nc,G3509017989-OB_CLOUD,D:\thesis\data\raw\chla\MODISA_2022.0_4km_monthly\2015\AQUA_MODIS.20150901_20150930.L3m.MO.CHL.chlor_a.4km.nc,ok,R2022.0,2022-07-25T19:37:00.000Z,2015-09-01T00:45:01.000Z,2015-10-01T02:55:00.000Z
2015-10-01,AQUA_MODIS.20151001_20151031.L3m.MO.CHL.chlor_a.4km.nc,https://obdaac-tea.earthdatacloud.nasa.gov/ob-cumulus-prod-public/AQUA_MODIS.20151001_20151031.L3m.MO.CHL.chlor_a.4km.nc,G3516039648-OB_CLOUD,D:\thesis\data\raw\chla\MODISA_2022.0_4km_monthly\2015\AQUA_MODIS.20151001_20151031.L3m.MO.CHL.chlor_a.4km.nc,ok,R2022.0,2022-07-25T19:37:14.000Z,2015-10-01T00:00:01.000Z,2015-11-01T02:19:59.000Z
2015-11-01,AQUA_MODIS.20151101_20151130.L3m.MO.CHL.chlor_a.4km.nc,https://obdaac-tea.earthdatacloud.nasa.gov/ob-cumulus-prod-public/AQUA_MODIS.20151101_20151130.L3m.MO.CHL.chlor_a.4km.nc,G3512044505-OB_CLOUD,D:\thesis\data\raw\chla\MODISA_2022.0_4km_monthly\2015\AQUA_MODIS.20151101_20151130.L3m.MO.CHL.chlor_a.4km.nc,ok,R2022.0,2022-07-25T19:36:08.000Z,2015-11-01T00:10:01.000Z,2015-12-01T02:29:59.000Z
2015-12-01,AQUA_MODIS.20151201_20151231.L3m.MO.CHL.chlor_a.4km.nc,https://obdaac-tea.earthdatacloud.nasa.gov/ob-cumulus-prod-public/AQUA_MODIS.20151201_20151231.L3m.MO.CHL.chlor_a.4km.nc,G3513897754-OB_CLOUD,D:\thesis\data\raw\chla\MODISA_2022.0_4km_monthly\2015\AQUA_MODIS.20151201_20151231.L3m.MO.CHL.chlor_a.4km.nc,ok,R2022.0,2022-07-25T19:37:00.000Z,2015-12-01T00:25:01.000Z,2016-01-01T02:05:00.000Z
2016-01-01,AQUA_MODIS.20160101_20160131.L3m.MO.CHL.chlor_a.4km.nc,https://obdaac-tea.earthdatacloud.nasa.gov/ob-cumulus-prod-public/AQUA_MODIS.20160101_20160131.L3m.MO.CHL.chlor_a.4km.nc,G3516147337-OB_CLOUD,D:\thesis\data\raw\chla\MODISA_2022.0_4km_monthly\2016\AQUA_MODIS.20160101_20160131.L3m.MO.CHL.chlor_a.4km.nc,ok,R2022.0,2022-07-25T19:36:28.000Z,2016-01-01T00:15:01.000Z,2016-02-01T02:40:00.000Z
2016-02-01,AQUA_MODIS.20160201_20160229.L3m.MO.CHL.chlor_a.4km.nc,https://obdaac-tea.earthdatacloud.nasa.gov/ob-cumulus-prod-public/AQUA_MODIS.20160201_20160229.L3m.MO.CHL.chlor_a.4km.nc,G3509018007-OB_CLOUD,D:\thesis\data\raw\chla\MODISA_2022.0_4km_monthly\2016\AQUA_MODIS.20160201_20160229.L3m.MO.CHL.chlor_a.4km.nc,ok,R2022.0,2022-07-25T19:37:00.000Z,2016-02-01T00:35:00.000Z,2016-03-01T02:34:59.000Z
2016-03-01,AQUA_MODIS.20160301_20160331.L3m.MO.CHL.chlor_a.4km.nc,https://obdaac-tea.earthdatacloud.nasa.gov/ob-cumulus-prod-public/AQUA_MODIS.20160301_20160331.L3m.MO.CHL.chlor_a.4km.nc,G3509018024-OB_CLOUD,D:\thesis\data\raw\chla\MODISA_2022.0_4km_monthly\2016\AQUA_MODIS.20160301_20160331.L3m.MO.CHL.chlor_a.4km.nc,ok,R2022.0,2022-07-25T19:37:20.000Z,2016-03-01T00:05:01.000Z,2016-04-01T02:59:59.000Z
2016-04-01,AQUA_MODIS.20160401_20160430.L3m.MO.CHL.chlor_a.4km.nc,https://obdaac-tea.earthdatacloud.nasa.gov/ob-cumulus-prod-public/AQUA_MODIS.20160401_20160430.L3m.MO.CHL.chlor_a.4km.nc,G3512543035-OB_CLOUD,D:\thesis\data\raw\chla\MODISA_2022.0_4km_monthly\2016\AQUA_MODIS.20160401_20160430.L3m.MO.CHL.chlor_a.4km.nc,ok,R2022.0,2022-07-25T19:36:08.000Z,2016-04-01T00:00:00.000Z,2016-05-01T02:09:59.000Z
2016-05-01,AQUA_MODIS.20160501_20160531.L3m.MO.CHL.chlor_a.4km.nc,https://obdaac-tea.earthdatacloud.nasa.gov/ob-cumulus-prod-public/AQUA_MODIS.20160501_20160531.L3m.MO.CHL.chlor_a.4km.nc,G3516349308-OB_CLOUD,D:\thesis\data\raw\chla\MODISA_2022.0_4km_monthly\2016\AQUA_MODIS.20160501_20160531.L3m.MO.CHL.chlor_a.4km.nc,ok,R2022.0,2022-07-25T19:37:00.000Z,2016-05-01T00:10:01.000Z,2016-06-01T02:59:59.000Z
2016-06-01,AQUA_MODIS.20160601_20160630.L3m.MO.CHL.chlor_a.4km.nc,https://obdaac-tea.earthdatacloud.nasa.gov/ob-cumulus-prod-public/AQUA_MODIS.20160601_20160630.L3m.MO.CHL.chlor_a.4km.nc,G3509018026-OB_CLOUD,D:\thesis\data\raw\chla\MODISA_2022.0_4km_monthly\2016\AQUA_MODIS.20160601_20160630.L3m.MO.CHL.chlor_a.4km.nc,ok,R2022.0,2022-07-25T19:35:20.000Z,2016-06-01T00:55:01.000Z,2016-07-01T02:44:59.000Z
2016-07-01,AQUA_MODIS.20160701_20160731.L3m.MO.CHL.chlor_a.4km.nc,https://obdaac-tea.earthdatacloud.nasa.gov/ob-cumulus-prod-public/AQUA_MODIS.20160701_20160731.L3m.MO.CHL.chlor_a.4km.nc,G3518750041-OB_CLOUD,D:\thesis\data\raw\chla\MODISA_2022.0_4km_monthly\2016\AQUA_MODIS.20160701_20160731.L3m.MO.CHL.chlor_a.4km.nc,ok,R2022.0,2022-07-25T19:36:13.000Z,2016-07-01T01:00:01.000Z,2016-08-01T02:30:00.000Z
2016-08-01,AQUA_MODIS.20160801_20160831.L3m.MO.CHL.chlor_a.4km.nc,https://obdaac-tea.earthdatacloud.nasa.gov/ob-cumulus-prod-public/AQUA_MODIS.20160801_20160831.L3m.MO.CHL.chlor_a.4km.nc,G3520293027-OB_CLOUD,D:\thesis\data\raw\chla\MODISA_2022.0_4km_monthly\2016\AQUA_MODIS.20160801_20160831.L3m.MO.CHL.chlor_a.4km.nc,ok,R2022.0,2022-07-25T19:37:01.000Z,2016-08-01T00:30:00.000Z,2016-09-01T02:55:00.000Z
2016-09-01,AQUA_MODIS.20160901_20160930.L3m.MO.CHL.chlor_a.4km.nc,https://obdaac-tea.earthdatacloud.nasa.gov/ob-cumulus-prod-public/AQUA_MODIS.20160901_20160930.L3m.MO.CHL.chlor_a.4km.nc,G3509018064-OB_CLOUD,D:\thesis\data\raw\chla\MODISA_2022.0_4km_monthly\2016\AQUA_MODIS.20160901_20160930.L3m.MO.CHL.chlor_a.4km.nc,ok,R2022.0,2022-07-25T19:36:36.000Z,2016-09-01T00:00:00.000Z,2016-10-01T02:59:59.000Z
2016-10-01,AQUA_MODIS.20161001_20161031.L3m.MO.CHL.chlor_a.4km.nc,https://obdaac-tea.earthdatacloud.nasa.gov/ob-cumulus-prod-public/AQUA_MODIS.20161001_20161031.L3m.MO.CHL.chlor_a.4km.nc,G3515944010-OB_CLOUD,D:\thesis\data\raw\chla\MODISA_2022.0_4km_monthly\2016\AQUA_MODIS.20161001_20161031.L3m.MO.CHL.chlor_a.4km.nc,ok,R2022.0,2022-07-25T19:37:00.000Z,2016-10-01T00:05:00.000Z,2016-11-01T02:30:00.000Z
2016-11-01,AQUA_MODIS.20161101_20161130.L3m.MO.CHL.chlor_a.4km.nc,https://obdaac-tea.earthdatacloud.nasa.gov/ob-cumulus-prod-public/AQUA_MODIS.20161101_20161130.L3m.MO.CHL.chlor_a.4km.nc,G3509018077-OB_CLOUD,D:\thesis\data\raw\chla\MODISA_2022.0_4km_monthly\2016\AQUA_MODIS.20161101_20161130.L3m.MO.CHL.chlor_a.4km.nc,ok,R2022.0,2022-07-25T19:37:38.000Z,2016-11-01T00:25:00.000Z,2016-12-01T02:40:00.000Z
2016-12-01,AQUA_MODIS.20161201_20161231.L3m.MO.CHL.chlor_a.4km.nc,https://obdaac-tea.earthdatacloud.nasa.gov/ob-cumulus-prod-public/AQUA_MODIS.20161201_20161231.L3m.MO.CHL.chlor_a.4km.nc,G3516147873-OB_CLOUD,D:\thesis\data\raw\chla\MODISA_2022.0_4km_monthly\2016\AQUA_MODIS.20161201_20161231.L3m.MO.CHL.chlor_a.4km.nc,ok,R2022.0,2022-07-25T19:36:08.000Z,2016-12-01T00:35:00.000Z,2017-01-01T02:09:59.000Z
2017-01-01,AQUA_MODIS.20170101_20170131.L3m.MO.CHL.chlor_a.4km.nc,https://obdaac-tea.earthdatacloud.nasa.gov/ob-cumulus-prod-public/AQUA_MODIS.20170101_20170131.L3m.MO.CHL.chlor_a.4km.nc,G3509018125-OB_CLOUD,D:\thesis\data\raw\chla\MODISA_2022.0_4km_monthly\2017\AQUA_MODIS.20170101_20170131.L3m.MO.CHL.chlor_a.4km.nc,ok,R2022.0,2022-07-25T19:37:14.000Z,2017-01-01T00:25:01.000Z,2017-02-01T02:49:59.000Z
2017-02-01,AQUA_MODIS.20170201_20170228.L3m.MO.CHL.chlor_a.4km.nc,https://obdaac-tea.earthdatacloud.nasa.gov/ob-cumulus-prod-public/AQUA_MODIS.20170201_20170228.L3m.MO.CHL.chlor_a.4km.nc,G3512494699-OB_CLOUD,D:\thesis\data\raw\chla\MODISA_2022.0_4km_monthly\2017\AQUA_MODIS.20170201_20170228.L3m.MO.CHL.chlor_a.4km.nc,ok,R2022.0,2022-07-25T19:35:38.000Z,2017-02-01T00:50:01.000Z,2017-03-01T02:59:59.000Z
2017-03-01,AQUA_MODIS.20170301_20170331.L3m.MO.CHL.chlor_a.4km.nc,https://obdaac-tea.earthdatacloud.nasa.gov/ob-cumulus-prod-public/AQUA_MODIS.20170301_20170331.L3m.MO.CHL.chlor_a.4km.nc,G3512044747-OB_CLOUD,D:\thesis\data\raw\chla\MODISA_2022.0_4km_monthly\2017\AQUA_MODIS.20170301_20170331.L3m.MO.CHL.chlor_a.4km.nc,ok,R2022.0,2022-07-25T19:37:01.000Z,2017-03-01T00:10:01.000Z,2017-04-01T03:00:00.000Z
2017-04-01,AQUA_MODIS.20170401_20170430.L3m.MO.CHL.chlor_a.4km.nc,https://obdaac-tea.earthdatacloud.nasa.gov/ob-cumulus-prod-public/AQUA_MODIS.20170401_20170430.L3m.MO.CHL.chlor_a.4km.nc,G3515631452-OB_CLOUD,D:\thesis\data\raw\chla\MODISA_2022.0_4km_monthly\2017\AQUA_MODIS.20170401_20170430.L3m.MO.CHL.chlor_a.4km.nc,ok,R2022.0,2022-07-25T19:37:00.000Z,2017-04-01T00:30:01.000Z,2017-05-01T02:44:59.000Z
2017-05-01,AQUA_MODIS.20170501_20170531.L3m.MO.CHL.chlor_a.4km.nc,https://obdaac-tea.earthdatacloud.nasa.gov/ob-cumulus-prod-public/AQUA_MODIS.20170501_20170531.L3m.MO.CHL.chlor_a.4km.nc,G3512168456-OB_CLOUD,D:\thesis\data\raw\chla\MODISA_2022.0_4km_monthly\2017\AQUA_MODIS.20170501_20170531.L3m.MO.CHL.chlor_a.4km.nc,ok,R2022.0,2022-07-25T19:37:00.000Z,2017-05-01T01:00:00.000Z,2017-06-01T02:29:59.000Z
2017-06-01,AQUA_MODIS.20170601_20170630.L3m.MO.CHL.chlor_a.4km.nc,https://obdaac-tea.earthdatacloud.nasa.gov/ob-cumulus-prod-public/AQUA_MODIS.20170601_20170630.L3m.MO.CHL.chlor_a.4km.nc,G3511229688-OB_CLOUD,D:\thesis\data\raw\chla\MODISA_2022.0_4km_monthly\2017\AQUA_MODIS.20170601_20170630.L3m.MO.CHL.chlor_a.4km.nc,ok,R2022.0,2022-07-25T19:37:13.000Z,2017-06-01T00:30:01.000Z,2017-07-01T02:45:00.000Z
2017-07-01,AQUA_MODIS.20170701_20170731.L3m.MO.CHL.chlor_a.4km.nc,https://obdaac-tea.earthdatacloud.nasa.gov/ob-cumulus-prod-public/AQUA_MODIS.20170701_20170731.L3m.MO.CHL.chlor_a.4km.nc,G3516349440-OB_CLOUD,D:\thesis\data\raw\chla\MODISA_2022.0_4km_monthly\2017\AQUA_MODIS.20170701_20170731.L3m.MO.CHL.chlor_a.4km.nc,ok,R2022.0,2022-07-25T19:37:14.000Z,2017-07-01T00:40:00.000Z,2017-08-01T03:00:00.000Z
2017-08-01,AQUA_MODIS.20170801_20170831.L3m.MO.CHL.chlor_a.4km.nc,https://obdaac-tea.earthdatacloud.nasa.gov/ob-cumulus-prod-public/AQUA_MODIS.20170801_20170831.L3m.MO.CHL.chlor_a.4km.nc,G3515887967-OB_CLOUD,D:\thesis\data\raw\chla\MODISA_2022.0_4km_monthly\2017\AQUA_MODIS.20170801_20170831.L3m.MO.CHL.chlor_a.4km.nc,ok,R2022.0,2022-07-25T19:37:14.000Z,2017-08-01T00:05:01.000Z,2017-09-01T02:54:59.000Z
2017-09-01,AQUA_MODIS.20170901_20170930.L3m.MO.CHL.chlor_a.4km.nc,https://obdaac-tea.earthdatacloud.nasa.gov/ob-cumulus-prod-public/AQUA_MODIS.20170901_20170930.L3m.MO.CHL.chlor_a.4km.nc,G3509262099-OB_CLOUD,D:\thesis\data\raw\chla\MODISA_2022.0_4km_monthly\2017\AQUA_MODIS.20170901_20170930.L3m.MO.CHL.chlor_a.4km.nc,ok,R2022.0,2022-07-25T19:35:20.000Z,2017-09-01T00:25:01.000Z,2017-10-01T02:40:00.000Z
2017-10-01,AQUA_MODIS.20171001_20171031.L3m.MO.CHL.chlor_a.4km.nc,https://obdaac-tea.earthdatacloud.nasa.gov/ob-cumulus-prod-public/AQUA_MODIS.20171001_20171031.L3m.MO.CHL.chlor_a.4km.nc,G3509018521-OB_CLOUD,D:\thesis\data\raw\chla\MODISA_2022.0_4km_monthly\2017\AQUA_MODIS.20171001_20171031.L3m.MO.CHL.chlor_a.4km.nc,ok,R2022.0,2022-07-25T19:37:13.000Z,2017-10-01T00:35:00.000Z,2017-11-01T02:10:00.000Z
2017-11-01,AQUA_MODIS.20171101_20171130.L3m.MO.CHL.chlor_a.4km.nc,https://obdaac-tea.earthdatacloud.nasa.gov/ob-cumulus-prod-public/AQUA_MODIS.20171101_20171130.L3m.MO.CHL.chlor_a.4km.nc,G3512168708-OB_CLOUD,D:\thesis\data\raw\chla\MODISA_2022.0_4km_monthly\2017\AQUA_MODIS.20171101_20171130.L3m.MO.CHL.chlor_a.4km.nc,ok,R2022.0,2022-07-25T19:37:00.000Z,2017-11-01T00:25:00.000Z,2017-12-01T02:14:59.000Z
2017-12-01,AQUA_MODIS.20171201_20171231.L3m.MO.CHL.chlor_a.4km.nc,https://obdaac-tea.earthdatacloud.nasa.gov/ob-cumulus-prod-public/AQUA_MODIS.20171201_20171231.L3m.MO.CHL.chlor_a.4km.nc,G3516039640-OB_CLOUD,D:\thesis\data\raw\chla\MODISA_2022.0_4km_monthly\2017\AQUA_MODIS.20171201_20171231.L3m.MO.CHL.chlor_a.4km.nc,ok,R2022.0,2022-07-25T19:36:41.000Z,2017-12-01T00:05:01.000Z,2018-01-01T02:59:59.000Z
2018-01-01,AQUA_MODIS.20180101_20180131.L3m.MO.CHL.chlor_a.4km.nc,https://obdaac-tea.earthdatacloud.nasa.gov/ob-cumulus-prod-public/AQUA_MODIS.20180101_20180131.L3m.MO.CHL.chlor_a.4km.nc,G3509018642-OB_CLOUD,D:\thesis\data\raw\chla\MODISA_2022.0_4km_monthly\2018\AQUA_MODIS.20180101_20180131.L3m.MO.CHL.chlor_a.4km.nc,ok,R2022.0,2022-07-25T19:36:32.000Z,2018-01-01T00:00:01.000Z,2018-02-01T02:25:00.000Z
2018-02-01,AQUA_MODIS.20180201_20180228.L3m.MO.CHL.chlor_a.4km.nc,https://obdaac-tea.earthdatacloud.nasa.gov/ob-cumulus-prod-public/AQUA_MODIS.20180201_20180228.L3m.MO.CHL.chlor_a.4km.nc,G3514888697-OB_CLOUD,D:\thesis\data\raw\chla\MODISA_2022.0_4km_monthly\2018\AQUA_MODIS.20180201_20180228.L3m.MO.CHL.chlor_a.4km.nc,ok,R2022.0,2022-07-25T19:36:08.000Z,2018-02-01T00:20:00.000Z,2018-03-01T02:44:59.000Z
2018-03-01,AQUA_MODIS.20180301_20180331.L3m.MO.CHL.chlor_a.4km.nc,https://obdaac-tea.earthdatacloud.nasa.gov/ob-cumulus-prod-public/AQUA_MODIS.20180301_20180331.L3m.MO.CHL.chlor_a.4km.nc,G3509018723-OB_CLOUD,D:\thesis\data\raw\chla\MODISA_2022.0_4km_monthly\2018\AQUA_MODIS.20180301_20180331.L3m.MO.CHL.chlor_a.4km.nc,ok,R2022.0,2022-07-25T19:37:14.000Z,2018-03-01T00:45:01.000Z,2018-04-01T02:34:59.000Z
2018-04-01,AQUA_MODIS.20180401_20180430.L3m.MO.CHL.chlor_a.4km.nc,https://obdaac-tea.earthdatacloud.nasa.gov/ob-cumulus-prod-public/AQUA_MODIS.20180401_20180430.L3m.MO.CHL.chlor_a.4km.nc,G3509018795-OB_CLOUD,D:\thesis\data\raw\chla\MODISA_2022.0_4km_monthly\2018\AQUA_MODIS.20180401_20180430.L3m.MO.CHL.chlor_a.4km.nc,ok,R2022.0,2022-07-25T19:36:41.000Z,2018-04-01T00:00:00.000Z,2018-05-01T02:45:00.000Z
2018-05-01,AQUA_MODIS.20180501_20180531.L3m.MO.CHL.chlor_a.4km.nc,https://obdaac-tea.earthdatacloud.nasa.gov/ob-cumulus-prod-public/AQUA_MODIS.20180501_20180531.L3m.MO.CHL.chlor_a.4km.nc,G3516725879-OB_CLOUD,D:\thesis\data\raw\chla\MODISA_2022.0_4km_monthly\2018\AQUA_MODIS.20180501_20180531.L3m.MO.CHL.chlor_a.4km.nc,ok,R2022.0,2022-07-25T19:37:00.000Z,2018-05-01T00:40:01.000Z,2018-06-01T02:59:59.000Z
2018-06-01,AQUA_MODIS.20180601_20180630.L3m.MO.CHL.chlor_a.4km.nc,https://obdaac-tea.earthdatacloud.nasa.gov/ob-cumulus-prod-public/AQUA_MODIS.20180601_20180630.L3m.MO.CHL.chlor_a.4km.nc,G3509018897-OB_CLOUD,D:\thesis\data\raw\chla\MODISA_2022.0_4km_monthly\2018\AQUA_MODIS.20180601_20180630.L3m.MO.CHL.chlor_a.4km.nc,ok,R2022.0,2022-07-25T19:36:59.000Z,2018-06-01T00:05:01.000Z,2018-07-01T02:14:59.000Z
2018-07-01,AQUA_MODIS.20180701_20180731.L3m.MO.CHL.chlor_a.4km.nc,https://obdaac-tea.earthdatacloud.nasa.gov/ob-cumulus-prod-public/AQUA_MODIS.20180701_20180731.L3m.MO.CHL.chlor_a.4km.nc,G3509019067-OB_CLOUD,D:\thesis\data\raw\chla\MODISA_2022.0_4km_monthly\2018\AQUA_MODIS.20180701_20180731.L3m.MO.CHL.chlor_a.4km.nc,ok,R2022.0,2022-07-25T19:37:01.000Z,2018-07-01T00:15:01.000Z,2018-08-01T02:39:59.000Z
2018-08-01,AQUA_MODIS.20180801_20180831.L3m.MO.CHL.chlor_a.4km.nc,https://obdaac-tea.earthdatacloud.nasa.gov/ob-cumulus-prod-public/AQUA_MODIS.20180801_20180831.L3m.MO.CHL.chlor_a.4km.nc,G3509019393-OB_CLOUD,D:\thesis\data\raw\chla\MODISA_2022.0_4km_monthly\2018\AQUA_MODIS.20180801_20180831.L3m.MO.CHL.chlor_a.4km.nc,ok,R2022.0,2022-07-25T19:37:09.000Z,2018-08-01T01:00:00.000Z,2018-09-01T02:25:00.000Z
2018-09-01,AQUA_MODIS.20180901_20180930.L3m.MO.CHL.chlor_a.4km.nc,https://obdaac-tea.earthdatacloud.nasa.gov/ob-cumulus-prod-public/AQUA_MODIS.20180901_20180930.L3m.MO.CHL.chlor_a.4km.nc,G3516148625-OB_CLOUD,D:\thesis\data\raw\chla\MODISA_2022.0_4km_monthly\2018\AQUA_MODIS.20180901_20180930.L3m.MO.CHL.chlor_a.4km.nc,ok,R2022.0,2022-07-25T19:37:14.000Z,2018-09-01T00:25:00.000Z,2018-10-01T02:35:00.000Z
2018-10-01,AQUA_MODIS.20181001_20181031.L3m.MO.CHL.chlor_a.4km.nc,https://obdaac-tea.earthdatacloud.nasa.gov/ob-cumulus-prod-public/AQUA_MODIS.20181001_20181031.L3m.MO.CHL.chlor_a.4km.nc,G3517985447-OB_CLOUD,D:\thesis\data\raw\chla\MODISA_2022.0_4km_monthly\2018\AQUA_MODIS.20181001_20181031.L3m.MO.CHL.chlor_a.4km.nc,ok,R2022.0,2022-07-25T19:36:14.000Z,2018-10-01T00:05:01.000Z,2018-11-01T03:00:00.000Z
2018-11-01,AQUA_MODIS.20181101_20181130.L3m.MO.CHL.chlor_a.4km.nc,https://obdaac-tea.earthdatacloud.nasa.gov/ob-cumulus-prod-public/AQUA_MODIS.20181101_20181130.L3m.MO.CHL.chlor_a.4km.nc,G3509019650-OB_CLOUD,D:\thesis\data\raw\chla\MODISA_2022.0_4km_monthly\2018\AQUA_MODIS.20181101_20181130.L3m.MO.CHL.chlor_a.4km.nc,ok,R2022.0,2022-07-25T19:37:14.000Z,2018-11-01T00:00:01.000Z,2018-12-01T02:59:59.000Z
2018-12-01,AQUA_MODIS.20181201_20181231.L3m.MO.CHL.chlor_a.4km.nc,https://obdaac-tea.earthdatacloud.nasa.gov/ob-cumulus-prod-public/AQUA_MODIS.20181201_20181231.L3m.MO.CHL.chlor_a.4km.nc,G3509019735-OB_CLOUD,D:\thesis\data\raw\chla\MODISA_2022.0_4km_monthly\2018\AQUA_MODIS.20181201_20181231.L3m.MO.CHL.chlor_a.4km.nc,ok,R2022.0,2022-07-25T19:36:22.000Z,2018-12-01T00:10:01.000Z,2019-01-01T02:34:59.000Z
2019-01-01,AQUA_MODIS.20190101_20190131.L3m.MO.CHL.chlor_a.4km.nc,https://obdaac-tea.earthdatacloud.nasa.gov/ob-cumulus-prod-public/AQUA_MODIS.20190101_20190131.L3m.MO.CHL.chlor_a.4km.nc,G3511287333-OB_CLOUD,D:\thesis\data\raw\chla\MODISA_2022.0_4km_monthly\2019\AQUA_MODIS.20190101_20190131.L3m.MO.CHL.chlor_a.4km.nc,ok,R2022.0,2022-07-25T19:37:00.000Z,2019-01-01T00:30:00.000Z,2019-02-01T02:04:59.000Z
2019-02-01,AQUA_MODIS.20190201_20190228.L3m.MO.CHL.chlor_a.4km.nc,https://obdaac-tea.earthdatacloud.nasa.gov/ob-cumulus-prod-public/AQUA_MODIS.20190201_20190228.L3m.MO.CHL.chlor_a.4km.nc,G3509019837-OB_CLOUD,D:\thesis\data\raw\chla\MODISA_2022.0_4km_monthly\2019\AQUA_MODIS.20190201_20190228.L3m.MO.CHL.chlor_a.4km.nc,ok,R2022.0,2022-07-25T19:37:13.000Z,2019-02-01T00:20:00.000Z,2019-03-01T02:20:00.000Z
2019-03-01,AQUA_MODIS.20190301_20190331.L3m.MO.CHL.chlor_a.4km.nc,https://obdaac-tea.earthdatacloud.nasa.gov/ob-cumulus-prod-public/AQUA_MODIS.20190301_20190331.L3m.MO.CHL.chlor_a.4km.nc,G3509019873-OB_CLOUD,D:\thesis\data\raw\chla\MODISA_2022.0_4km_monthly\2019\AQUA_MODIS.20190301_20190331.L3m.MO.CHL.chlor_a.4km.nc,ok,R2022.0,2022-07-25T19:37:00.000Z,2019-03-01T00:10:01.000Z,2019-04-01T03:00:00.000Z
2019-04-01,AQUA_MODIS.20190401_20190430.L3m.MO.CHL.chlor_a.4km.nc,https://obdaac-tea.earthdatacloud.nasa.gov/ob-cumulus-prod-public/AQUA_MODIS.20190401_20190430.L3m.MO.CHL.chlor_a.4km.nc,G3516497312-OB_CLOUD,D:\thesis\data\raw\chla\MODISA_2022.0_4km_monthly\2019\AQUA_MODIS.20190401_20190430.L3m.MO.CHL.chlor_a.4km.nc,ok,R2022.0,2022-07-25T19:36:13.000Z,2019-04-01T00:05:00.000Z,2019-05-01T02:15:00.000Z
2019-05-01,AQUA_MODIS.20190501_20190531.L3m.MO.CHL.chlor_a.4km.nc,https://obdaac-tea.earthdatacloud.nasa.gov/ob-cumulus-prod-public/AQUA_MODIS.20190501_20190531.L3m.MO.CHL.chlor_a.4km.nc,G3512045099-OB_CLOUD,D:\thesis\data\raw\chla\MODISA_2022.0_4km_monthly\2019\AQUA_MODIS.20190501_20190531.L3m.MO.CHL.chlor_a.4km.nc,ok,R2022.0,2022-07-25T19:37:09.000Z,2019-05-01T00:15:00.000Z,2019-06-01T02:40:00.000Z
2019-06-01,AQUA_MODIS.20190601_20190630.L3m.MO.CHL.chlor_a.4km.nc,https://obdaac-tea.earthdatacloud.nasa.gov/ob-cumulus-prod-public/AQUA_MODIS.20190601_20190630.L3m.MO.CHL.chlor_a.4km.nc,G3518982050-OB_CLOUD,D:\thesis\data\raw\chla\MODISA_2022.0_4km_monthly\2019\AQUA_MODIS.20190601_20190630.L3m.MO.CHL.chlor_a.4km.nc,ok,R2022.0,2022-07-25T19:37:00.000Z,2019-06-01T01:00:01.000Z,2019-07-01T02:50:00.000Z
2019-07-01,AQUA_MODIS.20190701_20190731.L3m.MO.CHL.chlor_a.4km.nc,https://obdaac-tea.earthdatacloud.nasa.gov/ob-cumulus-prod-public/AQUA_MODIS.20190701_20190731.L3m.MO.CHL.chlor_a.4km.nc,G3520981438-OB_CLOUD,D:\thesis\data\raw\chla\MODISA_2022.0_4km_monthly\2019\AQUA_MODIS.20190701_20190731.L3m.MO.CHL.chlor_a.4km.nc,ok,R2022.0,2022-07-25T19:35:53.000Z,2019-07-01T00:00:00.000Z,2019-08-01T02:39:59.000Z
2019-08-01,AQUA_MODIS.20190801_20190831.L3m.MO.CHL.chlor_a.4km.nc,https://obdaac-tea.earthdatacloud.nasa.gov/ob-cumulus-prod-public/AQUA_MODIS.20190801_20190831.L3m.MO.CHL.chlor_a.4km.nc,G3511442406-OB_CLOUD,D:\thesis\data\raw\chla\MODISA_2022.0_4km_monthly\2019\AQUA_MODIS.20190801_20190831.L3m.MO.CHL.chlor_a.4km.nc,ok,R2022.0,2022-07-25T19:36:22.000Z,2019-08-01T00:35:01.000Z,2019-09-01T02:59:59.000Z
2019-09-01,AQUA_MODIS.20190901_20190930.L3m.MO.CHL.chlor_a.4km.nc,https://obdaac-tea.earthdatacloud.nasa.gov/ob-cumulus-prod-public/AQUA_MODIS.20190901_20190930.L3m.MO.CHL.chlor_a.4km.nc,G3513897809-OB_CLOUD,D:\thesis\data\raw\chla\MODISA_2022.0_4km_monthly\2019\AQUA_MODIS.20190901_20190930.L3m.MO.CHL.chlor_a.4km.nc,ok,R2022.0,2022-07-25T19:37:01.000Z,2019-09-01T00:00:00.000Z,2019-10-01T02:59:59.000Z
2019-10-01,AQUA_MODIS.20191001_20191031.L3m.MO.CHL.chlor_a.4km.nc,https://obdaac-tea.earthdatacloud.nasa.gov/ob-cumulus-prod-public/AQUA_MODIS.20191001_20191031.L3m.MO.CHL.chlor_a.4km.nc,G3512170182-OB_CLOUD,D:\thesis\data\raw\chla\MODISA_2022.0_4km_monthly\2019\AQUA_MODIS.20191001_20191031.L3m.MO.CHL.chlor_a.4km.nc,ok,R2022.0,2022-07-25T19:37:26.000Z,2019-10-01T00:10:01.000Z,2019-11-01T02:35:00.000Z
2019-11-01,AQUA_MODIS.20191101_20191130.L3m.MO.CHL.chlor_a.4km.nc,https://obdaac-tea.earthdatacloud.nasa.gov/ob-cumulus-prod-public/AQUA_MODIS.20191101_20191130.L3m.MO.CHL.chlor_a.4km.nc,G3509020316-OB_CLOUD,D:\thesis\data\raw\chla\MODISA_2022.0_4km_monthly\2019\AQUA_MODIS.20191101_20191130.L3m.MO.CHL.chlor_a.4km.nc,ok,R2022.0,2022-07-25T19:37:10.000Z,2019-11-01T00:30:00.000Z,2019-12-01T02:44:59.000Z
2019-12-01,AQUA_MODIS.20191201_20191231.L3m.MO.CHL.chlor_a.4km.nc,https://obdaac-tea.earthdatacloud.nasa.gov/ob-cumulus-prod-public/AQUA_MODIS.20191201_20191231.L3m.MO.CHL.chlor_a.4km.nc,G3513599934-OB_CLOUD,D:\thesis\data\raw\chla\MODISA_2022.0_4km_monthly\2019\AQUA_MODIS.20191201_20191231.L3m.MO.CHL.chlor_a.4km.nc,ok,R2022.0,2022-07-25T19:36:08.000Z,2019-12-01T00:40:01.000Z,2020-01-01T02:10:00.000Z
2020-01-01,AQUA_MODIS.20200101_20200131.L3m.MO.CHL.chlor_a.4km.nc,https://obdaac-tea.earthdatacloud.nasa.gov/ob-cumulus-prod-public/AQUA_MODIS.20200101_20200131.L3m.MO.CHL.chlor_a.4km.nc,G3519349726-OB_CLOUD,D:\thesis\data\raw\chla\MODISA_2022.0_4km_monthly\2020\AQUA_MODIS.20200101_20200131.L3m.MO.CHL.chlor_a.4km.nc,ok,R2022.0,2022-07-25T19:37:09.000Z,2020-01-01T00:00:00.000Z,2020-02-01T02:55:00.000Z
2020-02-01,AQUA_MODIS.20200201_20200229.L3m.MO.CHL.chlor_a.4km.nc,https://obdaac-tea.earthdatacloud.nasa.gov/ob-cumulus-prod-public/AQUA_MODIS.20200201_20200229.L3m.MO.CHL.chlor_a.4km.nc,G3511107119-OB_CLOUD,D:\thesis\data\raw\chla\MODISA_2022.0_4km_monthly\2020\AQUA_MODIS.20200201_20200229.L3m.MO.CHL.chlor_a.4km.nc,ok,R2022.0,2022-07-25T19:37:00.000Z,2020-02-01T00:00:00.000Z,2020-03-01T02:29:59.000Z
2020-03-01,AQUA_MODIS.20200301_20200331.L3m.MO.CHL.chlor_a.4km.nc,https://obdaac-tea.earthdatacloud.nasa.gov/ob-cumulus-prod-public/AQUA_MODIS.20200301_20200331.L3m.MO.CHL.chlor_a.4km.nc,G3512045246-OB_CLOUD,D:\thesis\data\raw\chla\MODISA_2022.0_4km_monthly\2020\AQUA_MODIS.20200301_20200331.L3m.MO.CHL.chlor_a.4km.nc,ok,R2022.0,2022-07-25T19:36:31.000Z,2020-03-01T00:25:01.000Z,2020-04-01T02:15:00.000Z
2020-04-01,AQUA_MODIS.20200401_20200430.L3m.MO.CHL.chlor_a.4km.nc,https://obdaac-tea.earthdatacloud.nasa.gov/ob-cumulus-prod-public/AQUA_MODIS.20200401_20200430.L3m.MO.CHL.chlor_a.4km.nc,G3511107123-OB_CLOUD,D:\thesis\data\raw\chla\MODISA_2022.0_4km_monthly\2020\AQUA_MODIS.20200401_20200430.L3m.MO.CHL.chlor_a.4km.nc,ok,R2022.0,2022-07-25T19:36:41.000Z,2020-04-01T00:15:00.000Z,2020-05-01T02:25:00.000Z
2020-05-01,AQUA_MODIS.20200501_20200531.L3m.MO.CHL.chlor_a.4km.nc,https://obdaac-tea.earthdatacloud.nasa.gov/ob-cumulus-prod-public/AQUA_MODIS.20200501_20200531.L3m.MO.CHL.chlor_a.4km.nc,G3515451636-OB_CLOUD,D:\thesis\data\raw\chla\MODISA_2022.0_4km_monthly\2020\AQUA_MODIS.20200501_20200531.L3m.MO.CHL.chlor_a.4km.nc,ok,R2022.0,2022-07-25T19:37:00.000Z,2020-05-01T00:25:00.000Z,2020-06-01T02:49:59.000Z
2020-06-01,AQUA_MODIS.20200601_20200630.L3m.MO.CHL.chlor_a.4km.nc,https://obdaac-tea.earthdatacloud.nasa.gov/ob-cumulus-prod-public/AQUA_MODIS.20200601_20200630.L3m.MO.CHL.chlor_a.4km.nc,G3515062262-OB_CLOUD,D:\thesis\data\raw\chla\MODISA_2022.0_4km_monthly\2020\AQUA_MODIS.20200601_20200630.L3m.MO.CHL.chlor_a.4km.nc,ok,R2022.0,2022-07-25T19:36:41.000Z,2020-06-01T00:00:01.000Z,2020-07-01T03:00:00.000Z
2020-07-01,AQUA_MODIS.20200701_20200731.L3m.MO.CHL.chlor_a.4km.nc,https://obdaac-tea.earthdatacloud.nasa.gov/ob-cumulus-prod-public/AQUA_MODIS.20200701_20200731.L3m.MO.CHL.chlor_a.4km.nc,G3512223054-OB_CLOUD,D:\thesis\data\raw\chla\MODISA_2022.0_4km_monthly\2020\AQUA_MODIS.20200701_20200731.L3m.MO.CHL.chlor_a.4km.nc,ok,R2022.0,2022-07-25T19:37:10.000Z,2020-07-01T00:00:01.000Z,2020-08-01T02:50:00.000Z
2020-08-01,AQUA_MODIS.20200801_20200831.L3m.MO.CHL.chlor_a.4km.nc,https://obdaac-tea.earthdatacloud.nasa.gov/ob-cumulus-prod-public/AQUA_MODIS.20200801_20200831.L3m.MO.CHL.chlor_a.4km.nc,G3512170261-OB_CLOUD,D:\thesis\data\raw\chla\MODISA_2022.0_4km_monthly\2020\AQUA_MODIS.20200801_20200831.L3m.MO.CHL.chlor_a.4km.nc,ok,R2022.0,2022-07-25T19:37:00.000Z,2020-08-01T00:45:00.000Z,2020-09-01T02:09:59.000Z
2020-09-01,AQUA_MODIS.20200901_20200930.L3m.MO.CHL.chlor_a.4km.nc,https://obdaac-tea.earthdatacloud.nasa.gov/ob-cumulus-prod-public/AQUA_MODIS.20200901_20200930.L3m.MO.CHL.chlor_a.4km.nc,G3512170317-OB_CLOUD,D:\thesis\data\raw\chla\MODISA_2022.0_4km_monthly\2020\AQUA_MODIS.20200901_20200930.L3m.MO.CHL.chlor_a.4km.nc,ok,R2022.0,2022-07-25T19:37:13.000Z,2020-09-01T00:24:10.000Z,2020-10-01T02:20:00.000Z
2020-10-01,AQUA_MODIS.20201001_20201031.L3m.MO.CHL.chlor_a.4km.nc,https://obdaac-tea.earthdatacloud.nasa.gov/ob-cumulus-prod-public/AQUA_MODIS.20201001_20201031.L3m.MO.CHL.chlor_a.4km.nc,G3509020749-OB_CLOUD,D:\thesis\data\raw\chla\MODISA_2022.0_4km_monthly\2020\AQUA_MODIS.20201001_20201031.L3m.MO.CHL.chlor_a.4km.nc,ok,R2022.0,2022-07-25T19:37:20.000Z,2020-10-01T00:20:01.000Z,2020-11-01T02:44:59.000Z
2020-11-01,AQUA_MODIS.20201101_20201130.L3m.MO.CHL.chlor_a.4km.nc,https://obdaac-tea.earthdatacloud.nasa.gov/ob-cumulus-prod-public/AQUA_MODIS.20201101_20201130.L3m.MO.CHL.chlor_a.4km.nc,G3519349781-OB_CLOUD,D:\thesis\data\raw\chla\MODISA_2022.0_4km_monthly\2020\AQUA_MODIS.20201101_20201130.L3m.MO.CHL.chlor_a.4km.nc,ok,R2022.0,2022-07-25T19:37:26.000Z,2020-11-01T00:40:01.000Z,2020-12-01T02:54:59.000Z
2020-12-01,AQUA_MODIS.20201201_20201231.L3m.MO.CHL.chlor_a.4km.nc,https://obdaac-tea.earthdatacloud.nasa.gov/ob-cumulus-prod-public/AQUA_MODIS.20201201_20201231.L3m.MO.CHL.chlor_a.4km.nc,G3512170660-OB_CLOUD,D:\thesis\data\raw\chla\MODISA_2022.0_4km_monthly\2020\AQUA_MODIS.20201201_20201231.L3m.MO.CHL.chlor_a.4km.nc,ok,R2022.0,2022-07-25T19:37:14.000Z,2020-12-01T00:00:00.000Z,2021-01-01T02:19:59.000Z
2021-01-01,AQUA_MODIS.20210101_20210131.L3m.MO.CHL.chlor_a.4km.nc,https://obdaac-tea.earthdatacloud.nasa.gov/ob-cumulus-prod-public/AQUA_MODIS.20210101_20210131.L3m.MO.CHL.chlor_a.4km.nc,G3519095525-OB_CLOUD,D:\thesis\data\raw\chla\MODISA_2022.0_4km_monthly\2021\AQUA_MODIS.20210101_20210131.L3m.MO.CHL.chlor_a.4km.nc,ok,R2022.0.1,2024-07-16T05:36:51.000Z,2021-01-01T00:10:01.000Z,2021-02-01T02:59:59.000Z
2021-02-01,AQUA_MODIS.20210201_20210228.L3m.MO.CHL.chlor_a.4km.nc,https://obdaac-tea.earthdatacloud.nasa.gov/ob-cumulus-prod-public/AQUA_MODIS.20210201_20210228.L3m.MO.CHL.chlor_a.4km.nc,G3509020885-OB_CLOUD,D:\thesis\data\raw\chla\MODISA_2022.0_4km_monthly\2021\AQUA_MODIS.20210201_20210228.L3m.MO.CHL.chlor_a.4km.nc,ok,R2022.0.1,2024-07-16T05:36:19.000Z,2021-02-01T00:05:01.000Z,2021-03-01T02:24:59.000Z
2021-03-01,AQUA_MODIS.20210301_20210331.L3m.MO.CHL.chlor_a.4km.nc,https://obdaac-tea.earthdatacloud.nasa.gov/ob-cumulus-prod-public/AQUA_MODIS.20210301_20210331.L3m.MO.CHL.chlor_a.4km.nc,G3511369616-OB_CLOUD,D:\thesis\data\raw\chla\MODISA_2022.0_4km_monthly\2021\AQUA_MODIS.20210301_20210331.L3m.MO.CHL.chlor_a.4km.nc,ok,R2022.0.1,2024-07-16T05:35:51.000Z,2021-03-01T00:25:01.000Z,2021-04-01T02:49:59.000Z
2021-04-01,AQUA_MODIS.20210401_20210430.L3m.MO.CHL.chlor_a.4km.nc,https://obdaac-tea.earthdatacloud.nasa.gov/ob-cumulus-prod-public/AQUA_MODIS.20210401_20210430.L3m.MO.CHL.chlor_a.4km.nc,G3511522985-OB_CLOUD,D:\thesis\data\raw\chla\MODISA_2022.0_4km_monthly\2021\AQUA_MODIS.20210401_20210430.L3m.MO.CHL.chlor_a.4km.nc,ok,R2022.0.1,2024-07-16T05:38:40.000Z,2021-04-01T00:00:01.000Z,2021-05-01T02:59:59.000Z
2021-05-01,AQUA_MODIS.20210501_20210531.L3m.MO.CHL.chlor_a.4km.nc,https://obdaac-tea.earthdatacloud.nasa.gov/ob-cumulus-prod-public/AQUA_MODIS.20210501_20210531.L3m.MO.CHL.chlor_a.4km.nc,G3511442452-OB_CLOUD,D:\thesis\data\raw\chla\MODISA_2022.0_4km_monthly\2021\AQUA_MODIS.20210501_20210531.L3m.MO.CHL.chlor_a.4km.nc,ok,R2022.0.1,2024-07-16T05:35:57.000Z,2021-05-01T00:00:00.000Z,2021-06-01T02:49:59.000Z
2021-06-01,AQUA_MODIS.20210601_20210630.L3m.MO.CHL.chlor_a.4km.nc,https://obdaac-tea.earthdatacloud.nasa.gov/ob-cumulus-prod-public/AQUA_MODIS.20210601_20210630.L3m.MO.CHL.chlor_a.4km.nc,G3509020957-OB_CLOUD,D:\thesis\data\raw\chla\MODISA_2022.0_4km_monthly\2021\AQUA_MODIS.20210601_20210630.L3m.MO.CHL.chlor_a.4km.nc,ok,R2022.0.1,2024-07-16T05:35:50.000Z,2021-06-01T00:45:01.000Z,2021-07-01T02:59:59.000Z
2021-07-01,AQUA_MODIS.20210701_20210731.L3m.MO.CHL.chlor_a.4km.nc,https://obdaac-tea.earthdatacloud.nasa.gov/ob-cumulus-prod-public/AQUA_MODIS.20210701_20210731.L3m.MO.CHL.chlor_a.4km.nc,G3509020986-OB_CLOUD,D:\thesis\data\raw\chla\MODISA_2022.0_4km_monthly\2021\AQUA_MODIS.20210701_20210731.L3m.MO.CHL.chlor_a.4km.nc,ok,R2022.0.3,2026-07-10T14:06:34.000Z,2021-06-30T23:30:01.264Z,2021-08-01T04:55:00.049Z
2021-08-01,AQUA_MODIS.20210801_20210831.L3m.MO.CHL.chlor_a.4km.nc,https://obdaac-tea.earthdatacloud.nasa.gov/ob-cumulus-prod-public/AQUA_MODIS.20210801_20210831.L3m.MO.CHL.chlor_a.4km.nc,G3509021032-OB_CLOUD,D:\thesis\data\raw\chla\MODISA_2022.0_4km_monthly\2021\AQUA_MODIS.20210801_20210831.L3m.MO.CHL.chlor_a.4km.nc,ok,R2022.0.3,2026-07-10T14:07:13.000Z,2021-07-31T23:50:01.579Z,2021-09-01T04:54:59.437Z
2021-09-01,AQUA_MODIS.20210901_20210930.L3m.MO.CHL.chlor_a.4km.nc,https://obdaac-tea.earthdatacloud.nasa.gov/ob-cumulus-prod-public/AQUA_MODIS.20210901_20210930.L3m.MO.CHL.chlor_a.4km.nc,G3511288471-OB_CLOUD,D:\thesis\data\raw\chla\MODISA_2022.0_4km_monthly\2021\AQUA_MODIS.20210901_20210930.L3m.MO.CHL.chlor_a.4km.nc,ok,R2022.0.3,2026-07-10T14:07:08.000Z,2021-08-31T23:45:01.113Z,2021-10-01T05:04:59.341Z
2021-10-01,AQUA_MODIS.20211001_20211031.L3m.MO.CHL.chlor_a.4km.nc,https://obdaac-tea.earthdatacloud.nasa.gov/ob-cumulus-prod-public/AQUA_MODIS.20211001_20211031.L3m.MO.CHL.chlor_a.4km.nc,G3513536136-OB_CLOUD,D:\thesis\data\raw\chla\MODISA_2022.0_4km_monthly\2021\AQUA_MODIS.20211001_20211031.L3m.MO.CHL.chlor_a.4km.nc,ok,R2022.0.3,2026-07-10T14:07:29.000Z,2021-09-30T23:55:01.017Z,2021-11-01T05:15:00.225Z
2021-11-01,AQUA_MODIS.20211101_20211130.L3m.MO.CHL.chlor_a.4km.nc,https://obdaac-tea.earthdatacloud.nasa.gov/ob-cumulus-prod-public/AQUA_MODIS.20211101_20211130.L3m.MO.CHL.chlor_a.4km.nc,G3511442531-OB_CLOUD,D:\thesis\data\raw\chla\MODISA_2022.0_4km_monthly\2021\AQUA_MODIS.20211101_20211130.L3m.MO.CHL.chlor_a.4km.nc,ok,R2022.0.3,2026-07-10T14:07:17.000Z,2021-11-01T00:10:01.753Z,2021-12-01T05:30:00.470Z
2021-12-01,AQUA_MODIS.20211201_20211231.L3m.MO.CHL.chlor_a.4km.nc,https://obdaac-tea.earthdatacloud.nasa.gov/ob-cumulus-prod-public/AQUA_MODIS.20211201_20211231.L3m.MO.CHL.chlor_a.4km.nc,G3512171091-OB_CLOUD,D:\thesis\data\raw\chla\MODISA_2022.0_4km_monthly\2021\AQUA_MODIS.20211201_20211231.L3m.MO.CHL.chlor_a.4km.nc,ok,R2022.0.3,2026-07-10T14:06:58.000Z,2021-11-30T23:30:00.649Z,2022-01-01T05:29:59.133Z
2022-01-01,AQUA_MODIS.20220101_20220131.L3m.MO.CHL.chlor_a.4km.nc,https://obdaac-tea.earthdatacloud.nasa.gov/ob-cumulus-prod-public/AQUA_MODIS.20220101_20220131.L3m.MO.CHL.chlor_a.4km.nc,G3511334899-OB_CLOUD,D:\thesis\data\raw\chla\MODISA_2022.0_4km_monthly\2022\AQUA_MODIS.20220101_20220131.L3m.MO.CHL.chlor_a.4km.nc,ok,R2022.0.3,2026-07-10T14:07:08.000Z,2021-12-31T23:40:01.974Z,2022-02-01T04:05:00.148Z
2022-02-01,AQUA_MODIS.20220201_20220228.L3m.MO.CHL.chlor_a.4km.nc,https://obdaac-tea.earthdatacloud.nasa.gov/ob-cumulus-prod-public/AQUA_MODIS.20220201_20220228.L3m.MO.CHL.chlor_a.4km.nc,G3509263600-OB_CLOUD,D:\thesis\data\raw\chla\MODISA_2022.0_4km_monthly\2022\AQUA_MODIS.20220201_20220228.L3m.MO.CHL.chlor_a.4km.nc,ok,R2022.0.3,2026-07-10T14:06:35.000Z,2022-01-31T23:40:00.506Z,2022-03-01T05:15:00.030Z
2022-03-01,AQUA_MODIS.20220301_20220331.L3m.MO.CHL.chlor_a.4km.nc,https://obdaac-tea.earthdatacloud.nasa.gov/ob-cumulus-prod-public/AQUA_MODIS.20220301_20220331.L3m.MO.CHL.chlor_a.4km.nc,G3518451300-OB_CLOUD,D:\thesis\data\raw\chla\MODISA_2022.0_4km_monthly\2022\AQUA_MODIS.20220301_20220331.L3m.MO.CHL.chlor_a.4km.nc,ok,R2022.0.3,2026-07-10T14:07:11.000Z,2022-03-01T00:00:01.851Z,2022-03-31T17:59:35.012Z
2022-04-01,AQUA_MODIS.20220401_20220430.L3m.MO.CHL.chlor_a.4km.nc,https://obdaac-tea.earthdatacloud.nasa.gov/ob-cumulus-prod-public/AQUA_MODIS.20220401_20220430.L3m.MO.CHL.chlor_a.4km.nc,G3520264358-OB_CLOUD,D:\thesis\data\raw\chla\MODISA_2022.0_4km_monthly\2022\AQUA_MODIS.20220401_20220430.L3m.MO.CHL.chlor_a.4km.nc,ok,R2022.0.3,2026-07-10T14:06:37.000Z,2022-04-15T00:38:24.000Z,2022-05-01T05:29:59.847Z
2022-05-01,AQUA_MODIS.20220501_20220531.L3m.MO.CHL.chlor_a.4km.nc,https://obdaac-tea.earthdatacloud.nasa.gov/ob-cumulus-prod-public/AQUA_MODIS.20220501_20220531.L3m.MO.CHL.chlor_a.4km.nc,G3518548880-OB_CLOUD,D:\thesis\data\raw\chla\MODISA_2022.0_4km_monthly\2022\AQUA_MODIS.20220501_20220531.L3m.MO.CHL.chlor_a.4km.nc,ok,R2022.0.3,2026-07-10T14:06:53.000Z,2022-04-30T23:30:01.504Z,2022-06-01T05:29:59.639Z
2022-06-01,AQUA_MODIS.20220601_20220630.L3m.MO.CHL.chlor_a.4km.nc,https://obdaac-tea.earthdatacloud.nasa.gov/ob-cumulus-prod-public/AQUA_MODIS.20220601_20220630.L3m.MO.CHL.chlor_a.4km.nc,G3518548763-OB_CLOUD,D:\thesis\data\raw\chla\MODISA_2022.0_4km_monthly\2022\AQUA_MODIS.20220601_20220630.L3m.MO.CHL.chlor_a.4km.nc,ok,R2022.0.3,2026-07-10T14:07:01.000Z,2022-06-01T00:15:01.460Z,2022-07-01T04:49:59.717Z
2022-07-01,AQUA_MODIS.20220701_20220731.L3m.MO.CHL.chlor_a.4km.nc,https://obdaac-tea.earthdatacloud.nasa.gov/ob-cumulus-prod-public/AQUA_MODIS.20220701_20220731.L3m.MO.CHL.chlor_a.4km.nc,G3516350391-OB_CLOUD,D:\thesis\data\raw\chla\MODISA_2022.0_4km_monthly\2022\AQUA_MODIS.20220701_20220731.L3m.MO.CHL.chlor_a.4km.nc,ok,R2022.0.3,2026-07-10T14:07:09.000Z,2022-07-01T00:20:01.700Z,2022-08-01T04:44:59.437Z
2022-08-01,AQUA_MODIS.20220801_20220831.L3m.MO.CHL.chlor_a.4km.nc,https://obdaac-tea.earthdatacloud.nasa.gov/ob-cumulus-prod-public/AQUA_MODIS.20220801_20220831.L3m.MO.CHL.chlor_a.4km.nc,G3509192636-OB_CLOUD,D:\thesis\data\raw\chla\MODISA_2022.0_4km_monthly\2022\AQUA_MODIS.20220801_20220831.L3m.MO.CHL.chlor_a.4km.nc,ok,R2022.0.3,2026-07-10T14:06:54.000Z,2022-07-31T23:35:01.113Z,2022-09-01T04:50:00.253Z
2022-09-01,AQUA_MODIS.20220901_20220930.L3m.MO.CHL.chlor_a.4km.nc,https://obdaac-tea.earthdatacloud.nasa.gov/ob-cumulus-prod-public/AQUA_MODIS.20220901_20220930.L3m.MO.CHL.chlor_a.4km.nc,G3514138795-OB_CLOUD,D:\thesis\data\raw\chla\MODISA_2022.0_4km_monthly\2022\AQUA_MODIS.20220901_20220930.L3m.MO.CHL.chlor_a.4km.nc,ok,R2022.0.3,2026-07-10T14:07:00.000Z,2022-08-31T23:45:01.783Z,2022-10-01T04:55:00.414Z
2022-10-01,AQUA_MODIS.20221001_20221031.L3m.MO.CHL.chlor_a.4km.nc,https://obdaac-tea.earthdatacloud.nasa.gov/ob-cumulus-prod-public/AQUA_MODIS.20221001_20221031.L3m.MO.CHL.chlor_a.4km.nc,G3509456898-OB_CLOUD,D:\thesis\data\raw\chla\MODISA_2022.0_4km_monthly\2022\AQUA_MODIS.20221001_20221031.L3m.MO.CHL.chlor_a.4km.nc,ok,R2022.0.3,2026-07-10T14:07:05.000Z,2022-09-30T23:45:00.611Z,2022-11-01T05:29:59.177Z
2022-11-01,AQUA_MODIS.20221101_20221130.L3m.MO.CHL.chlor_a.4km.nc,https://obdaac-tea.earthdatacloud.nasa.gov/ob-cumulus-prod-public/AQUA_MODIS.20221101_20221130.L3m.MO.CHL.chlor_a.4km.nc,G3517929177-OB_CLOUD,D:\thesis\data\raw\chla\MODISA_2022.0_4km_monthly\2022\AQUA_MODIS.20221101_20221130.L3m.MO.CHL.chlor_a.4km.nc,ok,R2022.0.3,2026-07-10T14:06:56.000Z,2022-10-31T23:35:00.687Z,2022-12-01T05:29:59.983Z
2022-12-01,AQUA_MODIS.20221201_20221231.L3m.MO.CHL.chlor_a.4km.nc,https://obdaac-tea.earthdatacloud.nasa.gov/ob-cumulus-prod-public/AQUA_MODIS.20221201_20221231.L3m.MO.CHL.chlor_a.4km.nc,G3509381460-OB_CLOUD,D:\thesis\data\raw\chla\MODISA_2022.0_4km_monthly\2022\AQUA_MODIS.20221201_20221231.L3m.MO.CHL.chlor_a.4km.nc,ok,R2022.0.3,2026-07-10T14:07:13.000Z,2022-11-30T23:35:01.493Z,2023-01-01T04:45:00.025Z
2023-01-01,AQUA_MODIS.20230101_20230131.L3m.MO.CHL.chlor_a.4km.nc,https://obdaac-tea.earthdatacloud.nasa.gov/ob-cumulus-prod-public/AQUA_MODIS.20230101_20230131.L3m.MO.CHL.chlor_a.4km.nc,G3509381510-OB_CLOUD,D:\thesis\data\raw\chla\MODISA_2022.0_4km_monthly\2023\AQUA_MODIS.20230101_20230131.L3m.MO.CHL.chlor_a.4km.nc,ok,R2022.0.3,2026-07-10T14:07:08.000Z,2022-12-31T23:40:01.550Z,2023-02-01T05:25:00.442Z
2023-02-01,AQUA_MODIS.20230201_20230228.L3m.MO.CHL.chlor_a.4km.nc,https://obdaac-tea.earthdatacloud.nasa.gov/ob-cumulus-prod-public/AQUA_MODIS.20230201_20230228.L3m.MO.CHL.chlor_a.4km.nc,G3519599086-OB_CLOUD,D:\thesis\data\raw\chla\MODISA_2022.0_4km_monthly\2023\AQUA_MODIS.20230201_20230228.L3m.MO.CHL.chlor_a.4km.nc,ok,R2022.0.3,2026-07-10T14:06:52.000Z,2023-02-01T00:20:01.967Z,2023-03-01T05:29:59.368Z
2023-03-01,AQUA_MODIS.20230301_20230331.L3m.MO.CHL.chlor_a.4km.nc,https://obdaac-tea.earthdatacloud.nasa.gov/ob-cumulus-prod-public/AQUA_MODIS.20230301_20230331.L3m.MO.CHL.chlor_a.4km.nc,G3515944083-OB_CLOUD,D:\thesis\data\raw\chla\MODISA_2022.0_4km_monthly\2023\AQUA_MODIS.20230301_20230331.L3m.MO.CHL.chlor_a.4km.nc,ok,R2022.0.3,2026-07-10T14:07:17.000Z,2023-02-28T23:30:01.026Z,2023-04-01T05:14:59.501Z
2023-04-01,AQUA_MODIS.20230401_20230430.L3m.MO.CHL.chlor_a.4km.nc,https://obdaac-tea.earthdatacloud.nasa.gov/ob-cumulus-prod-public/AQUA_MODIS.20230401_20230430.L3m.MO.CHL.chlor_a.4km.nc,G3518651217-OB_CLOUD,D:\thesis\data\raw\chla\MODISA_2022.0_4km_monthly\2023\AQUA_MODIS.20230401_20230430.L3m.MO.CHL.chlor_a.4km.nc,ok,R2022.0.3,2026-07-10T14:07:13.000Z,2023-04-01T00:00:01.321Z,2023-05-01T05:00:00.329Z
2023-05-01,AQUA_MODIS.20230501_20230531.L3m.MO.CHL.chlor_a.4km.nc,https://obdaac-tea.earthdatacloud.nasa.gov/ob-cumulus-prod-public/AQUA_MODIS.20230501_20230531.L3m.MO.CHL.chlor_a.4km.nc,G3516350454-OB_CLOUD,D:\thesis\data\raw\chla\MODISA_2022.0_4km_monthly\2023\AQUA_MODIS.20230501_20230531.L3m.MO.CHL.chlor_a.4km.nc,ok,R2022.0.3,2026-07-10T14:07:08.000Z,2023-04-30T23:50:00.526Z,2023-06-01T05:29:59.186Z
2023-06-01,AQUA_MODIS.20230601_20230630.L3m.MO.CHL.chlor_a.4km.nc,https://obdaac-tea.earthdatacloud.nasa.gov/ob-cumulus-prod-public/AQUA_MODIS.20230601_20230630.L3m.MO.CHL.chlor_a.4km.nc,G3516240741-OB_CLOUD,D:\thesis\data\raw\chla\MODISA_2022.0_4km_monthly\2023\AQUA_MODIS.20230601_20230630.L3m.MO.CHL.chlor_a.4km.nc,ok,R2022.0.3,2026-07-10T14:06:49.000Z,2023-06-01T00:15:01.005Z,2023-07-01T05:19:59.964Z
2023-07-01,AQUA_MODIS.20230701_20230731.L3m.MO.CHL.chlor_a.4km.nc,https://obdaac-tea.earthdatacloud.nasa.gov/ob-cumulus-prod-public/AQUA_MODIS.20230701_20230731.L3m.MO.CHL.chlor_a.4km.nc,G3516191847-OB_CLOUD,D:\thesis\data\raw\chla\MODISA_2022.0_4km_monthly\2023\AQUA_MODIS.20230701_20230731.L3m.MO.CHL.chlor_a.4km.nc,ok,R2022.0.3,2026-07-10T14:07:11.000Z,2023-07-01T00:00:01.931Z,2023-08-01T04:50:00.491Z
2023-08-01,AQUA_MODIS.20230801_20230831.L3m.MO.CHL.chlor_a.4km.nc,https://obdaac-tea.earthdatacloud.nasa.gov/ob-cumulus-prod-public/AQUA_MODIS.20230801_20230831.L3m.MO.CHL.chlor_a.4km.nc,G3516039594-OB_CLOUD,D:\thesis\data\raw\chla\MODISA_2022.0_4km_monthly\2023\AQUA_MODIS.20230801_20230831.L3m.MO.CHL.chlor_a.4km.nc,ok,R2022.0.3,2026-07-10T14:07:02.000Z,2023-08-01T00:20:00.995Z,2023-09-01T05:09:59.507Z
2023-09-01,AQUA_MODIS.20230901_20230930.L3m.MO.CHL.chlor_a.4km.nc,https://obdaac-tea.earthdatacloud.nasa.gov/ob-cumulus-prod-public/AQUA_MODIS.20230901_20230930.L3m.MO.CHL.chlor_a.4km.nc,G3516104541-OB_CLOUD,D:\thesis\data\raw\chla\MODISA_2022.0_4km_monthly\2023\AQUA_MODIS.20230901_20230930.L3m.MO.CHL.chlor_a.4km.nc,ok,R2022.0.3,2026-07-10T14:06:53.000Z,2023-09-01T00:05:01.036Z,2023-10-01T05:29:59.332Z
2023-10-01,AQUA_MODIS.20231001_20231031.L3m.MO.CHL.chlor_a.4km.nc,https://obdaac-tea.earthdatacloud.nasa.gov/ob-cumulus-prod-public/AQUA_MODIS.20231001_20231031.L3m.MO.CHL.chlor_a.4km.nc,G3517051956-OB_CLOUD,D:\thesis\data\raw\chla\MODISA_2022.0_4km_monthly\2023\AQUA_MODIS.20231001_20231031.L3m.MO.CHL.chlor_a.4km.nc,ok,R2022.0.3,2026-07-10T14:07:07.000Z,2023-09-30T23:40:00.698Z,2023-11-01T05:00:00.144Z
2023-11-01,AQUA_MODIS.20231101_20231130.L3m.MO.CHL.chlor_a.4km.nc,https://obdaac-tea.earthdatacloud.nasa.gov/ob-cumulus-prod-public/AQUA_MODIS.20231101_20231130.L3m.MO.CHL.chlor_a.4km.nc,G3516944164-OB_CLOUD,D:\thesis\data\raw\chla\MODISA_2022.0_4km_monthly\2023\AQUA_MODIS.20231101_20231130.L3m.MO.CHL.chlor_a.4km.nc,ok,R2022.0.3,2026-07-10T14:06:57.000Z,2023-10-31T23:55:01.669Z,2023-12-01T04:35:00.323Z
2023-12-01,AQUA_MODIS.20231201_20231231.L3m.MO.CHL.chlor_a.4km.nc,https://obdaac-tea.earthdatacloud.nasa.gov/ob-cumulus-prod-public/AQUA_MODIS.20231201_20231231.L3m.MO.CHL.chlor_a.4km.nc,G3517052000-OB_CLOUD,D:\thesis\data\raw\chla\MODISA_2022.0_4km_monthly\2023\AQUA_MODIS.20231201_20231231.L3m.MO.CHL.chlor_a.4km.nc,ok,R2022.0.3,2026-07-10T14:06:51.000Z,2023-12-01T00:05:00.825Z,2024-01-01T04:39:59.067Z
2024-01-01,AQUA_MODIS.20240101_20240131.L3m.MO.CHL.chlor_a.4km.nc,https://obdaac-tea.earthdatacloud.nasa.gov/ob-cumulus-prod-public/AQUA_MODIS.20240101_20240131.L3m.MO.CHL.chlor_a.4km.nc,G3519150149-OB_CLOUD,D:\thesis\data\raw\chla\MODISA_2022.0_4km_monthly\2024\AQUA_MODIS.20240101_20240131.L3m.MO.CHL.chlor_a.4km.nc,ok,R2022.0.3,2026-07-10T14:06:59.000Z,2023-12-31T23:35:00.592Z,2024-02-01T04:44:59.206Z
2024-02-01,AQUA_MODIS.20240201_20240229.L3m.MO.CHL.chlor_a.4km.nc,https://obdaac-tea.earthdatacloud.nasa.gov/ob-cumulus-prod-public/AQUA_MODIS.20240201_20240229.L3m.MO.CHL.chlor_a.4km.nc,G3517051868-OB_CLOUD,D:\thesis\data\raw\chla\MODISA_2022.0_4km_monthly\2024\AQUA_MODIS.20240201_20240229.L3m.MO.CHL.chlor_a.4km.nc,ok,R2022.0.3,2026-07-10T14:07:05.000Z,2024-01-31T23:40:00.732Z,2024-03-01T05:00:00.226Z
2024-03-01,AQUA_MODIS.20240301_20240331.L3m.MO.CHL.chlor_a.4km.nc,https://obdaac-tea.earthdatacloud.nasa.gov/ob-cumulus-prod-public/AQUA_MODIS.20240301_20240331.L3m.MO.CHL.chlor_a.4km.nc,G3520188772-OB_CLOUD,D:\thesis\data\raw\chla\MODISA_2022.0_4km_monthly\2024\AQUA_MODIS.20240301_20240331.L3m.MO.CHL.chlor_a.4km.nc,ok,R2022.0.3,2026-07-10T14:06:56.000Z,2024-02-29T23:55:01.753Z,2024-04-01T05:00:00.094Z
2024-04-01,AQUA_MODIS.20240401_20240430.L3m.MO.CHL.chlor_a.4km.nc,https://obdaac-tea.earthdatacloud.nasa.gov/ob-cumulus-prod-public/AQUA_MODIS.20240401_20240430.L3m.MO.CHL.chlor_a.4km.nc,G3520067610-OB_CLOUD,D:\thesis\data\raw\chla\MODISA_2022.0_4km_monthly\2024\AQUA_MODIS.20240401_20240430.L3m.MO.CHL.chlor_a.4km.nc,ok,R2022.0.3,2026-07-10T14:06:51.000Z,2024-03-31T23:55:01.622Z,2024-05-01T04:59:59.173Z
2024-05-01,AQUA_MODIS.20240501_20240531.L3m.MO.CHL.chlor_a.4km.nc,https://obdaac-tea.earthdatacloud.nasa.gov/ob-cumulus-prod-public/AQUA_MODIS.20240501_20240531.L3m.MO.CHL.chlor_a.4km.nc,G3516625326-OB_CLOUD,D:\thesis\data\raw\chla\MODISA_2022.0_4km_monthly\2024\AQUA_MODIS.20240501_20240531.L3m.MO.CHL.chlor_a.4km.nc,ok,R2022.0.3,2026-07-10T14:06:42.000Z,2024-04-30T23:50:00.846Z,2024-06-01T04:44:59.632Z
2024-06-01,AQUA_MODIS.20240601_20240630.L3m.MO.CHL.chlor_a.4km.nc,https://obdaac-tea.earthdatacloud.nasa.gov/ob-cumulus-prod-public/AQUA_MODIS.20240601_20240630.L3m.MO.CHL.chlor_a.4km.nc,G3516993022-OB_CLOUD,D:\thesis\data\raw\chla\MODISA_2022.0_4km_monthly\2024\AQUA_MODIS.20240601_20240630.L3m.MO.CHL.chlor_a.4km.nc,ok,R2022.0.3,2026-07-10T14:07:13.000Z,2024-05-31T23:40:01.158Z,2024-07-01T05:30:00.447Z
2024-07-01,AQUA_MODIS.20240701_20240731.L3m.MO.CHL.chlor_a.4km.nc,https://obdaac-tea.earthdatacloud.nasa.gov/ob-cumulus-prod-public/AQUA_MODIS.20240701_20240731.L3m.MO.CHL.chlor_a.4km.nc,G3518942860-OB_CLOUD,D:\thesis\data\raw\chla\MODISA_2022.0_4km_monthly\2024\AQUA_MODIS.20240701_20240731.L3m.MO.CHL.chlor_a.4km.nc,ok,R2022.0.3,2026-07-10T14:07:06.000Z,2024-07-01T00:20:00.643Z,2024-08-01T05:25:00.432Z
2024-08-01,AQUA_MODIS.20240801_20240831.L3m.MO.CHL.chlor_a.4km.nc,https://obdaac-tea.earthdatacloud.nasa.gov/ob-cumulus-prod-public/AQUA_MODIS.20240801_20240831.L3m.MO.CHL.chlor_a.4km.nc,G3516889616-OB_CLOUD,D:\thesis\data\raw\chla\MODISA_2022.0_4km_monthly\2024\AQUA_MODIS.20240801_20240831.L3m.MO.CHL.chlor_a.4km.nc,ok,R2022.0.3,2026-07-10T14:06:54.000Z,2024-08-01T00:05:00.919Z,2024-09-01T04:49:59.832Z
2024-09-01,AQUA_MODIS.20240901_20240930.L3m.MO.CHL.chlor_a.4km.nc,https://obdaac-tea.earthdatacloud.nasa.gov/ob-cumulus-prod-public/AQUA_MODIS.20240901_20240930.L3m.MO.CHL.chlor_a.4km.nc,G3516834311-OB_CLOUD,D:\thesis\data\raw\chla\MODISA_2022.0_4km_monthly\2024\AQUA_MODIS.20240901_20240930.L3m.MO.CHL.chlor_a.4km.nc,ok,R2022.0.3,2026-07-10T14:07:17.000Z,2024-08-31T23:45:01.359Z,2024-10-01T05:19:59.515Z
2024-10-01,AQUA_MODIS.20241001_20241031.L3m.MO.CHL.chlor_a.4km.nc,https://obdaac-tea.earthdatacloud.nasa.gov/ob-cumulus-prod-public/AQUA_MODIS.20241001_20241031.L3m.MO.CHL.chlor_a.4km.nc,G3515282429-OB_CLOUD,D:\thesis\data\raw\chla\MODISA_2022.0_4km_monthly\2024\AQUA_MODIS.20241001_20241031.L3m.MO.CHL.chlor_a.4km.nc,ok,R2022.0.3,2026-07-10T14:07:13.000Z,2024-09-30T23:30:00.880Z,2024-11-01T05:29:59.275Z
2024-11-01,AQUA_MODIS.20241101_20241130.L3m.MO.CHL.chlor_a.4km.nc,https://obdaac-tea.earthdatacloud.nasa.gov/ob-cumulus-prod-public/AQUA_MODIS.20241101_20241130.L3m.MO.CHL.chlor_a.4km.nc,G3520107662-OB_CLOUD,D:\thesis\data\raw\chla\MODISA_2022.0_4km_monthly\2024\AQUA_MODIS.20241101_20241130.L3m.MO.CHL.chlor_a.4km.nc,ok,R2022.0.3,2026-07-10T14:07:12.000Z,2024-10-31T23:40:00.637Z,2024-12-01T04:59:59.754Z
2024-12-01,AQUA_MODIS.20241201_20241231.L3m.MO.CHL.chlor_a.4km.nc,https://obdaac-tea.earthdatacloud.nasa.gov/ob-cumulus-prod-public/AQUA_MODIS.20241201_20241231.L3m.MO.CHL.chlor_a.4km.nc,G3516727149-OB_CLOUD,D:\thesis\data\raw\chla\MODISA_2022.0_4km_monthly\2024\AQUA_MODIS.20241201_20241231.L3m.MO.CHL.chlor_a.4km.nc,ok,R2022.0.3,2026-07-10T14:06:52.000Z,2024-11-30T23:55:01.277Z,2025-01-01T05:09:59.968Z
2025-01-01,AQUA_MODIS.20250101_20250131.L3m.MO.CHL.chlor_a.4km.nc,https://obdaac-tea.earthdatacloud.nasa.gov/ob-cumulus-prod-public/AQUA_MODIS.20250101_20250131.L3m.MO.CHL.chlor_a.4km.nc,G3517306597-OB_CLOUD,D:\thesis\data\raw\chla\MODISA_2022.0_4km_monthly\2025\AQUA_MODIS.20250101_20250131.L3m.MO.CHL.chlor_a.4km.nc,ok,R2022.0.3,2026-07-10T14:06:49.000Z,2025-01-01T00:00:01.639Z,2025-02-01T04:54:59.278Z
2025-02-01,AQUA_MODIS.20250201_20250228.L3m.MO.CHL.chlor_a.4km.nc,https://obdaac-tea.earthdatacloud.nasa.gov/ob-cumulus-prod-public/AQUA_MODIS.20250201_20250228.L3m.MO.CHL.chlor_a.4km.nc,G3519781189-OB_CLOUD,D:\thesis\data\raw\chla\MODISA_2022.0_4km_monthly\2025\AQUA_MODIS.20250201_20250228.L3m.MO.CHL.chlor_a.4km.nc,ok,R2022.0.3,2026-07-10T14:07:11.000Z,2025-01-31T23:50:00.803Z,2025-03-01T05:19:59.347Z
2025-03-01,AQUA_MODIS.20250301_20250331.L3m.MO.CHL.chlor_a.4km.nc,https://obdaac-tea.earthdatacloud.nasa.gov/ob-cumulus-prod-public/AQUA_MODIS.20250301_20250331.L3m.MO.CHL.chlor_a.4km.nc,G3518549312-OB_CLOUD,D:\thesis\data\raw\chla\MODISA_2022.0_4km_monthly\2025\AQUA_MODIS.20250301_20250331.L3m.MO.CHL.chlor_a.4km.nc,ok,R2022.0.3,2026-07-10T14:07:02.000Z,2025-02-28T23:30:00.711Z,2025-04-01T05:09:59.628Z
2025-04-01,AQUA_MODIS.20250401_20250430.L3m.MO.CHL.chlor_a.4km.nc,https://obdaac-tea.earthdatacloud.nasa.gov/ob-cumulus-prod-public/AQUA_MODIS.20250401_20250430.L3m.MO.CHL.chlor_a.4km.nc,G3556047709-OB_CLOUD,D:\thesis\data\raw\chla\MODISA_2022.0_4km_monthly\2025\AQUA_MODIS.20250401_20250430.L3m.MO.CHL.chlor_a.4km.nc,ok,R2022.0.3,2026-07-10T14:06:53.000Z,2025-04-01T00:05:01.155Z,2025-05-01T05:04:59.065Z
2025-05-01,AQUA_MODIS.20250501_20250531.L3m.MO.CHL.chlor_a.4km.nc,https://obdaac-tea.earthdatacloud.nasa.gov/ob-cumulus-prod-public/AQUA_MODIS.20250501_20250531.L3m.MO.CHL.chlor_a.4km.nc,G3587619714-OB_CLOUD,D:\thesis\data\raw\chla\MODISA_2022.0_4km_monthly\2025\AQUA_MODIS.20250501_20250531.L3m.MO.CHL.chlor_a.4km.nc,ok,R2022.0.3,2026-07-10T14:07:01.000Z,2025-05-01T00:00:00.589Z,2025-06-01T04:35:00.136Z
2025-06-01,AQUA_MODIS.20250601_20250630.L3m.MO.CHL.chlor_a.4km.nc,https://obdaac-tea.earthdatacloud.nasa.gov/ob-cumulus-prod-public/AQUA_MODIS.20250601_20250630.L3m.MO.CHL.chlor_a.4km.nc,G3631475745-OB_CLOUD,D:\thesis\data\raw\chla\MODISA_2022.0_4km_monthly\2025\AQUA_MODIS.20250601_20250630.L3m.MO.CHL.chlor_a.4km.nc,ok,R2022.0.3,2026-07-10T14:06:52.000Z,2025-05-31T23:30:01.660Z,2025-07-01T05:19:59.669Z
2025-07-01,AQUA_MODIS.20250701_20250731.L3m.MO.CHL.chlor_a.4km.nc,https://obdaac-tea.earthdatacloud.nasa.gov/ob-cumulus-prod-public/AQUA_MODIS.20250701_20250731.L3m.MO.CHL.chlor_a.4km.nc,G3687799163-OB_CLOUD,D:\thesis\data\raw\chla\MODISA_2022.0_4km_monthly\2025\AQUA_MODIS.20250701_20250731.L3m.MO.CHL.chlor_a.4km.nc,ok,R2022.0.3,2026-07-10T14:06:51.000Z,2025-06-30T23:30:01.031Z,2025-08-01T04:49:59.055Z
2025-08-01,AQUA_MODIS.20250801_20250831.L3m.MO.CHL.chlor_a.4km.nc,https://obdaac-tea.earthdatacloud.nasa.gov/ob-cumulus-prod-public/AQUA_MODIS.20250801_20250831.L3m.MO.CHL.chlor_a.4km.nc,G3788936092-OB_CLOUD,D:\thesis\data\raw\chla\MODISA_2022.0_4km_monthly\2025\AQUA_MODIS.20250801_20250831.L3m.MO.CHL.chlor_a.4km.nc,ok,R2022.0.3,2026-07-10T14:06:59.000Z,2025-07-31T23:40:00.728Z,2025-09-01T05:19:59.585Z
2025-09-01,AQUA_MODIS.20250901_20250930.L3m.MO.CHL.chlor_a.4km.nc,https://obdaac-tea.earthdatacloud.nasa.gov/ob-cumulus-prod-public/AQUA_MODIS.20250901_20250930.L3m.MO.CHL.chlor_a.4km.nc,G3858665382-OB_CLOUD,D:\thesis\data\raw\chla\MODISA_2022.0_4km_monthly\2025\AQUA_MODIS.20250901_20250930.L3m.MO.CHL.chlor_a.4km.nc,ok,R2022.0.3,2026-07-10T14:07:05.000Z,2025-09-01T00:05:01.404Z,2025-10-01T04:14:59.319Z
2025-10-01,AQUA_MODIS.20251001_20251031.L3m.MO.CHL.chlor_a.4km.nc,https://obdaac-tea.earthdatacloud.nasa.gov/ob-cumulus-prod-public/AQUA_MODIS.20251001_20251031.L3m.MO.CHL.chlor_a.4km.nc,G3905176341-OB_CLOUD,D:\thesis\data\raw\chla\MODISA_2022.0_4km_monthly\2025\AQUA_MODIS.20251001_20251031.L3m.MO.CHL.chlor_a.4km.nc,ok,R2022.0.3,2026-07-10T14:06:34.000Z,2025-09-30T23:45:01.299Z,2025-11-01T05:09:59.541Z
2025-11-01,AQUA_MODIS.20251101_20251130.L3m.MO.CHL.chlor_a.4km.nc,https://obdaac-tea.earthdatacloud.nasa.gov/ob-cumulus-prod-public/AQUA_MODIS.20251101_20251130.L3m.MO.CHL.chlor_a.4km.nc,G3967589517-OB_CLOUD,D:\thesis\data\raw\chla\MODISA_2022.0_4km_monthly\2025\AQUA_MODIS.20251101_20251130.L3m.MO.CHL.chlor_a.4km.nc,ok,R2022.0.3,2026-07-10T14:06:51.000Z,2025-11-01T00:05:01.064Z,2025-12-01T05:25:00.405Z
2025-12-01,AQUA_MODIS.20251201_20251231.L3m.MO.CHL.chlor_a.4km.nc,https://obdaac-tea.earthdatacloud.nasa.gov/ob-cumulus-prod-public/AQUA_MODIS.20251201_20251231.L3m.MO.CHL.chlor_a.4km.nc,G4242927793-OB_CLOUD,D:\thesis\data\raw\chla\MODISA_2022.0_4km_monthly\2025\AQUA_MODIS.20251201_20251231.L3m.MO.CHL.chlor_a.4km.nc,ok,R2022.0.3,2026-07-10T14:06:40.000Z,2025-11-30T23:40:01.617Z,2026-01-01T04:20:00.036Z
