grid_1,grid_2,distance_degree,neighbor,correlation,distance_group
G025_R380_C1132,G025_R380_C1133,0.25,TRUE,0.9340423517395668,"[0,0.26]"
G025_R380_C1132,G025_R380_C1134,0.5,FALSE,0.804200997678589,"(0.26,0.51]"
G025_R380_C1133,G025_R380_C1134,0.25,TRUE,0.9029858181116787,"[0,0.26]"
G025_R380_C1132,G025_R380_C1135,0.75,FALSE,0.7551748405330381,"(0.51,0.76]"
G025_R380_C1133,G025_R380_C1135,0.5,FALSE,0.7739382463249276,"(0.26,0.51]"
G025_R380_C1134,G025_R380_C1135,0.25,TRUE,0.8769262667143748,"[0,0.26]"
G025_R380_C1132,G025_R380_C1143,2.75,FALSE,0.023893060792887322,"(1.51,Inf]"
G025_R380_C1133,G025_R380_C1143,2.5,FALSE,0.04217676723644252,"(1.51,Inf]"
G025_R380_C1134,G025_R380_C1143,2.25,FALSE,0.08484165185148186,"(1.51,Inf]"
G025_R380_C1135,G025_R380_C1143,2,FALSE,0.010341025269350004,"(1.51,Inf]"
G025_R380_C1132,G025_R380_C1144,3,FALSE,0.20300312484287225,"(1.51,Inf]"
G025_R380_C1133,G025_R380_C1144,2.75,FALSE,0.2191221798408917,"(1.51,Inf]"
G025_R380_C1134,G025_R380_C1144,2.5,FALSE,0.18536022145368108,"(1.51,Inf]"
G025_R380_C1135,G025_R380_C1144,2.25,FALSE,0.09920467330685104,"(1.51,Inf]"
G025_R380_C1143,G025_R380_C1144,0.25,TRUE,0.2586797175135521,"[0,0.26]"
G025_R380_C1132,G025_R380_C1145,3.25,FALSE,0.11066085979387344,"(1.51,Inf]"
G025_R380_C1133,G025_R380_C1145,3,FALSE,0.11160970046311619,"(1.51,Inf]"
G025_R380_C1134,G025_R380_C1145,2.75,FALSE,0.09380208169476353,"(1.51,Inf]"
G025_R380_C1135,G025_R380_C1145,2.5,FALSE,0.06352469780078933,"(1.51,Inf]"
G025_R380_C1143,G025_R380_C1145,0.5,FALSE,0.1822505687264804,"(0.26,0.51]"
G025_R380_C1144,G025_R380_C1145,0.25,TRUE,0.6319963565384877,"[0,0.26]"
G025_R380_C1132,G025_R380_C1146,3.5,FALSE,0.059293387583867735,"(1.51,Inf]"
G025_R380_C1133,G025_R380_C1146,3.25,FALSE,0.03242833823540963,"(1.51,Inf]"
G025_R380_C1134,G025_R380_C1146,3,FALSE,-0.013522269511523867,"(1.51,Inf]"
G025_R380_C1135,G025_R380_C1146,2.75,FALSE,-0.0061515540750890375,"(1.51,Inf]"
G025_R380_C1143,G025_R380_C1146,0.75,FALSE,0.0680694863313712,"(0.51,0.76]"
G025_R380_C1144,G025_R380_C1146,0.5,FALSE,0.3922141944943328,"(0.26,0.51]"
G025_R380_C1145,G025_R380_C1146,0.25,TRUE,0.6931888763665527,"[0,0.26]"
G025_R380_C1132,G025_R380_C1147,3.75,FALSE,0.02078437985032567,"(1.51,Inf]"
G025_R380_C1133,G025_R380_C1147,3.5,FALSE,0.020805734111267515,"(1.51,Inf]"
G025_R380_C1134,G025_R380_C1147,3.25,FALSE,-0.01689412977649255,"(1.51,Inf]"
G025_R380_C1135,G025_R380_C1147,3,FALSE,-0.005664020560642389,"(1.51,Inf]"
G025_R380_C1143,G025_R380_C1147,1,FALSE,0.029325411871954494,"(0.76,1.01]"
G025_R380_C1144,G025_R380_C1147,0.75,FALSE,0.24090778242147795,"(0.51,0.76]"
G025_R380_C1145,G025_R380_C1147,0.5,FALSE,0.41028724750313783,"(0.26,0.51]"
G025_R380_C1146,G025_R380_C1147,0.25,TRUE,0.7464411457523461,"[0,0.26]"
G025_R380_C1132,G025_R381_C1132,0.25,TRUE,0.9452051370438067,"[0,0.26]"
G025_R380_C1133,G025_R381_C1132,0.3535533905932738,FALSE,0.87910669887374,"(0.26,0.51]"
G025_R380_C1134,G025_R381_C1132,0.5590169943749475,FALSE,0.7795682753659431,"(0.51,0.76]"
G025_R380_C1135,G025_R381_C1132,0.7905694150420949,FALSE,0.723773467462185,"(0.76,1.01]"
G025_R380_C1143,G025_R381_C1132,2.7613402542968153,FALSE,0.08990195578912859,"(1.51,Inf]"
G025_R380_C1144,G025_R381_C1132,3.010398644698074,FALSE,0.21538176272110376,"(1.51,Inf]"
G025_R380_C1145,G025_R381_C1132,3.2596012026013246,FALSE,0.09903901918865404,"(1.51,Inf]"
G025_R380_C1146,G025_R381_C1132,3.5089172119045497,FALSE,0.03663514157735266,"(1.51,Inf]"
G025_R380_C1147,G025_R381_C1132,3.758324094593227,FALSE,0.009785670771782683,"(1.51,Inf]"
G025_R380_C1132,G025_R381_C1133,0.3535533905932738,FALSE,0.9592294487017676,"(0.26,0.51]"
G025_R380_C1133,G025_R381_C1133,0.25,TRUE,0.9227098933223659,"[0,0.26]"
G025_R380_C1134,G025_R381_C1133,0.3535533905932738,FALSE,0.8066654672467494,"(0.26,0.51]"
G025_R380_C1135,G025_R381_C1133,0.5590169943749475,FALSE,0.7259385943587624,"(0.51,0.76]"
G025_R380_C1143,G025_R381_C1133,2.5124689052802225,FALSE,0.06587103006990276,"(1.51,Inf]"
G025_R380_C1144,G025_R381_C1133,2.7613402542968153,FALSE,0.21433509525342803,"(1.51,Inf]"
G025_R380_C1145,G025_R381_C1133,3.010398644698074,FALSE,0.1172833437114479,"(1.51,Inf]"
G025_R380_C1146,G025_R381_C1133,3.2596012026013246,FALSE,0.050951751412658,"(1.51,Inf]"
G025_R380_C1147,G025_R381_C1133,3.5089172119045497,FALSE,0.02307477707530383,"(1.51,Inf]"
G025_R381_C1132,G025_R381_C1133,0.25,TRUE,0.9598620052540454,"[0,0.26]"
G025_R380_C1132,G025_R381_C1134,0.5590169943749475,FALSE,0.9083028263064593,"(0.51,0.76]"
G025_R380_C1133,G025_R381_C1134,0.3535533905932738,FALSE,0.9272495766208003,"(0.26,0.51]"
G025_R380_C1134,G025_R381_C1134,0.25,TRUE,0.871455145574066,"[0,0.26]"
G025_R380_C1135,G025_R381_C1134,0.3535533905932738,FALSE,0.7412124938940077,"(0.26,0.51]"
G025_R380_C1143,G025_R381_C1134,2.2638462845343543,FALSE,0.05022129655340501,"(1.51,Inf]"
G025_R380_C1144,G025_R381_C1134,2.5124689052802225,FALSE,0.21749279545144984,"(1.51,Inf]"
G025_R380_C1145,G025_R381_C1134,2.7613402542968153,FALSE,0.12540418379411344,"(1.51,Inf]"
G025_R380_C1146,G025_R381_C1134,3.010398644698074,FALSE,0.06362201134734548,"(1.51,Inf]"
G025_R380_C1147,G025_R381_C1134,3.2596012026013246,FALSE,0.025844947724317103,"(1.51,Inf]"
G025_R381_C1132,G025_R381_C1134,0.5,FALSE,0.884628997307083,"(0.26,0.51]"
G025_R381_C1133,G025_R381_C1134,0.25,TRUE,0.9359012644760172,"[0,0.26]"
G025_R380_C1132,G025_R381_C1135,0.7905694150420949,FALSE,0.866844124472685,"(0.76,1.01]"
G025_R380_C1133,G025_R381_C1135,0.5590169943749475,FALSE,0.8831164890400829,"(0.51,0.76]"
G025_R380_C1134,G025_R381_C1135,0.3535533905932738,FALSE,0.897342343024397,"(0.26,0.51]"
G025_R380_C1135,G025_R381_C1135,0.25,TRUE,0.8278034805454634,"[0,0.26]"
G025_R380_C1143,G025_R381_C1135,2.0155644370746373,FALSE,0.06206943284769259,"(1.51,Inf]"
G025_R380_C1144,G025_R381_C1135,2.2638462845343543,FALSE,0.22796586636144284,"(1.51,Inf]"
G025_R380_C1145,G025_R381_C1135,2.5124689052802225,FALSE,0.14715318632601374,"(1.51,Inf]"
G025_R380_C1146,G025_R381_C1135,2.7613402542968153,FALSE,0.04675689323843722,"(1.51,Inf]"
G025_R380_C1147,G025_R381_C1135,3.010398644698074,FALSE,-0.010231366498987964,"(1.51,Inf]"
G025_R381_C1132,G025_R381_C1135,0.75,FALSE,0.8571075754195064,"(0.51,0.76]"
G025_R381_C1133,G025_R381_C1135,0.5,FALSE,0.89167661564902,"(0.26,0.51]"
G025_R381_C1134,G025_R381_C1135,0.25,TRUE,0.9294769025334064,"[0,0.26]"
G025_R380_C1132,G025_R381_C1143,2.7613402542968153,FALSE,0.07852747419080926,"(1.51,Inf]"
G025_R380_C1133,G025_R381_C1143,2.5124689052802225,FALSE,0.0717389001539253,"(1.51,Inf]"
G025_R380_C1134,G025_R381_C1143,2.2638462845343543,FALSE,0.06897892768459533,"(1.51,Inf]"
G025_R380_C1135,G025_R381_C1143,2.0155644370746373,FALSE,0.025052629099634915,"(1.51,Inf]"
G025_R380_C1143,G025_R381_C1143,0.25,TRUE,0.3704591345290173,"[0,0.26]"
G025_R380_C1144,G025_R381_C1143,0.3535533905932738,FALSE,0.38507578922040164,"(0.26,0.51]"
G025_R380_C1145,G025_R381_C1143,0.5590169943749475,FALSE,0.12664492395810495,"(0.51,0.76]"
G025_R380_C1146,G025_R381_C1143,0.7905694150420949,FALSE,0.002347279620017609,"(0.76,1.01]"
G025_R380_C1147,G025_R381_C1143,1.0307764064044151,FALSE,-0.07098325786205308,"(1.01,1.51]"
G025_R381_C1132,G025_R381_C1143,2.75,FALSE,0.10959002801714406,"(1.51,Inf]"
G025_R381_C1133,G025_R381_C1143,2.5,FALSE,0.08121266447699384,"(1.51,Inf]"
G025_R381_C1134,G025_R381_C1143,2.25,FALSE,0.07232428749079299,"(1.51,Inf]"
G025_R381_C1135,G025_R381_C1143,2,FALSE,0.12321422158813515,"(1.51,Inf]"
G025_R380_C1132,G025_R381_C1144,3.010398644698074,FALSE,0.2654487793139505,"(1.51,Inf]"
G025_R380_C1133,G025_R381_C1144,2.7613402542968153,FALSE,0.2699550119631983,"(1.51,Inf]"
G025_R380_C1134,G025_R381_C1144,2.5124689052802225,FALSE,0.23183420261031415,"(1.51,Inf]"
G025_R380_C1135,G025_R381_C1144,2.2638462845343543,FALSE,0.19472800553132055,"(1.51,Inf]"
G025_R380_C1143,G025_R381_C1144,0.3535533905932738,FALSE,0.1993081404088641,"(0.26,0.51]"
G025_R380_C1144,G025_R381_C1144,0.25,TRUE,0.7241412088722977,"[0,0.26]"
G025_R380_C1145,G025_R381_C1144,0.3535533905932738,FALSE,0.5876607752541613,"(0.26,0.51]"
G025_R380_C1146,G025_R381_C1144,0.5590169943749475,FALSE,0.28217958812205624,"(0.51,0.76]"
G025_R380_C1147,G025_R381_C1144,0.7905694150420949,FALSE,0.05801187729719682,"(0.76,1.01]"
G025_R381_C1132,G025_R381_C1144,3,FALSE,0.2486240215470437,"(1.51,Inf]"
G025_R381_C1133,G025_R381_C1144,2.75,FALSE,0.25736436556648906,"(1.51,Inf]"
G025_R381_C1134,G025_R381_C1144,2.5,FALSE,0.27333230333440317,"(1.51,Inf]"
G025_R381_C1135,G025_R381_C1144,2.25,FALSE,0.31663548032779915,"(1.51,Inf]"
G025_R381_C1143,G025_R381_C1144,0.25,TRUE,0.3636437487597715,"[0,0.26]"
G025_R380_C1132,G025_R381_C1145,3.2596012026013246,FALSE,0.14626005889590413,"(1.51,Inf]"
G025_R380_C1133,G025_R381_C1145,3.010398644698074,FALSE,0.12778095220333793,"(1.51,Inf]"
G025_R380_C1134,G025_R381_C1145,2.7613402542968153,FALSE,0.11842056347527542,"(1.51,Inf]"
G025_R380_C1135,G025_R381_C1145,2.5124689052802225,FALSE,0.0870295741259706,"(1.51,Inf]"
G025_R380_C1143,G025_R381_C1145,0.5590169943749475,FALSE,0.12377838930641741,"(0.51,0.76]"
G025_R380_C1144,G025_R381_C1145,0.3535533905932738,FALSE,0.5431973439617716,"(0.26,0.51]"
G025_R380_C1145,G025_R381_C1145,0.25,TRUE,0.7364729467175892,"[0,0.26]"
G025_R380_C1146,G025_R381_C1145,0.3535533905932738,FALSE,0.5770031626317412,"(0.26,0.51]"
G025_R380_C1147,G025_R381_C1145,0.5590169943749475,FALSE,0.3381303902459736,"(0.51,0.76]"
G025_R381_C1132,G025_R381_C1145,3.25,FALSE,0.1469477803307778,"(1.51,Inf]"
G025_R381_C1133,G025_R381_C1145,3,FALSE,0.1672985440054296,"(1.51,Inf]"
G025_R381_C1134,G025_R381_C1145,2.75,FALSE,0.16186223471508057,"(1.51,Inf]"
G025_R381_C1135,G025_R381_C1145,2.5,FALSE,0.16547293303488314,"(1.51,Inf]"
G025_R381_C1143,G025_R381_C1145,0.5,FALSE,0.23704585109698761,"(0.26,0.51]"
G025_R381_C1144,G025_R381_C1145,0.25,TRUE,0.6501474539973006,"[0,0.26]"
G025_R380_C1132,G025_R381_C1146,3.5089172119045497,FALSE,0.11341090828736693,"(1.51,Inf]"
G025_R380_C1133,G025_R381_C1146,3.2596012026013246,FALSE,0.09189657969845723,"(1.51,Inf]"
G025_R380_C1134,G025_R381_C1146,3.010398644698074,FALSE,0.05260139669478643,"(1.51,Inf]"
G025_R380_C1135,G025_R381_C1146,2.7613402542968153,FALSE,0.007739074608642517,"(1.51,Inf]"
G025_R380_C1143,G025_R381_C1146,0.7905694150420949,FALSE,0.059566062355274674,"(0.76,1.01]"
G025_R380_C1144,G025_R381_C1146,0.5590169943749475,FALSE,0.3024718350491226,"(0.51,0.76]"
G025_R380_C1145,G025_R381_C1146,0.3535533905932738,FALSE,0.5972036323128389,"(0.26,0.51]"
G025_R380_C1146,G025_R381_C1146,0.25,TRUE,0.6636692390629076,"[0,0.26]"
G025_R380_C1147,G025_R381_C1146,0.3535533905932738,FALSE,0.493615175363846,"(0.26,0.51]"
G025_R381_C1132,G025_R381_C1146,3.5,FALSE,0.10888702045177649,"(1.51,Inf]"
G025_R381_C1133,G025_R381_C1146,3.25,FALSE,0.12878887524895022,"(1.51,Inf]"
G025_R381_C1134,G025_R381_C1146,3,FALSE,0.1196712930357191,"(1.51,Inf]"
G025_R381_C1135,G025_R381_C1146,2.75,FALSE,0.06461367620402306,"(1.51,Inf]"
G025_R381_C1143,G025_R381_C1146,0.75,FALSE,0.05753406411163402,"(0.51,0.76]"
G025_R381_C1144,G025_R381_C1146,0.5,FALSE,0.3596937018903875,"(0.26,0.51]"
G025_R381_C1145,G025_R381_C1146,0.25,TRUE,0.7865733242595334,"[0,0.26]"
G025_R380_C1132,G025_R381_C1147,3.758324094593227,FALSE,0.06592685258053735,"(1.51,Inf]"
G025_R380_C1133,G025_R381_C1147,3.5089172119045497,FALSE,0.07134829412500376,"(1.51,Inf]"
G025_R380_C1134,G025_R381_C1147,3.2596012026013246,FALSE,0.02018219387980975,"(1.51,Inf]"
G025_R380_C1135,G025_R381_C1147,3.010398644698074,FALSE,0.003753960460949825,"(1.51,Inf]"
G025_R380_C1143,G025_R381_C1147,1.0307764064044151,FALSE,0.05372125673265465,"(1.01,1.51]"
G025_R380_C1144,G025_R381_C1147,0.7905694150420949,FALSE,0.29912516649863685,"(0.76,1.01]"
G025_R380_C1145,G025_R381_C1147,0.5590169943749475,FALSE,0.5306105318292225,"(0.51,0.76]"
G025_R380_C1146,G025_R381_C1147,0.3535533905932738,FALSE,0.6729813314868157,"(0.26,0.51]"
G025_R380_C1147,G025_R381_C1147,0.25,TRUE,0.6982367010188715,"[0,0.26]"
G025_R381_C1132,G025_R381_C1147,3.75,FALSE,0.057229118553614074,"(1.51,Inf]"
G025_R381_C1133,G025_R381_C1147,3.5,FALSE,0.07158572416816354,"(1.51,Inf]"
G025_R381_C1134,G025_R381_C1147,3.25,FALSE,0.08400399852167181,"(1.51,Inf]"
G025_R381_C1135,G025_R381_C1147,3,FALSE,0.0250965693574279,"(1.51,Inf]"
G025_R381_C1143,G025_R381_C1147,1,FALSE,0.01880378600885215,"(0.76,1.01]"
G025_R381_C1144,G025_R381_C1147,0.75,FALSE,0.2788177435701939,"(0.51,0.76]"
G025_R381_C1145,G025_R381_C1147,0.5,FALSE,0.6025607418442962,"(0.26,0.51]"
G025_R381_C1146,G025_R381_C1147,0.25,TRUE,0.7316604941068532,"[0,0.26]"
G025_R380_C1132,G025_R382_C1132,0.5,FALSE,0.882161482790121,"(0.26,0.51]"
G025_R380_C1133,G025_R382_C1132,0.5590169943749475,FALSE,0.8298292804526213,"(0.51,0.76]"
G025_R380_C1134,G025_R382_C1132,0.7071067811865476,FALSE,0.7494314234681099,"(0.51,0.76]"
G025_R380_C1135,G025_R382_C1132,0.9013878188659973,FALSE,0.65194791862991,"(0.76,1.01]"
G025_R380_C1143,G025_R382_C1132,2.7950849718747373,FALSE,0.0852212741615218,"(1.51,Inf]"
G025_R380_C1144,G025_R382_C1132,3.0413812651491097,FALSE,0.25957438702900365,"(1.51,Inf]"
G025_R380_C1145,G025_R382_C1132,3.2882366094914763,FALSE,0.11821208256045183,"(1.51,Inf]"
G025_R380_C1146,G025_R382_C1132,3.5355339059327378,FALSE,0.07356068477033156,"(1.51,Inf]"
G025_R380_C1147,G025_R382_C1132,3.783186487605389,FALSE,0.02935739620352408,"(1.51,Inf]"
G025_R381_C1132,G025_R382_C1132,0.25,TRUE,0.9498067561302461,"[0,0.26]"
G025_R381_C1133,G025_R382_C1132,0.3535533905932738,FALSE,0.9131167961628063,"(0.26,0.51]"
G025_R381_C1134,G025_R382_C1132,0.5590169943749475,FALSE,0.8631298667302821,"(0.51,0.76]"
G025_R381_C1135,G025_R382_C1132,0.7905694150420949,FALSE,0.828008086803285,"(0.76,1.01]"
G025_R381_C1143,G025_R382_C1132,2.7613402542968153,FALSE,0.1257595705987265,"(1.51,Inf]"
G025_R381_C1144,G025_R382_C1132,3.010398644698074,FALSE,0.2608896640581063,"(1.51,Inf]"
G025_R381_C1145,G025_R382_C1132,3.2596012026013246,FALSE,0.1495746686400453,"(1.51,Inf]"
G025_R381_C1146,G025_R382_C1132,3.5089172119045497,FALSE,0.12332123996283408,"(1.51,Inf]"
G025_R381_C1147,G025_R382_C1132,3.758324094593227,FALSE,0.07821976432154923,"(1.51,Inf]"
G025_R380_C1132,G025_R382_C1133,0.5590169943749475,FALSE,0.915337268559585,"(0.51,0.76]"
G025_R380_C1133,G025_R382_C1133,0.5,FALSE,0.8637756877758773,"(0.26,0.51]"
G025_R380_C1134,G025_R382_C1133,0.5590169943749475,FALSE,0.7709658601993774,"(0.51,0.76]"
G025_R380_C1135,G025_R382_C1133,0.7071067811865476,FALSE,0.6841378127709676,"(0.51,0.76]"
G025_R380_C1143,G025_R382_C1133,2.5495097567963922,FALSE,0.08506685889028584,"(1.51,Inf]"
G025_R380_C1144,G025_R382_C1133,2.7950849718747373,FALSE,0.23881999073914872,"(1.51,Inf]"
G025_R380_C1145,G025_R382_C1133,3.0413812651491097,FALSE,0.10626149051570093,"(1.51,Inf]"
G025_R380_C1146,G025_R382_C1133,3.2882366094914763,FALSE,0.04650531547197309,"(1.51,Inf]"
G025_R380_C1147,G025_R382_C1133,3.5355339059327378,FALSE,0.01037503288782816,"(1.51,Inf]"
G025_R381_C1132,G025_R382_C1133,0.3535533905932738,FALSE,0.9532188413417285,"(0.26,0.51]"
G025_R381_C1133,G025_R382_C1133,0.25,TRUE,0.9546235480996029,"[0,0.26]"
G025_R381_C1134,G025_R382_C1133,0.3535533905932738,FALSE,0.900633864180367,"(0.26,0.51]"
G025_R381_C1135,G025_R382_C1133,0.5590169943749475,FALSE,0.8594914775244107,"(0.51,0.76]"
G025_R381_C1143,G025_R382_C1133,2.5124689052802225,FALSE,0.08039376346439882,"(1.51,Inf]"
G025_R381_C1144,G025_R382_C1133,2.7613402542968153,FALSE,0.2533790553105896,"(1.51,Inf]"
G025_R381_C1145,G025_R382_C1133,3.010398644698074,FALSE,0.15056586803377892,"(1.51,Inf]"
G025_R381_C1146,G025_R382_C1133,3.2596012026013246,FALSE,0.10872466024778832,"(1.51,Inf]"
G025_R381_C1147,G025_R382_C1133,3.5089172119045497,FALSE,0.05725699168251665,"(1.51,Inf]"
G025_R382_C1132,G025_R382_C1133,0.25,TRUE,0.9640321965914757,"[0,0.26]"
G025_R380_C1132,G025_R382_C1134,0.7071067811865476,FALSE,0.9155421166431145,"(0.51,0.76]"
G025_R380_C1133,G025_R382_C1134,0.5590169943749475,FALSE,0.8775544502867191,"(0.51,0.76]"
G025_R380_C1134,G025_R382_C1134,0.5,FALSE,0.7859402930993082,"(0.26,0.51]"
G025_R380_C1135,G025_R382_C1134,0.5590169943749475,FALSE,0.6954218942228593,"(0.51,0.76]"
G025_R380_C1143,G025_R382_C1134,2.3048861143232218,FALSE,0.08317241176604942,"(1.51,Inf]"
G025_R380_C1144,G025_R382_C1134,2.5495097567963922,FALSE,0.23265008593309974,"(1.51,Inf]"
G025_R380_C1145,G025_R382_C1134,2.7950849718747373,FALSE,0.11712390832328425,"(1.51,Inf]"
G025_R380_C1146,G025_R382_C1134,3.0413812651491097,FALSE,0.05768939241756817,"(1.51,Inf]"
G025_R380_C1147,G025_R382_C1134,3.2882366094914763,FALSE,0.011245341526865843,"(1.51,Inf]"
G025_R381_C1132,G025_R382_C1134,0.5590169943749475,FALSE,0.9265781725273191,"(0.51,0.76]"
G025_R381_C1133,G025_R382_C1134,0.3535533905932738,FALSE,0.953158758597115,"(0.26,0.51]"
G025_R381_C1134,G025_R382_C1134,0.25,TRUE,0.9228239631359232,"[0,0.26]"
G025_R381_C1135,G025_R382_C1134,0.3535533905932738,FALSE,0.8817336514250113,"(0.26,0.51]"
G025_R381_C1143,G025_R382_C1134,2.2638462845343543,FALSE,0.06176134702295324,"(1.51,Inf]"
G025_R381_C1144,G025_R382_C1134,2.5124689052802225,FALSE,0.26784364495481405,"(1.51,Inf]"
G025_R381_C1145,G025_R382_C1134,2.7613402542968153,FALSE,0.17739984894976327,"(1.51,Inf]"
G025_R381_C1146,G025_R382_C1134,3.010398644698074,FALSE,0.14741187596464855,"(1.51,Inf]"
G025_R381_C1147,G025_R382_C1134,3.2596012026013246,FALSE,0.05985309626688563,"(1.51,Inf]"
G025_R382_C1132,G025_R382_C1134,0.5,FALSE,0.9150189861412789,"(0.26,0.51]"
G025_R382_C1133,G025_R382_C1134,0.25,TRUE,0.9688786465410941,"[0,0.26]"
G025_R380_C1132,G025_R382_C1135,0.9013878188659973,FALSE,0.8928431365758375,"(0.76,1.01]"
G025_R380_C1133,G025_R382_C1135,0.7071067811865476,FALSE,0.8705373016120173,"(0.51,0.76]"
G025_R380_C1134,G025_R382_C1135,0.5590169943749475,FALSE,0.7849825857010645,"(0.51,0.76]"
G025_R380_C1135,G025_R382_C1135,0.5,FALSE,0.6976964811227119,"(0.26,0.51]"
G025_R380_C1143,G025_R382_C1135,2.0615528128088303,FALSE,0.05233011972099872,"(1.51,Inf]"
G025_R380_C1144,G025_R382_C1135,2.3048861143232218,FALSE,0.23841067007265557,"(1.51,Inf]"
G025_R380_C1145,G025_R382_C1135,2.5495097567963922,FALSE,0.12400714180670772,"(1.51,Inf]"
G025_R380_C1146,G025_R382_C1135,2.7950849718747373,FALSE,0.03947847191866763,"(1.51,Inf]"
G025_R380_C1147,G025_R382_C1135,3.0413812651491097,FALSE,-0.018380797072343944,"(1.51,Inf]"
G025_R381_C1132,G025_R382_C1135,0.7905694150420949,FALSE,0.8985450830518339,"(0.76,1.01]"
G025_R381_C1133,G025_R382_C1135,0.5590169943749475,FALSE,0.929947407897141,"(0.51,0.76]"
G025_R381_C1134,G025_R382_C1135,0.3535533905932738,FALSE,0.919895923082284,"(0.26,0.51]"
G025_R381_C1135,G025_R382_C1135,0.25,TRUE,0.9057575785368139,"[0,0.26]"
G025_R381_C1143,G025_R382_C1135,2.0155644370746373,FALSE,0.06357253976838034,"(1.51,Inf]"
G025_R381_C1144,G025_R382_C1135,2.2638462845343543,FALSE,0.3035254964125455,"(1.51,Inf]"
G025_R381_C1145,G025_R382_C1135,2.5124689052802225,FALSE,0.1695230507072526,"(1.51,Inf]"
G025_R381_C1146,G025_R382_C1135,2.7613402542968153,FALSE,0.10866847709258654,"(1.51,Inf]"
G025_R381_C1147,G025_R382_C1135,3.010398644698074,FALSE,0.029963265527275212,"(1.51,Inf]"
G025_R382_C1132,G025_R382_C1135,0.75,FALSE,0.8848563497488297,"(0.51,0.76]"
G025_R382_C1133,G025_R382_C1135,0.5,FALSE,0.9301612657123443,"(0.26,0.51]"
G025_R382_C1134,G025_R382_C1135,0.25,TRUE,0.9700676323603199,"[0,0.26]"
G025_R380_C1132,G025_R382_C1136,1.118033988749895,FALSE,0.8143505116847685,"(1.01,1.51]"
G025_R380_C1133,G025_R382_C1136,0.9013878188659973,FALSE,0.8245141245625979,"(0.76,1.01]"
G025_R380_C1134,G025_R382_C1136,0.7071067811865476,FALSE,0.8033614974494154,"(0.51,0.76]"
G025_R380_C1135,G025_R382_C1136,0.5590169943749475,FALSE,0.7635937961269132,"(0.51,0.76]"
G025_R380_C1143,G025_R382_C1136,1.8200274723201295,FALSE,0.08041585542756396,"(1.51,Inf]"
G025_R380_C1144,G025_R382_C1136,2.0615528128088303,FALSE,0.23397396521419508,"(1.51,Inf]"
G025_R380_C1145,G025_R382_C1136,2.3048861143232218,FALSE,0.14116345251582518,"(1.51,Inf]"
G025_R380_C1146,G025_R382_C1136,2.5495097567963922,FALSE,0.006834637593282262,"(1.51,Inf]"
G025_R380_C1147,G025_R382_C1136,2.7950849718747373,FALSE,-0.06502999580434922,"(1.51,Inf]"
G025_R381_C1132,G025_R382_C1136,1.0307764064044151,FALSE,0.8134458463362744,"(1.01,1.51]"
G025_R381_C1133,G025_R382_C1136,0.7905694150420949,FALSE,0.8302912602438953,"(0.76,1.01]"
G025_R381_C1134,G025_R382_C1136,0.5590169943749475,FALSE,0.8281896440018515,"(0.51,0.76]"
G025_R381_C1135,G025_R382_C1136,0.3535533905932738,FALSE,0.8846359991893529,"(0.26,0.51]"
G025_R381_C1143,G025_R382_C1136,1.7677669529663689,FALSE,0.09658184742886637,"(1.51,Inf]"
G025_R381_C1144,G025_R382_C1136,2.0155644370746373,FALSE,0.3162503238265858,"(1.51,Inf]"
G025_R381_C1145,G025_R382_C1136,2.2638462845343543,FALSE,0.15278252826313962,"(1.51,Inf]"
G025_R381_C1146,G025_R382_C1136,2.5124689052802225,FALSE,0.05102398591470038,"(1.51,Inf]"
G025_R381_C1147,G025_R382_C1136,2.7613402542968153,FALSE,-0.02051015610533432,"(1.51,Inf]"
G025_R382_C1132,G025_R382_C1136,1,FALSE,0.8150960432674459,"(0.76,1.01]"
G025_R382_C1133,G025_R382_C1136,0.75,FALSE,0.8267978199252706,"(0.51,0.76]"
G025_R382_C1134,G025_R382_C1136,0.5,FALSE,0.8335832374340318,"(0.26,0.51]"
G025_R382_C1135,G025_R382_C1136,0.25,TRUE,0.8757954391026873,"[0,0.26]"
G025_R380_C1132,G025_R382_C1138,1.5811388300841898,FALSE,0.16246688522223837,"(1.51,Inf]"
G025_R380_C1133,G025_R382_C1138,1.346291201783626,FALSE,0.16237082087609023,"(1.01,1.51]"
G025_R380_C1134,G025_R382_C1138,1.118033988749895,FALSE,0.2115312430631683,"(1.01,1.51]"
G025_R380_C1135,G025_R382_C1138,0.9013878188659973,FALSE,0.20816505504590893,"(0.76,1.01]"
G025_R380_C1143,G025_R382_C1138,1.346291201783626,FALSE,0.21817315783697078,"(1.01,1.51]"
G025_R380_C1144,G025_R382_C1138,1.5811388300841898,FALSE,0.14880879508420528,"(1.51,Inf]"
G025_R380_C1145,G025_R382_C1138,1.8200274723201295,FALSE,0.0698915989685359,"(1.51,Inf]"
G025_R380_C1146,G025_R382_C1138,2.0615528128088303,FALSE,-0.05210510380963105,"(1.51,Inf]"
G025_R380_C1147,G025_R382_C1138,2.3048861143232218,FALSE,-0.08167022984389834,"(1.51,Inf]"
G025_R381_C1132,G025_R382_C1138,1.5206906325745548,FALSE,0.15059441301757084,"(1.51,Inf]"
G025_R381_C1133,G025_R382_C1138,1.2747548783981961,FALSE,0.1466710131032258,"(1.01,1.51]"
G025_R381_C1134,G025_R382_C1138,1.0307764064044151,FALSE,0.12687129554113794,"(1.01,1.51]"
G025_R381_C1135,G025_R382_C1138,0.7905694150420949,FALSE,0.16463287047773656,"(0.76,1.01]"
G025_R381_C1143,G025_R382_C1138,1.2747548783981961,FALSE,0.21496624775326204,"(1.01,1.51]"
G025_R381_C1144,G025_R382_C1138,1.5206906325745548,FALSE,0.14673962717233732,"(1.51,Inf]"
G025_R381_C1145,G025_R382_C1138,1.7677669529663689,FALSE,0.1386636453331814,"(1.51,Inf]"
G025_R381_C1146,G025_R382_C1138,2.0155644370746373,FALSE,0.03172522716682501,"(1.51,Inf]"
G025_R381_C1147,G025_R382_C1138,2.2638462845343543,FALSE,-0.08716637746682385,"(1.51,Inf]"
G025_R382_C1132,G025_R382_C1138,1.5,FALSE,0.13951936961695618,"(1.01,1.51]"
G025_R382_C1133,G025_R382_C1138,1.25,FALSE,0.15309177336667806,"(1.01,1.51]"
G025_R382_C1134,G025_R382_C1138,1,FALSE,0.1341167702930211,"(0.76,1.01]"
G025_R382_C1135,G025_R382_C1138,0.75,FALSE,0.13571825813661903,"(0.51,0.76]"
G025_R382_C1136,G025_R382_C1138,0.5,FALSE,0.2091170133181769,"(0.26,0.51]"
G025_R380_C1132,G025_R382_C1141,2.3048861143232218,FALSE,0.317057935975951,"(1.51,Inf]"
G025_R380_C1133,G025_R382_C1141,2.0615528128088303,FALSE,0.291072445927263,"(1.51,Inf]"
G025_R380_C1134,G025_R382_C1141,1.8200274723201295,FALSE,0.27836587164477405,"(1.51,Inf]"
G025_R380_C1135,G025_R382_C1141,1.5811388300841898,FALSE,0.2973421969287047,"(1.51,Inf]"
G025_R380_C1143,G025_R382_C1141,0.7071067811865476,FALSE,0.04827579146883324,"(0.51,0.76]"
G025_R380_C1144,G025_R382_C1141,0.9013878188659973,FALSE,0.0638959020921681,"(0.76,1.01]"
G025_R380_C1145,G025_R382_C1141,1.118033988749895,FALSE,0.0023504535193688354,"(1.01,1.51]"
G025_R380_C1146,G025_R382_C1141,1.346291201783626,FALSE,-0.04597400892883054,"(1.01,1.51]"
G025_R380_C1147,G025_R382_C1141,1.5811388300841898,FALSE,-0.06942923187712745,"(1.51,Inf]"
G025_R381_C1132,G025_R382_C1141,2.2638462845343543,FALSE,0.356415317449217,"(1.51,Inf]"
G025_R381_C1133,G025_R382_C1141,2.0155644370746373,FALSE,0.327359046982917,"(1.51,Inf]"
G025_R381_C1134,G025_R382_C1141,1.7677669529663689,FALSE,0.3134409531926782,"(1.51,Inf]"
G025_R381_C1135,G025_R382_C1141,1.5206906325745548,FALSE,0.34708911044190593,"(1.51,Inf]"
G025_R381_C1143,G025_R382_C1141,0.5590169943749475,FALSE,0.08231890334192717,"(0.51,0.76]"
G025_R381_C1144,G025_R382_C1141,0.7905694150420949,FALSE,0.10654419707028509,"(0.76,1.01]"
G025_R381_C1145,G025_R382_C1141,1.0307764064044151,FALSE,0.040693197557843376,"(1.01,1.51]"
G025_R381_C1146,G025_R382_C1141,1.2747548783981961,FALSE,-0.004371129623428554,"(1.01,1.51]"
G025_R381_C1147,G025_R382_C1141,1.5206906325745548,FALSE,-0.03490497516088569,"(1.51,Inf]"
G025_R382_C1132,G025_R382_C1141,2.25,FALSE,0.3463723728085388,"(1.51,Inf]"
G025_R382_C1133,G025_R382_C1141,2,FALSE,0.3670638794729116,"(1.51,Inf]"
G025_R382_C1134,G025_R382_C1141,1.75,FALSE,0.35928104790080595,"(1.51,Inf]"
G025_R382_C1135,G025_R382_C1141,1.5,FALSE,0.3593002986758029,"(1.01,1.51]"
G025_R382_C1136,G025_R382_C1141,1.25,FALSE,0.3955614334465148,"(1.01,1.51]"
G025_R382_C1138,G025_R382_C1141,0.75,FALSE,0.17083945057027786,"(0.51,0.76]"
G025_R380_C1132,G025_R382_C1143,2.7950849718747373,FALSE,0.1039358786878737,"(1.51,Inf]"
G025_R380_C1133,G025_R382_C1143,2.5495097567963922,FALSE,0.09820881553005696,"(1.51,Inf]"
G025_R380_C1134,G025_R382_C1143,2.3048861143232218,FALSE,0.1559730396786204,"(1.51,Inf]"
G025_R380_C1135,G025_R382_C1143,2.0615528128088303,FALSE,0.07876967958834798,"(1.51,Inf]"
G025_R380_C1143,G025_R382_C1143,0.5,FALSE,0.3277348008865388,"(0.26,0.51]"
G025_R380_C1144,G025_R382_C1143,0.5590169943749475,FALSE,0.22253866138679648,"(0.51,0.76]"
G025_R380_C1145,G025_R382_C1143,0.7071067811865476,FALSE,0.1487522192705954,"(0.51,0.76]"
G025_R380_C1146,G025_R382_C1143,0.9013878188659973,FALSE,-0.055108186432954225,"(0.76,1.01]"
G025_R380_C1147,G025_R382_C1143,1.118033988749895,FALSE,-0.11550483827102109,"(1.01,1.51]"
G025_R381_C1132,G025_R382_C1143,2.7613402542968153,FALSE,0.10113888849929092,"(1.51,Inf]"
G025_R381_C1133,G025_R382_C1143,2.5124689052802225,FALSE,0.12914554079659854,"(1.51,Inf]"
G025_R381_C1134,G025_R382_C1143,2.2638462845343543,FALSE,0.12219170804411178,"(1.51,Inf]"
G025_R381_C1135,G025_R382_C1143,2.0155644370746373,FALSE,0.1372805224051638,"(1.51,Inf]"
G025_R381_C1143,G025_R382_C1143,0.25,TRUE,0.4485481687286359,"[0,0.26]"
G025_R381_C1144,G025_R382_C1143,0.3535533905932738,FALSE,0.36740087535823696,"(0.26,0.51]"
G025_R381_C1145,G025_R382_C1143,0.5590169943749475,FALSE,0.29346023885930633,"(0.51,0.76]"
G025_R381_C1146,G025_R382_C1143,0.7905694150420949,FALSE,0.19003399662548873,"(0.76,1.01]"
G025_R381_C1147,G025_R382_C1143,1.0307764064044151,FALSE,0.018537626297763756,"(1.01,1.51]"
G025_R382_C1132,G025_R382_C1143,2.75,FALSE,0.08964673076752076,"(1.51,Inf]"
G025_R382_C1133,G025_R382_C1143,2.5,FALSE,0.09421957124630605,"(1.51,Inf]"
G025_R382_C1134,G025_R382_C1143,2.25,FALSE,0.12409550503662188,"(1.51,Inf]"
G025_R382_C1135,G025_R382_C1143,2,FALSE,0.1452738147534788,"(1.51,Inf]"
G025_R382_C1136,G025_R382_C1143,1.75,FALSE,0.19710999385558,"(1.51,Inf]"
G025_R382_C1138,G025_R382_C1143,1.25,FALSE,0.2782845813932922,"(1.01,1.51]"
G025_R382_C1141,G025_R382_C1143,0.5,FALSE,0.21204197482959117,"(0.26,0.51]"
G025_R380_C1132,G025_R382_C1144,3.0413812651491097,FALSE,0.11327637288841863,"(1.51,Inf]"
G025_R380_C1133,G025_R382_C1144,2.7950849718747373,FALSE,0.11390040520392407,"(1.51,Inf]"
G025_R380_C1134,G025_R382_C1144,2.5495097567963922,FALSE,0.09263319310381307,"(1.51,Inf]"
G025_R380_C1135,G025_R382_C1144,2.3048861143232218,FALSE,0.050753287330045964,"(1.51,Inf]"
G025_R380_C1143,G025_R382_C1144,0.5590169943749475,FALSE,0.13798297656742434,"(0.51,0.76]"
G025_R380_C1144,G025_R382_C1144,0.5,FALSE,0.34563798853315364,"(0.26,0.51]"
G025_R380_C1145,G025_R382_C1144,0.5590169943749475,FALSE,0.3791370961905453,"(0.51,0.76]"
G025_R380_C1146,G025_R382_C1144,0.7071067811865476,FALSE,0.24395474142673523,"(0.51,0.76]"
G025_R380_C1147,G025_R382_C1144,0.9013878188659973,FALSE,0.04637234477968566,"(0.76,1.01]"
G025_R381_C1132,G025_R382_C1144,3.010398644698074,FALSE,0.1093555727926005,"(1.51,Inf]"
G025_R381_C1133,G025_R382_C1144,2.7613402542968153,FALSE,0.09592735539285684,"(1.51,Inf]"
G025_R381_C1134,G025_R382_C1144,2.5124689052802225,FALSE,0.1099732241843773,"(1.51,Inf]"
G025_R381_C1135,G025_R382_C1144,2.2638462845343543,FALSE,0.11129140812828735,"(1.51,Inf]"
G025_R381_C1143,G025_R382_C1144,0.3535533905932738,FALSE,0.2992436660550495,"(0.26,0.51]"
G025_R381_C1144,G025_R382_C1144,0.25,TRUE,0.6050704844721773,"[0,0.26]"
G025_R381_C1145,G025_R382_C1144,0.3535533905932738,FALSE,0.5139619273863479,"(0.26,0.51]"
G025_R381_C1146,G025_R382_C1144,0.5590169943749475,FALSE,0.379950849821732,"(0.51,0.76]"
G025_R381_C1147,G025_R382_C1144,0.7905694150420949,FALSE,0.35455877506692596,"(0.76,1.01]"
G025_R382_C1132,G025_R382_C1144,3,FALSE,0.08217918568712837,"(1.51,Inf]"
G025_R382_C1133,G025_R382_C1144,2.75,FALSE,0.052182986605780655,"(1.51,Inf]"
G025_R382_C1134,G025_R382_C1144,2.5,FALSE,0.0797130033678002,"(1.51,Inf]"
G025_R382_C1135,G025_R382_C1144,2.25,FALSE,0.10889427898699977,"(1.51,Inf]"
G025_R382_C1136,G025_R382_C1144,2,FALSE,0.09561882675153194,"(1.51,Inf]"
G025_R382_C1138,G025_R382_C1144,1.5,FALSE,0.09351632849787105,"(1.01,1.51]"
G025_R382_C1141,G025_R382_C1144,0.75,FALSE,0.07365958285965564,"(0.51,0.76]"
G025_R382_C1143,G025_R382_C1144,0.25,TRUE,0.4302403787492547,"[0,0.26]"
G025_R380_C1132,G025_R382_C1145,3.2882366094914763,FALSE,0.02047078744357864,"(1.51,Inf]"
G025_R380_C1133,G025_R382_C1145,3.0413812651491097,FALSE,0.04104004961187991,"(1.51,Inf]"
G025_R380_C1134,G025_R382_C1145,2.7950849718747373,FALSE,0.03208484868651079,"(1.51,Inf]"
G025_R380_C1135,G025_R382_C1145,2.5495097567963922,FALSE,-0.027750715916429785,"(1.51,Inf]"
G025_R380_C1143,G025_R382_C1145,0.7071067811865476,FALSE,0.11930269317542773,"(0.51,0.76]"
G025_R380_C1144,G025_R382_C1145,0.5590169943749475,FALSE,0.2594506532417981,"(0.51,0.76]"
G025_R380_C1145,G025_R382_C1145,0.5,FALSE,0.4383019850828872,"(0.26,0.51]"
G025_R380_C1146,G025_R382_C1145,0.5590169943749475,FALSE,0.4106090596744993,"(0.51,0.76]"
G025_R380_C1147,G025_R382_C1145,0.7071067811865476,FALSE,0.229575931124596,"(0.51,0.76]"
G025_R381_C1132,G025_R382_C1145,3.2596012026013246,FALSE,0.0028660362563278706,"(1.51,Inf]"
G025_R381_C1133,G025_R382_C1145,3.010398644698074,FALSE,0.02588264090587051,"(1.51,Inf]"
G025_R381_C1134,G025_R382_C1145,2.7613402542968153,FALSE,0.030267508207097255,"(1.51,Inf]"
G025_R381_C1135,G025_R382_C1145,2.5124689052802225,FALSE,0.007234360701186216,"(1.51,Inf]"
G025_R381_C1143,G025_R382_C1145,0.5590169943749475,FALSE,0.1359367100875619,"(0.51,0.76]"
G025_R381_C1144,G025_R382_C1145,0.3535533905932738,FALSE,0.40480199533594824,"(0.26,0.51]"
G025_R381_C1145,G025_R382_C1145,0.25,TRUE,0.6131300600375338,"[0,0.26]"
G025_R381_C1146,G025_R382_C1145,0.3535533905932738,FALSE,0.5782192317224941,"(0.26,0.51]"
G025_R381_C1147,G025_R382_C1145,0.5590169943749475,FALSE,0.5259223844425092,"(0.51,0.76]"
G025_R382_C1132,G025_R382_C1145,3.25,FALSE,-0.013385735159465659,"(1.51,Inf]"
G025_R382_C1133,G025_R382_C1145,3,FALSE,-0.01760847125182328,"(1.51,Inf]"
G025_R382_C1134,G025_R382_C1145,2.75,FALSE,-0.002895520302143396,"(1.51,Inf]"
G025_R382_C1135,G025_R382_C1145,2.5,FALSE,0.0025954066213197476,"(1.51,Inf]"
G025_R382_C1136,G025_R382_C1145,2.25,FALSE,-0.0023320395905592436,"(1.51,Inf]"
G025_R382_C1138,G025_R382_C1145,1.75,FALSE,0.03144465194302762,"(1.51,Inf]"
G025_R382_C1141,G025_R382_C1145,1,FALSE,-0.04934414453996646,"(0.76,1.01]"
G025_R382_C1143,G025_R382_C1145,0.5,FALSE,0.2005647291464348,"(0.26,0.51]"
G025_R382_C1144,G025_R382_C1145,0.25,TRUE,0.6643401934022959,"[0,0.26]"
G025_R380_C1132,G025_R382_C1146,3.5355339059327378,FALSE,-0.01878853275469224,"(1.51,Inf]"
G025_R380_C1133,G025_R382_C1146,3.2882366094914763,FALSE,0.03229665787661125,"(1.51,Inf]"
G025_R380_C1134,G025_R382_C1146,3.0413812651491097,FALSE,0.008101416122547563,"(1.51,Inf]"
G025_R380_C1135,G025_R382_C1146,2.7950849718747373,FALSE,-0.05738871841817791,"(1.51,Inf]"
G025_R380_C1143,G025_R382_C1146,0.9013878188659973,FALSE,0.0977709548561922,"(0.76,1.01]"
G025_R380_C1144,G025_R382_C1146,0.7071067811865476,FALSE,0.3009217050634464,"(0.51,0.76]"
G025_R380_C1145,G025_R382_C1146,0.5590169943749475,FALSE,0.364087932656529,"(0.51,0.76]"
G025_R380_C1146,G025_R382_C1146,0.5,FALSE,0.34379780651072483,"(0.26,0.51]"
G025_R380_C1147,G025_R382_C1146,0.5590169943749475,FALSE,0.30108306853394223,"(0.51,0.76]"
G025_R381_C1132,G025_R382_C1146,3.5089172119045497,FALSE,-0.0657038600123794,"(1.51,Inf]"
G025_R381_C1133,G025_R382_C1146,3.2596012026013246,FALSE,-0.01692684912921956,"(1.51,Inf]"
G025_R381_C1134,G025_R382_C1146,3.010398644698074,FALSE,0.0063591379114580565,"(1.51,Inf]"
G025_R381_C1135,G025_R382_C1146,2.7613402542968153,FALSE,-0.0604688307264639,"(1.51,Inf]"
G025_R381_C1143,G025_R382_C1146,0.7905694150420949,FALSE,0.09899166359416718,"(0.76,1.01]"
G025_R381_C1144,G025_R382_C1146,0.5590169943749475,FALSE,0.2509814635095849,"(0.51,0.76]"
G025_R381_C1145,G025_R382_C1146,0.3535533905932738,FALSE,0.39877170228371245,"(0.26,0.51]"
G025_R381_C1146,G025_R382_C1146,0.25,TRUE,0.3116199134231315,"[0,0.26]"
G025_R381_C1147,G025_R382_C1146,0.3535533905932738,FALSE,0.4641833442765859,"(0.26,0.51]"
G025_R382_C1132,G025_R382_C1146,3.5,FALSE,-0.05438215631654281,"(1.51,Inf]"
G025_R382_C1133,G025_R382_C1146,3.25,FALSE,-0.058418757439602814,"(1.51,Inf]"
G025_R382_C1134,G025_R382_C1146,3,FALSE,-0.06828519093811238,"(1.51,Inf]"
G025_R382_C1135,G025_R382_C1146,2.75,FALSE,-0.04584237300715482,"(1.51,Inf]"
G025_R382_C1136,G025_R382_C1146,2.5,FALSE,-0.020206661073737316,"(1.51,Inf]"
G025_R382_C1138,G025_R382_C1146,2,FALSE,-0.03346488135073529,"(1.51,Inf]"
G025_R382_C1141,G025_R382_C1146,1.25,FALSE,-0.11387585379672438,"(1.01,1.51]"
G025_R382_C1143,G025_R382_C1146,0.75,FALSE,0.10516535838125282,"(0.51,0.76]"
G025_R382_C1144,G025_R382_C1146,0.5,FALSE,0.3788842597342254,"(0.26,0.51]"
G025_R382_C1145,G025_R382_C1146,0.25,TRUE,0.7467481067299949,"[0,0.26]"
G025_R380_C1132,G025_R382_C1147,3.783186487605389,FALSE,-0.0611719834020524,"(1.51,Inf]"
G025_R380_C1133,G025_R382_C1147,3.5355339059327378,FALSE,0.019250222248470464,"(1.51,Inf]"
G025_R380_C1134,G025_R382_C1147,3.2882366094914763,FALSE,0.004888875619592269,"(1.51,Inf]"
G025_R380_C1135,G025_R382_C1147,3.0413812651491097,FALSE,-0.06789742238023878,"(1.51,Inf]"
G025_R380_C1143,G025_R382_C1147,1.118033988749895,FALSE,0.08973905733492812,"(1.01,1.51]"
G025_R380_C1144,G025_R382_C1147,0.9013878188659973,FALSE,0.1916680739440895,"(0.76,1.01]"
G025_R380_C1145,G025_R382_C1147,0.7071067811865476,FALSE,0.313519896564197,"(0.51,0.76]"
G025_R380_C1146,G025_R382_C1147,0.5590169943749475,FALSE,0.3602053053798858,"(0.51,0.76]"
G025_R380_C1147,G025_R382_C1147,0.5,FALSE,0.37829986739819044,"(0.26,0.51]"
G025_R381_C1132,G025_R382_C1147,3.758324094593227,FALSE,-0.10978453784150176,"(1.51,Inf]"
G025_R381_C1133,G025_R382_C1147,3.5089172119045497,FALSE,-0.06084323470146543,"(1.51,Inf]"
G025_R381_C1134,G025_R382_C1147,3.2596012026013246,FALSE,-0.015488832686819784,"(1.51,Inf]"
G025_R381_C1135,G025_R382_C1147,3.010398644698074,FALSE,-0.07275595252490917,"(1.51,Inf]"
G025_R381_C1143,G025_R382_C1147,1.0307764064044151,FALSE,0.01611569986706979,"(1.01,1.51]"
G025_R381_C1144,G025_R382_C1147,0.7905694150420949,FALSE,0.21538511109994055,"(0.76,1.01]"
G025_R381_C1145,G025_R382_C1147,0.5590169943749475,FALSE,0.35907487125544796,"(0.51,0.76]"
G025_R381_C1146,G025_R382_C1147,0.3535533905932738,FALSE,0.33483633495100484,"(0.26,0.51]"
G025_R381_C1147,G025_R382_C1147,0.25,TRUE,0.5633510926516747,"[0,0.26]"
G025_R382_C1132,G025_R382_C1147,3.75,FALSE,-0.07601517029463131,"(1.51,Inf]"
G025_R382_C1133,G025_R382_C1147,3.5,FALSE,-0.08498375793081125,"(1.51,Inf]"
G025_R382_C1134,G025_R382_C1147,3.25,FALSE,-0.09023148121299202,"(1.51,Inf]"
G025_R382_C1135,G025_R382_C1147,3,FALSE,-0.07679186291989605,"(1.51,Inf]"
G025_R382_C1136,G025_R382_C1147,2.75,FALSE,-0.06809154108537595,"(1.51,Inf]"
G025_R382_C1138,G025_R382_C1147,2.25,FALSE,-0.01209702081692606,"(1.51,Inf]"
G025_R382_C1141,G025_R382_C1147,1.5,FALSE,-0.0977421418120887,"(1.01,1.51]"
G025_R382_C1143,G025_R382_C1147,1,FALSE,0.07362223557034897,"(0.76,1.01]"
G025_R382_C1144,G025_R382_C1147,0.75,FALSE,0.3335230010828011,"(0.51,0.76]"
G025_R382_C1145,G025_R382_C1147,0.5,FALSE,0.5857383202766444,"(0.26,0.51]"
G025_R382_C1146,G025_R382_C1147,0.25,TRUE,0.7521857112478281,"[0,0.26]"
G025_R380_C1132,G025_R383_C1132,0.75,FALSE,0.8463031047183182,"(0.51,0.76]"
G025_R380_C1133,G025_R383_C1132,0.7905694150420949,FALSE,0.7911444652941362,"(0.76,1.01]"
G025_R380_C1134,G025_R383_C1132,0.9013878188659973,FALSE,0.712128058063653,"(0.76,1.01]"
G025_R380_C1135,G025_R383_C1132,1.0606601717798212,FALSE,0.5982785969275084,"(1.01,1.51]"
G025_R380_C1143,G025_R383_C1132,2.850438562747845,FALSE,0.10560407703803953,"(1.51,Inf]"
G025_R380_C1144,G025_R383_C1132,3.092329219213245,FALSE,0.28614881695746386,"(1.51,Inf]"
G025_R380_C1145,G025_R383_C1132,3.3354160160315836,FALSE,0.11208123664354307,"(1.51,Inf]"
G025_R380_C1146,G025_R383_C1132,3.5794552658190883,FALSE,0.036830215345722526,"(1.51,Inf]"
G025_R380_C1147,G025_R383_C1132,3.824264635194589,FALSE,-0.009113065959861288,"(1.51,Inf]"
G025_R381_C1132,G025_R383_C1132,0.5,FALSE,0.9010883203160495,"(0.26,0.51]"
G025_R381_C1133,G025_R383_C1132,0.5590169943749475,FALSE,0.8803771461889703,"(0.51,0.76]"
G025_R381_C1134,G025_R383_C1132,0.7071067811865476,FALSE,0.839114416148954,"(0.51,0.76]"
G025_R381_C1135,G025_R383_C1132,0.9013878188659973,FALSE,0.7882231111979571,"(0.76,1.01]"
G025_R381_C1143,G025_R383_C1132,2.7950849718747373,FALSE,0.12407696657182801,"(1.51,Inf]"
G025_R381_C1144,G025_R383_C1132,3.0413812651491097,FALSE,0.28497780875039963,"(1.51,Inf]"
G025_R381_C1145,G025_R383_C1132,3.2882366094914763,FALSE,0.16140533094331402,"(1.51,Inf]"
G025_R381_C1146,G025_R383_C1132,3.5355339059327378,FALSE,0.09351999389666706,"(1.51,Inf]"
G025_R381_C1147,G025_R383_C1132,3.783186487605389,FALSE,0.04765951636359307,"(1.51,Inf]"
G025_R382_C1132,G025_R383_C1132,0.25,TRUE,0.953759478949498,"[0,0.26]"
G025_R382_C1133,G025_R383_C1132,0.3535533905932738,FALSE,0.9279380411582481,"(0.26,0.51]"
G025_R382_C1134,G025_R383_C1132,0.5590169943749475,FALSE,0.8919650228242142,"(0.51,0.76]"
G025_R382_C1135,G025_R383_C1132,0.7905694150420949,FALSE,0.8701071356167572,"(0.76,1.01]"
G025_R382_C1136,G025_R383_C1132,1.0307764064044151,FALSE,0.7973726790274572,"(1.01,1.51]"
G025_R382_C1138,G025_R383_C1132,1.5206906325745548,FALSE,0.1272342890601141,"(1.51,Inf]"
G025_R382_C1141,G025_R383_C1132,2.2638462845343543,FALSE,0.3189616933939425,"(1.51,Inf]"
G025_R382_C1143,G025_R383_C1132,2.7613402542968153,FALSE,0.11400374150676014,"(1.51,Inf]"
G025_R382_C1144,G025_R383_C1132,3.010398644698074,FALSE,0.09863210472934672,"(1.51,Inf]"
G025_R382_C1145,G025_R383_C1132,3.2596012026013246,FALSE,-0.02483161265275207,"(1.51,Inf]"
G025_R382_C1146,G025_R383_C1132,3.5089172119045497,FALSE,-0.08294851836986428,"(1.51,Inf]"
G025_R382_C1147,G025_R383_C1132,3.758324094593227,FALSE,-0.061018284057094335,"(1.51,Inf]"
G025_R380_C1132,G025_R383_C1133,0.7905694150420949,FALSE,0.8720120091381419,"(0.76,1.01]"
G025_R380_C1133,G025_R383_C1133,0.75,FALSE,0.8299198526091698,"(0.51,0.76]"
G025_R380_C1134,G025_R383_C1133,0.7905694150420949,FALSE,0.7396338104391683,"(0.76,1.01]"
G025_R380_C1135,G025_R383_C1133,0.9013878188659973,FALSE,0.6328465375690471,"(0.76,1.01]"
G025_R380_C1143,G025_R383_C1133,2.6100766272276377,FALSE,0.1095139156064092,"(1.51,Inf]"
G025_R380_C1144,G025_R383_C1133,2.850438562747845,FALSE,0.28401749476947435,"(1.51,Inf]"
G025_R380_C1145,G025_R383_C1133,3.092329219213245,FALSE,0.11477047107468383,"(1.51,Inf]"
G025_R380_C1146,G025_R383_C1133,3.3354160160315836,FALSE,0.056414200154866256,"(1.51,Inf]"
G025_R380_C1147,G025_R383_C1133,3.5794552658190883,FALSE,0.015162138797558698,"(1.51,Inf]"
G025_R381_C1132,G025_R383_C1133,0.5590169943749475,FALSE,0.9135391019585174,"(0.51,0.76]"
G025_R381_C1133,G025_R383_C1133,0.5,FALSE,0.9078024574874715,"(0.26,0.51]"
G025_R381_C1134,G025_R383_C1133,0.5590169943749475,FALSE,0.877067772987979,"(0.51,0.76]"
G025_R381_C1135,G025_R383_C1133,0.7071067811865476,FALSE,0.8262250669820304,"(0.51,0.76]"
G025_R381_C1143,G025_R383_C1133,2.5495097567963922,FALSE,0.10636599025822299,"(1.51,Inf]"
G025_R381_C1144,G025_R383_C1133,2.7950849718747373,FALSE,0.26109246894966515,"(1.51,Inf]"
G025_R381_C1145,G025_R383_C1133,3.0413812651491097,FALSE,0.17038569002886414,"(1.51,Inf]"
G025_R381_C1146,G025_R383_C1133,3.2882366094914763,FALSE,0.09869213646498794,"(1.51,Inf]"
G025_R381_C1147,G025_R383_C1133,3.5355339059327378,FALSE,0.04015219985711123,"(1.51,Inf]"
G025_R382_C1132,G025_R383_C1133,0.3535533905932738,FALSE,0.9555393645633414,"(0.26,0.51]"
G025_R382_C1133,G025_R383_C1133,0.25,TRUE,0.9587367632642949,"[0,0.26]"
G025_R382_C1134,G025_R383_C1133,0.3535533905932738,FALSE,0.9312738568487481,"(0.26,0.51]"
G025_R382_C1135,G025_R383_C1133,0.5590169943749475,FALSE,0.8985677074466201,"(0.51,0.76]"
G025_R382_C1136,G025_R383_C1133,0.7905694150420949,FALSE,0.8320460530439937,"(0.76,1.01]"
G025_R382_C1138,G025_R383_C1133,1.2747548783981961,FALSE,0.13494730571400917,"(1.01,1.51]"
G025_R382_C1141,G025_R383_C1133,2.0155644370746373,FALSE,0.3370695046712405,"(1.51,Inf]"
G025_R382_C1143,G025_R383_C1133,2.5124689052802225,FALSE,0.09232111150541046,"(1.51,Inf]"
G025_R382_C1144,G025_R383_C1133,2.7613402542968153,FALSE,0.06826604826716907,"(1.51,Inf]"
G025_R382_C1145,G025_R383_C1133,3.010398644698074,FALSE,-0.033316032277281186,"(1.51,Inf]"
G025_R382_C1146,G025_R383_C1133,3.2596012026013246,FALSE,-0.07270682992068336,"(1.51,Inf]"
G025_R382_C1147,G025_R383_C1133,3.5089172119045497,FALSE,-0.07106496083384553,"(1.51,Inf]"
G025_R383_C1132,G025_R383_C1133,0.25,TRUE,0.9613537069424007,"[0,0.26]"
G025_R380_C1132,G025_R383_C1134,0.9013878188659973,FALSE,0.8730324435369516,"(0.76,1.01]"
G025_R380_C1133,G025_R383_C1134,0.7905694150420949,FALSE,0.8470943527794103,"(0.76,1.01]"
G025_R380_C1134,G025_R383_C1134,0.75,FALSE,0.7622701658244722,"(0.51,0.76]"
G025_R380_C1135,G025_R383_C1134,0.7905694150420949,FALSE,0.6528127264303459,"(0.76,1.01]"
G025_R380_C1143,G025_R383_C1134,2.3717082451262845,FALSE,0.12167134627563071,"(1.51,Inf]"
G025_R380_C1144,G025_R383_C1134,2.6100766272276377,FALSE,0.260831198544678,"(1.51,Inf]"
G025_R380_C1145,G025_R383_C1134,2.850438562747845,FALSE,0.11113455953130524,"(1.51,Inf]"
G025_R380_C1146,G025_R383_C1134,3.092329219213245,FALSE,0.07841620560874861,"(1.51,Inf]"
G025_R380_C1147,G025_R383_C1134,3.3354160160315836,FALSE,0.02498391098799008,"(1.51,Inf]"
G025_R381_C1132,G025_R383_C1134,0.7071067811865476,FALSE,0.902258176705518,"(0.51,0.76]"
G025_R381_C1133,G025_R383_C1134,0.5590169943749475,FALSE,0.9134509289155243,"(0.51,0.76]"
G025_R381_C1134,G025_R383_C1134,0.5,FALSE,0.893706914482524,"(0.26,0.51]"
G025_R381_C1135,G025_R383_C1134,0.5590169943749475,FALSE,0.8511965198101618,"(0.51,0.76]"
G025_R381_C1143,G025_R383_C1134,2.3048861143232218,FALSE,0.11746413118429805,"(1.51,Inf]"
G025_R381_C1144,G025_R383_C1134,2.5495097567963922,FALSE,0.2641549604754886,"(1.51,Inf]"
G025_R381_C1145,G025_R383_C1134,2.7950849718747373,FALSE,0.17635596349238505,"(1.51,Inf]"
G025_R381_C1146,G025_R383_C1134,3.0413812651491097,FALSE,0.13800393352471696,"(1.51,Inf]"
G025_R381_C1147,G025_R383_C1134,3.2882366094914763,FALSE,0.06840607871712548,"(1.51,Inf]"
G025_R382_C1132,G025_R383_C1134,0.5590169943749475,FALSE,0.9208357727906555,"(0.51,0.76]"
G025_R382_C1133,G025_R383_C1134,0.3535533905932738,FALSE,0.9470447208685991,"(0.26,0.51]"
G025_R382_C1134,G025_R383_C1134,0.25,TRUE,0.9547109012450585,"[0,0.26]"
G025_R382_C1135,G025_R383_C1134,0.3535533905932738,FALSE,0.9282600203023066,"(0.26,0.51]"
G025_R382_C1136,G025_R383_C1134,0.5590169943749475,FALSE,0.830476873336012,"(0.51,0.76]"
G025_R382_C1138,G025_R383_C1134,1.0307764064044151,FALSE,0.140210986527353,"(1.01,1.51]"
G025_R382_C1141,G025_R383_C1134,1.7677669529663689,FALSE,0.35015522503432633,"(1.51,Inf]"
G025_R382_C1143,G025_R383_C1134,2.2638462845343543,FALSE,0.12018122808072124,"(1.51,Inf]"
G025_R382_C1144,G025_R383_C1134,2.5124689052802225,FALSE,0.07326390613828535,"(1.51,Inf]"
G025_R382_C1145,G025_R383_C1134,2.7613402542968153,FALSE,0.0022409464694075616,"(1.51,Inf]"
G025_R382_C1146,G025_R383_C1134,3.010398644698074,FALSE,-0.06891598776326109,"(1.51,Inf]"
G025_R382_C1147,G025_R383_C1134,3.2596012026013246,FALSE,-0.06390081777852048,"(1.51,Inf]"
G025_R383_C1132,G025_R383_C1134,0.5,FALSE,0.9124244680549622,"(0.26,0.51]"
G025_R383_C1133,G025_R383_C1134,0.25,TRUE,0.9606188981467947,"[0,0.26]"
G025_R380_C1132,G025_R383_C1135,1.0606601717798212,FALSE,0.8666770628728468,"(1.01,1.51]"
G025_R380_C1133,G025_R383_C1135,0.9013878188659973,FALSE,0.8427258145389898,"(0.76,1.01]"
G025_R380_C1134,G025_R383_C1135,0.7905694150420949,FALSE,0.7504548732762049,"(0.76,1.01]"
G025_R380_C1135,G025_R383_C1135,0.75,FALSE,0.6567516059772667,"(0.51,0.76]"
G025_R380_C1143,G025_R383_C1135,2.1360009363293826,FALSE,0.08245366084838339,"(1.51,Inf]"
G025_R380_C1144,G025_R383_C1135,2.3717082451262845,FALSE,0.25326939076723015,"(1.51,Inf]"
G025_R380_C1145,G025_R383_C1135,2.6100766272276377,FALSE,0.12521570041670482,"(1.51,Inf]"
G025_R380_C1146,G025_R383_C1135,2.850438562747845,FALSE,0.05283441556131745,"(1.51,Inf]"
G025_R380_C1147,G025_R383_C1135,3.092329219213245,FALSE,0.0011727124025908843,"(1.51,Inf]"
G025_R381_C1132,G025_R383_C1135,0.9013878188659973,FALSE,0.8760772764004274,"(0.76,1.01]"
G025_R381_C1133,G025_R383_C1135,0.7071067811865476,FALSE,0.9092854228879143,"(0.51,0.76]"
G025_R381_C1134,G025_R383_C1135,0.5590169943749475,FALSE,0.8826713517534134,"(0.51,0.76]"
G025_R381_C1135,G025_R383_C1135,0.5,FALSE,0.8654798230473132,"(0.26,0.51]"
G025_R381_C1143,G025_R383_C1135,2.0615528128088303,FALSE,0.08913514762970638,"(1.51,Inf]"
G025_R381_C1144,G025_R383_C1135,2.3048861143232218,FALSE,0.2865425750292221,"(1.51,Inf]"
G025_R381_C1145,G025_R383_C1135,2.5495097567963922,FALSE,0.18117569783329734,"(1.51,Inf]"
G025_R381_C1146,G025_R383_C1135,2.7950849718747373,FALSE,0.14623436680571864,"(1.51,Inf]"
G025_R381_C1147,G025_R383_C1135,3.0413812651491097,FALSE,0.08167083593147006,"(1.51,Inf]"
G025_R382_C1132,G025_R383_C1135,0.7905694150420949,FALSE,0.8933415192205777,"(0.76,1.01]"
G025_R382_C1133,G025_R383_C1135,0.5590169943749475,FALSE,0.9257776582334647,"(0.51,0.76]"
G025_R382_C1134,G025_R383_C1135,0.3535533905932738,FALSE,0.9527547775572547,"(0.26,0.51]"
G025_R382_C1135,G025_R383_C1135,0.25,TRUE,0.9486647302859801,"[0,0.26]"
G025_R382_C1136,G025_R383_C1135,0.3535533905932738,FALSE,0.8397232042158238,"(0.26,0.51]"
G025_R382_C1138,G025_R383_C1135,0.7905694150420949,FALSE,0.12284061262567149,"(0.76,1.01]"
G025_R382_C1141,G025_R383_C1135,1.5206906325745548,FALSE,0.3574808103758732,"(1.51,Inf]"
G025_R382_C1143,G025_R383_C1135,2.0155644370746373,FALSE,0.13903223261871606,"(1.51,Inf]"
G025_R382_C1144,G025_R383_C1135,2.2638462845343543,FALSE,0.10836872079388887,"(1.51,Inf]"
G025_R382_C1145,G025_R383_C1135,2.5124689052802225,FALSE,0.01235703017983435,"(1.51,Inf]"
G025_R382_C1146,G025_R383_C1135,2.7613402542968153,FALSE,-0.04813243524371599,"(1.51,Inf]"
G025_R382_C1147,G025_R383_C1135,3.010398644698074,FALSE,-0.05303604395284133,"(1.51,Inf]"
G025_R383_C1132,G025_R383_C1135,0.75,FALSE,0.8803337506075554,"(0.51,0.76]"
G025_R383_C1133,G025_R383_C1135,0.5,FALSE,0.9240513898150353,"(0.26,0.51]"
G025_R383_C1134,G025_R383_C1135,0.25,TRUE,0.9607375954914084,"[0,0.26]"
G025_R380_C1132,G025_R383_C1136,1.25,FALSE,0.8491531197236197,"(1.01,1.51]"
G025_R380_C1133,G025_R383_C1136,1.0606601717798212,FALSE,0.8385208370456064,"(1.01,1.51]"
G025_R380_C1134,G025_R383_C1136,0.9013878188659973,FALSE,0.7582903463333309,"(0.76,1.01]"
G025_R380_C1135,G025_R383_C1136,0.7905694150420949,FALSE,0.6751364217189271,"(0.76,1.01]"
G025_R380_C1143,G025_R383_C1136,1.9039432764659772,FALSE,0.08484826563078376,"(1.51,Inf]"
G025_R380_C1144,G025_R383_C1136,2.1360009363293826,FALSE,0.24719037516869316,"(1.51,Inf]"
G025_R380_C1145,G025_R383_C1136,2.3717082451262845,FALSE,0.1330226172656328,"(1.51,Inf]"
G025_R380_C1146,G025_R383_C1136,2.6100766272276377,FALSE,0.04648962947285726,"(1.51,Inf]"
G025_R380_C1147,G025_R383_C1136,2.850438562747845,FALSE,-0.03135649122257115,"(1.51,Inf]"
G025_R381_C1132,G025_R383_C1136,1.118033988749895,FALSE,0.8480335996943228,"(1.01,1.51]"
G025_R381_C1133,G025_R383_C1136,0.9013878188659973,FALSE,0.8811312753856522,"(0.76,1.01]"
G025_R381_C1134,G025_R383_C1136,0.7071067811865476,FALSE,0.8711908772621507,"(0.51,0.76]"
G025_R381_C1135,G025_R383_C1136,0.5590169943749475,FALSE,0.8702941899873805,"(0.51,0.76]"
G025_R381_C1143,G025_R383_C1136,1.8200274723201295,FALSE,0.06344501353222023,"(1.51,Inf]"
G025_R381_C1144,G025_R383_C1136,2.0615528128088303,FALSE,0.30958491210273875,"(1.51,Inf]"
G025_R381_C1145,G025_R383_C1136,2.3048861143232218,FALSE,0.17562687748965297,"(1.51,Inf]"
G025_R381_C1146,G025_R383_C1136,2.5495097567963922,FALSE,0.13050847578986205,"(1.51,Inf]"
G025_R381_C1147,G025_R383_C1136,2.7950849718747373,FALSE,0.057801253623236806,"(1.51,Inf]"
G025_R382_C1132,G025_R383_C1136,1.0307764064044151,FALSE,0.8614071928773764,"(1.01,1.51]"
G025_R382_C1133,G025_R383_C1136,0.7905694150420949,FALSE,0.8842340221371878,"(0.76,1.01]"
G025_R382_C1134,G025_R383_C1136,0.5590169943749475,FALSE,0.911643886682541,"(0.51,0.76]"
G025_R382_C1135,G025_R383_C1136,0.3535533905932738,FALSE,0.938393759146675,"(0.26,0.51]"
G025_R382_C1136,G025_R383_C1136,0.25,TRUE,0.9016615445051749,"[0,0.26]"
G025_R382_C1138,G025_R383_C1136,0.5590169943749475,FALSE,0.1181286273416914,"(0.51,0.76]"
G025_R382_C1141,G025_R383_C1136,1.2747548783981961,FALSE,0.3619017016143736,"(1.01,1.51]"
G025_R382_C1143,G025_R383_C1136,1.7677669529663689,FALSE,0.14516890662836937,"(1.51,Inf]"
G025_R382_C1144,G025_R383_C1136,2.0155644370746373,FALSE,0.12445999852131621,"(1.51,Inf]"
G025_R382_C1145,G025_R383_C1136,2.2638462845343543,FALSE,0.04084421993273996,"(1.51,Inf]"
G025_R382_C1146,G025_R383_C1136,2.5124689052802225,FALSE,-0.015803427500142186,"(1.51,Inf]"
G025_R382_C1147,G025_R383_C1136,2.7613402542968153,FALSE,-0.04409525410458728,"(1.51,Inf]"
G025_R383_C1132,G025_R383_C1136,1,FALSE,0.8546558238972187,"(0.76,1.01]"
G025_R383_C1133,G025_R383_C1136,0.75,FALSE,0.8905603819015977,"(0.51,0.76]"
G025_R383_C1134,G025_R383_C1136,0.5,FALSE,0.9119993996036986,"(0.26,0.51]"
G025_R383_C1135,G025_R383_C1136,0.25,TRUE,0.9529973792299515,"[0,0.26]"
G025_R380_C1132,G025_R383_C1137,1.4577379737113252,FALSE,0.7719145374048425,"(1.01,1.51]"
G025_R380_C1133,G025_R383_C1137,1.25,FALSE,0.7884727176944507,"(1.01,1.51]"
G025_R380_C1134,G025_R383_C1137,1.0606601717798212,FALSE,0.7523109932217937,"(1.01,1.51]"
G025_R380_C1135,G025_R383_C1137,0.9013878188659973,FALSE,0.6886464471455687,"(0.76,1.01]"
G025_R380_C1143,G025_R383_C1137,1.6770509831248424,FALSE,0.11124907244084145,"(1.51,Inf]"
G025_R380_C1144,G025_R383_C1137,1.9039432764659772,FALSE,0.22128523357083757,"(1.51,Inf]"
G025_R380_C1145,G025_R383_C1137,2.1360009363293826,FALSE,0.09873300457928938,"(1.51,Inf]"
G025_R380_C1146,G025_R383_C1137,2.3717082451262845,FALSE,0.01212368823834919,"(1.51,Inf]"
G025_R380_C1147,G025_R383_C1137,2.6100766272276377,FALSE,-0.051325996127677784,"(1.51,Inf]"
G025_R381_C1132,G025_R383_C1137,1.346291201783626,FALSE,0.7819896334178174,"(1.01,1.51]"
G025_R381_C1133,G025_R383_C1137,1.118033988749895,FALSE,0.8064830129944802,"(1.01,1.51]"
G025_R381_C1134,G025_R383_C1137,0.9013878188659973,FALSE,0.8018270784633615,"(0.76,1.01]"
G025_R381_C1135,G025_R383_C1137,0.7071067811865476,FALSE,0.8311878886980086,"(0.51,0.76]"
G025_R381_C1143,G025_R383_C1137,1.5811388300841898,FALSE,0.08993305434970396,"(1.51,Inf]"
G025_R381_C1144,G025_R383_C1137,1.8200274723201295,FALSE,0.30308884900750527,"(1.51,Inf]"
G025_R381_C1145,G025_R383_C1137,2.0615528128088303,FALSE,0.15830139362505521,"(1.51,Inf]"
G025_R381_C1146,G025_R383_C1137,2.3048861143232218,FALSE,0.06616336523845338,"(1.51,Inf]"
G025_R381_C1147,G025_R383_C1137,2.5495097567963922,FALSE,0.004859712818285989,"(1.51,Inf]"
G025_R382_C1132,G025_R383_C1137,1.2747548783981961,FALSE,0.7832423976478635,"(1.01,1.51]"
G025_R382_C1133,G025_R383_C1137,1.0307764064044151,FALSE,0.7997213707062532,"(1.01,1.51]"
G025_R382_C1134,G025_R383_C1137,0.7905694150420949,FALSE,0.8092401822058098,"(0.76,1.01]"
G025_R382_C1135,G025_R383_C1137,0.5590169943749475,FALSE,0.8406899663384966,"(0.51,0.76]"
G025_R382_C1136,G025_R383_C1137,0.3535533905932738,FALSE,0.8929704789765148,"(0.26,0.51]"
G025_R382_C1138,G025_R383_C1137,0.3535533905932738,FALSE,0.17988016015118719,"(0.26,0.51]"
G025_R382_C1141,G025_R383_C1137,1.0307764064044151,FALSE,0.3895586162485219,"(1.01,1.51]"
G025_R382_C1143,G025_R383_C1137,1.5206906325745548,FALSE,0.18758171183546493,"(1.51,Inf]"
G025_R382_C1144,G025_R383_C1137,1.7677669529663689,FALSE,0.13189203640063196,"(1.51,Inf]"
G025_R382_C1145,G025_R383_C1137,2.0155644370746373,FALSE,0.059439938973211294,"(1.51,Inf]"
G025_R382_C1146,G025_R383_C1137,2.2638462845343543,FALSE,-0.004579817841860704,"(1.51,Inf]"
G025_R382_C1147,G025_R383_C1137,2.5124689052802225,FALSE,0.008303929973912248,"(1.51,Inf]"
G025_R383_C1132,G025_R383_C1137,1.25,FALSE,0.7767308745627037,"(1.01,1.51]"
G025_R383_C1133,G025_R383_C1137,1,FALSE,0.8121518228825285,"(0.76,1.01]"
G025_R383_C1134,G025_R383_C1137,0.75,FALSE,0.825767269806494,"(0.51,0.76]"
G025_R383_C1135,G025_R383_C1137,0.5,FALSE,0.8350851146059308,"(0.26,0.51]"
G025_R383_C1136,G025_R383_C1137,0.25,TRUE,0.9066105581894311,"[0,0.26]"
G025_R380_C1132,G025_R383_C1139,1.9039432764659772,FALSE,0.729683233994998,"(1.51,Inf]"
G025_R380_C1133,G025_R383_C1139,1.6770509831248424,FALSE,0.7275643619877095,"(1.51,Inf]"
G025_R380_C1134,G025_R383_C1139,1.4577379737113252,FALSE,0.6588158993833794,"(1.01,1.51]"
G025_R380_C1135,G025_R383_C1139,1.25,FALSE,0.5522818930080126,"(1.01,1.51]"
G025_R380_C1143,G025_R383_C1139,1.25,FALSE,0.14030204737284455,"(1.01,1.51]"
G025_R380_C1144,G025_R383_C1139,1.4577379737113252,FALSE,0.24933260012794847,"(1.01,1.51]"
G025_R380_C1145,G025_R383_C1139,1.6770509831248424,FALSE,0.11376290144710884,"(1.51,Inf]"
G025_R380_C1146,G025_R383_C1139,1.9039432764659772,FALSE,0.019450966035311185,"(1.51,Inf]"
G025_R380_C1147,G025_R383_C1139,2.1360009363293826,FALSE,-0.06305943665914536,"(1.51,Inf]"
G025_R381_C1132,G025_R383_C1139,1.8200274723201295,FALSE,0.7468680963888924,"(1.51,Inf]"
G025_R381_C1133,G025_R383_C1139,1.5811388300841898,FALSE,0.7493721592465449,"(1.51,Inf]"
G025_R381_C1134,G025_R383_C1139,1.346291201783626,FALSE,0.7374116654354782,"(1.01,1.51]"
G025_R381_C1135,G025_R383_C1139,1.118033988749895,FALSE,0.7519621999046737,"(1.01,1.51]"
G025_R381_C1143,G025_R383_C1139,1.118033988749895,FALSE,0.1164061555946671,"(1.01,1.51]"
G025_R381_C1144,G025_R383_C1139,1.346291201783626,FALSE,0.3171553397095499,"(1.01,1.51]"
G025_R381_C1145,G025_R383_C1139,1.5811388300841898,FALSE,0.160066401394142,"(1.51,Inf]"
G025_R381_C1146,G025_R383_C1139,1.8200274723201295,FALSE,0.07026470588738623,"(1.51,Inf]"
G025_R381_C1147,G025_R383_C1139,2.0615528128088303,FALSE,-0.007742751536687586,"(1.51,Inf]"
G025_R382_C1132,G025_R383_C1139,1.7677669529663689,FALSE,0.7494193179583969,"(1.51,Inf]"
G025_R382_C1133,G025_R383_C1139,1.5206906325745548,FALSE,0.747892386694179,"(1.51,Inf]"
G025_R382_C1134,G025_R383_C1139,1.2747548783981961,FALSE,0.743759415180605,"(1.01,1.51]"
G025_R382_C1135,G025_R383_C1139,1.0307764064044151,FALSE,0.7590985503654614,"(1.01,1.51]"
G025_R382_C1136,G025_R383_C1139,0.7905694150420949,FALSE,0.7549635209025951,"(0.76,1.01]"
G025_R382_C1138,G025_R383_C1139,0.3535533905932738,FALSE,0.3306204847711799,"(0.26,0.51]"
G025_R382_C1141,G025_R383_C1139,0.5590169943749475,FALSE,0.3657729816416288,"(0.51,0.76]"
G025_R382_C1143,G025_R383_C1139,1.0307764064044151,FALSE,0.23540307766121427,"(1.01,1.51]"
G025_R382_C1144,G025_R383_C1139,1.2747548783981961,FALSE,0.22627620293745535,"(1.01,1.51]"
G025_R382_C1145,G025_R383_C1139,1.5206906325745548,FALSE,0.09179523697527396,"(1.51,Inf]"
G025_R382_C1146,G025_R383_C1139,1.7677669529663689,FALSE,-0.025669890819755483,"(1.51,Inf]"
G025_R382_C1147,G025_R383_C1139,2.0155644370746373,FALSE,-0.029184137017231104,"(1.51,Inf]"
G025_R383_C1132,G025_R383_C1139,1.75,FALSE,0.7340965196091314,"(1.51,Inf]"
G025_R383_C1133,G025_R383_C1139,1.5,FALSE,0.7555811859543444,"(1.01,1.51]"
G025_R383_C1134,G025_R383_C1139,1.25,FALSE,0.7486474869506933,"(1.01,1.51]"
G025_R383_C1135,G025_R383_C1139,1,FALSE,0.7433254716357165,"(0.76,1.01]"
G025_R383_C1136,G025_R383_C1139,0.75,FALSE,0.7636585879782168,"(0.51,0.76]"
G025_R383_C1137,G025_R383_C1139,0.5,FALSE,0.7946094538465103,"(0.26,0.51]"
G025_R380_C1132,G025_R383_C1140,2.1360009363293826,FALSE,0.729085055171844,"(1.51,Inf]"
G025_R380_C1133,G025_R383_C1140,1.9039432764659772,FALSE,0.7086319074423784,"(1.51,Inf]"
G025_R380_C1134,G025_R383_C1140,1.6770509831248424,FALSE,0.6438356271189416,"(1.51,Inf]"
G025_R380_C1135,G025_R383_C1140,1.4577379737113252,FALSE,0.5946951178074972,"(1.01,1.51]"
G025_R380_C1143,G025_R383_C1140,1.0606601717798212,FALSE,0.13644631083214806,"(1.01,1.51]"
G025_R380_C1144,G025_R383_C1140,1.25,FALSE,0.24625907159243998,"(1.01,1.51]"
G025_R380_C1145,G025_R383_C1140,1.4577379737113252,FALSE,0.09417658819727819,"(1.01,1.51]"
G025_R380_C1146,G025_R383_C1140,1.6770509831248424,FALSE,-0.029147162600691702,"(1.51,Inf]"
G025_R380_C1147,G025_R383_C1140,1.9039432764659772,FALSE,-0.1036508966314949,"(1.51,Inf]"
G025_R381_C1132,G025_R383_C1140,2.0615528128088303,FALSE,0.7447170856713847,"(1.51,Inf]"
G025_R381_C1133,G025_R383_C1140,1.8200274723201295,FALSE,0.7435672424573329,"(1.51,Inf]"
G025_R381_C1134,G025_R383_C1140,1.5811388300841898,FALSE,0.7247698459728161,"(1.51,Inf]"
G025_R381_C1135,G025_R383_C1140,1.346291201783626,FALSE,0.7383376551705885,"(1.01,1.51]"
G025_R381_C1143,G025_R383_C1140,0.9013878188659973,FALSE,0.18758826752399252,"(0.76,1.01]"
G025_R381_C1144,G025_R383_C1140,1.118033988749895,FALSE,0.3084979205004882,"(1.01,1.51]"
G025_R381_C1145,G025_R383_C1140,1.346291201783626,FALSE,0.13617213417810942,"(1.01,1.51]"
G025_R381_C1146,G025_R383_C1140,1.5811388300841898,FALSE,0.05165459181075809,"(1.51,Inf]"
G025_R381_C1147,G025_R383_C1140,1.8200274723201295,FALSE,-0.039534864779230613,"(1.51,Inf]"
G025_R382_C1132,G025_R383_C1140,2.0155644370746373,FALSE,0.7364279709832936,"(1.51,Inf]"
G025_R382_C1133,G025_R383_C1140,1.7677669529663689,FALSE,0.7438413788528798,"(1.51,Inf]"
G025_R382_C1134,G025_R383_C1140,1.5206906325745548,FALSE,0.7517099933804057,"(1.51,Inf]"
G025_R382_C1135,G025_R383_C1140,1.2747548783981961,FALSE,0.7670386258463023,"(1.01,1.51]"
G025_R382_C1136,G025_R383_C1140,1.0307764064044151,FALSE,0.7458396508211619,"(1.01,1.51]"
G025_R382_C1138,G025_R383_C1140,0.5590169943749475,FALSE,0.21188879846952052,"(0.51,0.76]"
G025_R382_C1141,G025_R383_C1140,0.3535533905932738,FALSE,0.43927682583261984,"(0.26,0.51]"
G025_R382_C1143,G025_R383_C1140,0.7905694150420949,FALSE,0.26754091734441654,"(0.76,1.01]"
G025_R382_C1144,G025_R383_C1140,1.0307764064044151,FALSE,0.17755039264416053,"(1.01,1.51]"
G025_R382_C1145,G025_R383_C1140,1.2747548783981961,FALSE,-0.002553132523317995,"(1.01,1.51]"
G025_R382_C1146,G025_R383_C1140,1.5206906325745548,FALSE,-0.0948096558912622,"(1.51,Inf]"
G025_R382_C1147,G025_R383_C1140,1.7677669529663689,FALSE,-0.1050255767878678,"(1.51,Inf]"
G025_R383_C1132,G025_R383_C1140,2,FALSE,0.7249976997447053,"(1.51,Inf]"
G025_R383_C1133,G025_R383_C1140,1.75,FALSE,0.7604184804328262,"(1.51,Inf]"
G025_R383_C1134,G025_R383_C1140,1.5,FALSE,0.7658223712538714,"(1.01,1.51]"
G025_R383_C1135,G025_R383_C1140,1.25,FALSE,0.767683078086894,"(1.01,1.51]"
G025_R383_C1136,G025_R383_C1140,1,FALSE,0.7771297940954193,"(0.76,1.01]"
G025_R383_C1137,G025_R383_C1140,0.75,FALSE,0.7839646102827386,"(0.51,0.76]"
G025_R383_C1139,G025_R383_C1140,0.25,TRUE,0.8527702904676209,"[0,0.26]"
G025_R380_C1132,G025_R383_C1141,2.3717082451262845,FALSE,0.6117272233212936,"(1.51,Inf]"
G025_R380_C1133,G025_R383_C1141,2.1360009363293826,FALSE,0.5889569038440697,"(1.51,Inf]"
G025_R380_C1134,G025_R383_C1141,1.9039432764659772,FALSE,0.5920861282268653,"(1.51,Inf]"
G025_R380_C1135,G025_R383_C1141,1.6770509831248424,FALSE,0.566909499594515,"(1.51,Inf]"
G025_R380_C1143,G025_R383_C1141,0.9013878188659973,FALSE,0.17774626672649885,"(0.76,1.01]"
G025_R380_C1144,G025_R383_C1141,1.0606601717798212,FALSE,0.2434288403296387,"(1.01,1.51]"
G025_R380_C1145,G025_R383_C1141,1.25,FALSE,0.10058200406547532,"(1.01,1.51]"
G025_R380_C1146,G025_R383_C1141,1.4577379737113252,FALSE,-0.08267127043373607,"(1.01,1.51]"
G025_R380_C1147,G025_R383_C1141,1.6770509831248424,FALSE,-0.09461433178578153,"(1.51,Inf]"
G025_R381_C1132,G025_R383_C1141,2.3048861143232218,FALSE,0.6485559899415114,"(1.51,Inf]"
G025_R381_C1133,G025_R383_C1141,2.0615528128088303,FALSE,0.642497063623996,"(1.51,Inf]"
G025_R381_C1134,G025_R383_C1141,1.8200274723201295,FALSE,0.6158838935987531,"(1.51,Inf]"
G025_R381_C1135,G025_R383_C1141,1.5811388300841898,FALSE,0.6366501281978821,"(1.51,Inf]"
G025_R381_C1143,G025_R383_C1141,0.7071067811865476,FALSE,0.19203680296627812,"(0.51,0.76]"
G025_R381_C1144,G025_R383_C1141,0.9013878188659973,FALSE,0.29298664793771595,"(0.76,1.01]"
G025_R381_C1145,G025_R383_C1141,1.118033988749895,FALSE,0.13092407274751017,"(1.01,1.51]"
G025_R381_C1146,G025_R383_C1141,1.346291201783626,FALSE,-0.0018346680932447086,"(1.01,1.51]"
G025_R381_C1147,G025_R383_C1141,1.5811388300841898,FALSE,-0.026735722864254265,"(1.51,Inf]"
G025_R382_C1132,G025_R383_C1141,2.2638462845343543,FALSE,0.6420572916896924,"(1.51,Inf]"
G025_R382_C1133,G025_R383_C1141,2.0155644370746373,FALSE,0.6651695395869436,"(1.51,Inf]"
G025_R382_C1134,G025_R383_C1141,1.7677669529663689,FALSE,0.6440281630920617,"(1.51,Inf]"
G025_R382_C1135,G025_R383_C1141,1.5206906325745548,FALSE,0.6395480783421421,"(1.51,Inf]"
G025_R382_C1136,G025_R383_C1141,1.2747548783981961,FALSE,0.6237339325790745,"(1.01,1.51]"
G025_R382_C1138,G025_R383_C1141,0.7905694150420949,FALSE,0.21834185860153058,"(0.76,1.01]"
G025_R382_C1141,G025_R383_C1141,0.25,TRUE,0.47416902101485,"[0,0.26]"
G025_R382_C1143,G025_R383_C1141,0.5590169943749475,FALSE,0.2816706287561859,"(0.51,0.76]"
G025_R382_C1144,G025_R383_C1141,0.7905694150420949,FALSE,0.14697667158968122,"(0.76,1.01]"
G025_R382_C1145,G025_R383_C1141,1.0307764064044151,FALSE,-0.050560174465345324,"(1.01,1.51]"
G025_R382_C1146,G025_R383_C1141,1.2747548783981961,FALSE,-0.12606672176759987,"(1.01,1.51]"
G025_R382_C1147,G025_R383_C1141,1.5206906325745548,FALSE,-0.12191623366102455,"(1.51,Inf]"
G025_R383_C1132,G025_R383_C1141,2.25,FALSE,0.607196044274236,"(1.51,Inf]"
G025_R383_C1133,G025_R383_C1141,2,FALSE,0.634674774940542,"(1.51,Inf]"
G025_R383_C1134,G025_R383_C1141,1.75,FALSE,0.6569765141040166,"(1.51,Inf]"
G025_R383_C1135,G025_R383_C1141,1.5,FALSE,0.6482565836388214,"(1.01,1.51]"
G025_R383_C1136,G025_R383_C1141,1.25,FALSE,0.6390155197939621,"(1.01,1.51]"
G025_R383_C1137,G025_R383_C1141,1,FALSE,0.6382530884860944,"(0.76,1.01]"
G025_R383_C1139,G025_R383_C1141,0.5,FALSE,0.6332403066909468,"(0.26,0.51]"
G025_R383_C1140,G025_R383_C1141,0.25,TRUE,0.8243738156011868,"[0,0.26]"
G025_R380_C1132,G025_R383_C1142,2.6100766272276377,FALSE,0.5233398543819691,"(1.51,Inf]"
G025_R380_C1133,G025_R383_C1142,2.3717082451262845,FALSE,0.4763706040646328,"(1.51,Inf]"
G025_R380_C1134,G025_R383_C1142,2.1360009363293826,FALSE,0.5090913839485409,"(1.51,Inf]"
G025_R380_C1135,G025_R383_C1142,1.9039432764659772,FALSE,0.47877705014308825,"(1.51,Inf]"
G025_R380_C1143,G025_R383_C1142,0.7905694150420949,FALSE,0.11401499538794019,"(0.76,1.01]"
G025_R380_C1144,G025_R383_C1142,0.9013878188659973,FALSE,0.2015660498229493,"(0.76,1.01]"
G025_R380_C1145,G025_R383_C1142,1.0606601717798212,FALSE,0.1273874666284604,"(1.01,1.51]"
G025_R380_C1146,G025_R383_C1142,1.25,FALSE,-0.02228150546569202,"(1.01,1.51]"
G025_R380_C1147,G025_R383_C1142,1.4577379737113252,FALSE,-0.14088999338122446,"(1.01,1.51]"
G025_R381_C1132,G025_R383_C1142,2.5495097567963922,FALSE,0.5645397492893981,"(1.51,Inf]"
G025_R381_C1133,G025_R383_C1142,2.3048861143232218,FALSE,0.5278769047871259,"(1.51,Inf]"
G025_R381_C1134,G025_R383_C1142,2.0615528128088303,FALSE,0.5262291407074625,"(1.51,Inf]"
G025_R381_C1135,G025_R383_C1142,1.8200274723201295,FALSE,0.5256382700480347,"(1.51,Inf]"
G025_R381_C1143,G025_R383_C1142,0.5590169943749475,FALSE,0.18442242647353244,"(0.51,0.76]"
G025_R381_C1144,G025_R383_C1142,0.7071067811865476,FALSE,0.2469470934938643,"(0.51,0.76]"
G025_R381_C1145,G025_R383_C1142,0.9013878188659973,FALSE,0.15486331215644414,"(0.76,1.01]"
G025_R381_C1146,G025_R383_C1142,1.118033988749895,FALSE,0.017486242080550107,"(1.01,1.51]"
G025_R381_C1147,G025_R383_C1142,1.346291201783626,FALSE,-0.05726040362329129,"(1.01,1.51]"
G025_R382_C1132,G025_R383_C1142,2.5124689052802225,FALSE,0.5165993922777686,"(1.51,Inf]"
G025_R382_C1133,G025_R383_C1142,2.2638462845343543,FALSE,0.5382960461124936,"(1.51,Inf]"
G025_R382_C1134,G025_R383_C1142,2.0155644370746373,FALSE,0.514045258474198,"(1.51,Inf]"
G025_R382_C1135,G025_R383_C1142,1.7677669529663689,FALSE,0.5106107716265116,"(1.51,Inf]"
G025_R382_C1136,G025_R383_C1142,1.5206906325745548,FALSE,0.4801927124327606,"(1.51,Inf]"
G025_R382_C1138,G025_R383_C1142,1.0307764064044151,FALSE,0.14365525127881834,"(1.01,1.51]"
G025_R382_C1141,G025_R383_C1142,0.3535533905932738,FALSE,0.3470659982278456,"(0.26,0.51]"
G025_R382_C1143,G025_R383_C1142,0.3535533905932738,FALSE,0.28574925087808717,"(0.26,0.51]"
G025_R382_C1144,G025_R383_C1142,0.5590169943749475,FALSE,0.2028059201686614,"(0.51,0.76]"
G025_R382_C1145,G025_R383_C1142,0.7905694150420949,FALSE,-0.03560383523879949,"(0.76,1.01]"
G025_R382_C1146,G025_R383_C1142,1.0307764064044151,FALSE,-0.17454188282947716,"(1.01,1.51]"
G025_R382_C1147,G025_R383_C1142,1.2747548783981961,FALSE,-0.2019227398824465,"(1.01,1.51]"
G025_R383_C1132,G025_R383_C1142,2.5,FALSE,0.5157075363585764,"(1.51,Inf]"
G025_R383_C1133,G025_R383_C1142,2.25,FALSE,0.5098834192117956,"(1.51,Inf]"
G025_R383_C1134,G025_R383_C1142,2,FALSE,0.5036952284448213,"(1.51,Inf]"
G025_R383_C1135,G025_R383_C1142,1.75,FALSE,0.49114462439574325,"(1.51,Inf]"
G025_R383_C1136,G025_R383_C1142,1.5,FALSE,0.475079481796174,"(1.01,1.51]"
G025_R383_C1137,G025_R383_C1142,1.25,FALSE,0.46285770733934617,"(1.01,1.51]"
G025_R383_C1139,G025_R383_C1142,0.75,FALSE,0.524600569017746,"(0.51,0.76]"
G025_R383_C1140,G025_R383_C1142,0.5,FALSE,0.6150584418852743,"(0.26,0.51]"
G025_R383_C1141,G025_R383_C1142,0.25,TRUE,0.7609805646841971,"[0,0.26]"
G025_R380_C1132,G025_R383_C1143,2.850438562747845,FALSE,0.18990820200871364,"(1.51,Inf]"
G025_R380_C1133,G025_R383_C1143,2.6100766272276377,FALSE,0.16924475908445738,"(1.51,Inf]"
G025_R380_C1134,G025_R383_C1143,2.3717082451262845,FALSE,0.2394960697476228,"(1.51,Inf]"
G025_R380_C1135,G025_R383_C1143,2.1360009363293826,FALSE,0.17340727678653586,"(1.51,Inf]"
G025_R380_C1143,G025_R383_C1143,0.75,FALSE,0.13586199861313886,"(0.51,0.76]"
G025_R380_C1144,G025_R383_C1143,0.7905694150420949,FALSE,0.21665049199624872,"(0.76,1.01]"
G025_R380_C1145,G025_R383_C1143,0.9013878188659973,FALSE,0.2069316192437482,"(0.76,1.01]"
G025_R380_C1146,G025_R383_C1143,1.0606601717798212,FALSE,0.05537112849333788,"(1.01,1.51]"
G025_R380_C1147,G025_R383_C1143,1.25,FALSE,-0.09583988307927158,"(1.01,1.51]"
G025_R381_C1132,G025_R383_C1143,2.7950849718747373,FALSE,0.19487173284818926,"(1.51,Inf]"
G025_R381_C1133,G025_R383_C1143,2.5495097567963922,FALSE,0.20107707494232632,"(1.51,Inf]"
G025_R381_C1134,G025_R383_C1143,2.3048861143232218,FALSE,0.20176748386007182,"(1.51,Inf]"
G025_R381_C1135,G025_R383_C1143,2.0615528128088303,FALSE,0.2071974905240539,"(1.51,Inf]"
G025_R381_C1143,G025_R383_C1143,0.5,FALSE,0.301947555063512,"(0.26,0.51]"
G025_R381_C1144,G025_R383_C1143,0.5590169943749475,FALSE,0.3049080171974842,"(0.51,0.76]"
G025_R381_C1145,G025_R383_C1143,0.7071067811865476,FALSE,0.28815359851744643,"(0.51,0.76]"
G025_R381_C1146,G025_R383_C1143,0.9013878188659973,FALSE,0.1539981327664571,"(0.76,1.01]"
G025_R381_C1147,G025_R383_C1143,1.118033988749895,FALSE,0.037291339501784156,"(1.01,1.51]"
G025_R382_C1132,G025_R383_C1143,2.7613402542968153,FALSE,0.17287942414808763,"(1.51,Inf]"
G025_R382_C1133,G025_R383_C1143,2.5124689052802225,FALSE,0.1667463892994937,"(1.51,Inf]"
G025_R382_C1134,G025_R383_C1143,2.2638462845343543,FALSE,0.17437781038686373,"(1.51,Inf]"
G025_R382_C1135,G025_R383_C1143,2.0155644370746373,FALSE,0.19323109687699974,"(1.51,Inf]"
G025_R382_C1136,G025_R383_C1143,1.7677669529663689,FALSE,0.18527907829215315,"(1.51,Inf]"
G025_R382_C1138,G025_R383_C1143,1.2747548783981961,FALSE,0.15704871217728905,"(1.01,1.51]"
G025_R382_C1141,G025_R383_C1143,0.5590169943749475,FALSE,0.20913608005840092,"(0.51,0.76]"
G025_R382_C1143,G025_R383_C1143,0.25,TRUE,0.49230953096453445,"[0,0.26]"
G025_R382_C1144,G025_R383_C1143,0.3535533905932738,FALSE,0.3770694159146165,"(0.26,0.51]"
G025_R382_C1145,G025_R383_C1143,0.5590169943749475,FALSE,0.214233084038261,"(0.51,0.76]"
G025_R382_C1146,G025_R383_C1143,0.7905694150420949,FALSE,0.123901141195529,"(0.76,1.01]"
G025_R382_C1147,G025_R383_C1143,1.0307764064044151,FALSE,0.02672658112615047,"(1.01,1.51]"
G025_R383_C1132,G025_R383_C1143,2.75,FALSE,0.16297166373273025,"(1.51,Inf]"
G025_R383_C1133,G025_R383_C1143,2.5,FALSE,0.14844170898613973,"(1.51,Inf]"
G025_R383_C1134,G025_R383_C1143,2.25,FALSE,0.1642424332599943,"(1.51,Inf]"
G025_R383_C1135,G025_R383_C1143,2,FALSE,0.19697854786040409,"(1.51,Inf]"
G025_R383_C1136,G025_R383_C1143,1.75,FALSE,0.21401893902775504,"(1.51,Inf]"
G025_R383_C1137,G025_R383_C1143,1.5,FALSE,0.1848559089673801,"(1.01,1.51]"
G025_R383_C1139,G025_R383_C1143,1,FALSE,0.26881849245952355,"(0.76,1.01]"
G025_R383_C1140,G025_R383_C1143,0.75,FALSE,0.29209780827241005,"(0.51,0.76]"
G025_R383_C1141,G025_R383_C1143,0.5,FALSE,0.3786930334312635,"(0.26,0.51]"
G025_R383_C1142,G025_R383_C1143,0.25,TRUE,0.469777601166488,"[0,0.26]"
G025_R380_C1132,G025_R383_C1144,3.092329219213245,FALSE,-0.03881622564079085,"(1.51,Inf]"
G025_R380_C1133,G025_R383_C1144,2.850438562747845,FALSE,-0.01369216654434563,"(1.51,Inf]"
G025_R380_C1134,G025_R383_C1144,2.6100766272276377,FALSE,-0.02000550480868321,"(1.51,Inf]"
G025_R380_C1135,G025_R383_C1144,2.3717082451262845,FALSE,0.004101710518423214,"(1.51,Inf]"
G025_R380_C1143,G025_R383_C1144,0.7905694150420949,FALSE,0.17038032536764733,"(0.76,1.01]"
G025_R380_C1144,G025_R383_C1144,0.75,FALSE,0.10144457057727582,"(0.51,0.76]"
G025_R380_C1145,G025_R383_C1144,0.7905694150420949,FALSE,0.1396204725199632,"(0.76,1.01]"
G025_R380_C1146,G025_R383_C1144,0.9013878188659973,FALSE,-0.06832506834007729,"(0.76,1.01]"
G025_R380_C1147,G025_R383_C1144,1.0606601717798212,FALSE,-0.19380332196238623,"(1.01,1.51]"
G025_R381_C1132,G025_R383_C1144,3.0413812651491097,FALSE,-0.04813991650695492,"(1.51,Inf]"
G025_R381_C1133,G025_R383_C1144,2.7950849718747373,FALSE,-0.04367031904358131,"(1.51,Inf]"
G025_R381_C1134,G025_R383_C1144,2.5495097567963922,FALSE,-0.0475608501655263,"(1.51,Inf]"
G025_R381_C1135,G025_R383_C1144,2.3048861143232218,FALSE,-0.03741784526180863,"(1.51,Inf]"
G025_R381_C1143,G025_R383_C1144,0.5590169943749475,FALSE,0.20053250486247556,"(0.51,0.76]"
G025_R381_C1144,G025_R383_C1144,0.5,FALSE,0.1711784002712136,"(0.26,0.51]"
G025_R381_C1145,G025_R383_C1144,0.5590169943749475,FALSE,0.19489934959148336,"(0.51,0.76]"
G025_R381_C1146,G025_R383_C1144,0.7071067811865476,FALSE,0.07110371836828137,"(0.51,0.76]"
G025_R381_C1147,G025_R383_C1144,0.9013878188659973,FALSE,-0.060042715290794565,"(0.76,1.01]"
G025_R382_C1132,G025_R383_C1144,3.010398644698074,FALSE,-0.06908159223219072,"(1.51,Inf]"
G025_R382_C1133,G025_R383_C1144,2.7613402542968153,FALSE,-0.06918432394570898,"(1.51,Inf]"
G025_R382_C1134,G025_R383_C1144,2.5124689052802225,FALSE,-0.030872293032828853,"(1.51,Inf]"
G025_R382_C1135,G025_R383_C1144,2.2638462845343543,FALSE,-0.035988387888231936,"(1.51,Inf]"
G025_R382_C1136,G025_R383_C1144,2.0155644370746373,FALSE,-0.013353057526086431,"(1.51,Inf]"
G025_R382_C1138,G025_R383_C1144,1.5206906325745548,FALSE,0.06800577425783562,"(1.51,Inf]"
G025_R382_C1141,G025_R383_C1144,0.7905694150420949,FALSE,0.011729471949713624,"(0.76,1.01]"
G025_R382_C1143,G025_R383_C1144,0.3535533905932738,FALSE,0.3222319607100802,"(0.26,0.51]"
G025_R382_C1144,G025_R383_C1144,0.25,TRUE,0.35960539581593204,"[0,0.26]"
G025_R382_C1145,G025_R383_C1144,0.3535533905932738,FALSE,0.22319586138453149,"(0.26,0.51]"
G025_R382_C1146,G025_R383_C1144,0.5590169943749475,FALSE,0.1331996811578574,"(0.51,0.76]"
G025_R382_C1147,G025_R383_C1144,0.7905694150420949,FALSE,0.02560281556305666,"(0.76,1.01]"
G025_R383_C1132,G025_R383_C1144,3,FALSE,-0.0596170542615769,"(1.51,Inf]"
G025_R383_C1133,G025_R383_C1144,2.75,FALSE,-0.05367613461901766,"(1.51,Inf]"
G025_R383_C1134,G025_R383_C1144,2.5,FALSE,-0.04455107969568163,"(1.51,Inf]"
G025_R383_C1135,G025_R383_C1144,2.25,FALSE,-0.02509533977472403,"(1.51,Inf]"
G025_R383_C1136,G025_R383_C1144,2,FALSE,-0.01265894758675032,"(1.51,Inf]"
G025_R383_C1137,G025_R383_C1144,1.75,FALSE,-0.024813142738647525,"(1.51,Inf]"
G025_R383_C1139,G025_R383_C1144,1.25,FALSE,-0.004995132035348175,"(1.01,1.51]"
G025_R383_C1140,G025_R383_C1144,1,FALSE,0.048198690638968804,"(0.76,1.01]"
G025_R383_C1141,G025_R383_C1144,0.75,FALSE,0.04485214188779428,"(0.51,0.76]"
G025_R383_C1142,G025_R383_C1144,0.5,FALSE,0.09080722325520017,"(0.26,0.51]"
G025_R383_C1143,G025_R383_C1144,0.25,TRUE,0.41117947483658007,"[0,0.26]"
G025_R380_C1132,G025_R383_C1145,3.3354160160315836,FALSE,-0.03992567734057013,"(1.51,Inf]"
G025_R380_C1133,G025_R383_C1145,3.092329219213245,FALSE,-0.04998868427882929,"(1.51,Inf]"
G025_R380_C1134,G025_R383_C1145,2.850438562747845,FALSE,-0.025199206371159678,"(1.51,Inf]"
G025_R380_C1135,G025_R383_C1145,2.6100766272276377,FALSE,0.019604397342115255,"(1.51,Inf]"
G025_R380_C1143,G025_R383_C1145,0.9013878188659973,FALSE,0.2533885791841676,"(0.76,1.01]"
G025_R380_C1144,G025_R383_C1145,0.7905694150420949,FALSE,0.05481839627282,"(0.76,1.01]"
G025_R380_C1145,G025_R383_C1145,0.75,FALSE,0.10471871240750448,"(0.51,0.76]"
G025_R380_C1146,G025_R383_C1145,0.7905694150420949,FALSE,0.0366808235943549,"(0.76,1.01]"
G025_R380_C1147,G025_R383_C1145,0.9013878188659973,FALSE,-0.12271203749883339,"(0.76,1.01]"
G025_R381_C1132,G025_R383_C1145,3.2882366094914763,FALSE,-0.06504636472212366,"(1.51,Inf]"
G025_R381_C1133,G025_R383_C1145,3.0413812651491097,FALSE,-0.06647848667916266,"(1.51,Inf]"
G025_R381_C1134,G025_R383_C1145,2.7950849718747373,FALSE,-0.05834190215667418,"(1.51,Inf]"
G025_R381_C1135,G025_R383_C1145,2.5495097567963922,FALSE,-0.025591854151423926,"(1.51,Inf]"
G025_R381_C1143,G025_R383_C1145,0.7071067811865476,FALSE,0.24250315698081884,"(0.51,0.76]"
G025_R381_C1144,G025_R383_C1145,0.5590169943749475,FALSE,0.17308797166946996,"(0.51,0.76]"
G025_R381_C1145,G025_R383_C1145,0.5,FALSE,0.12268544958807477,"(0.26,0.51]"
G025_R381_C1146,G025_R383_C1145,0.5590169943749475,FALSE,-0.05982519535636775,"(0.51,0.76]"
G025_R381_C1147,G025_R383_C1145,0.7071067811865476,FALSE,-0.07808406922139603,"(0.51,0.76]"
G025_R382_C1132,G025_R383_C1145,3.2596012026013246,FALSE,-0.1019831132487236,"(1.51,Inf]"
G025_R382_C1133,G025_R383_C1145,3.010398644698074,FALSE,-0.09638324988340198,"(1.51,Inf]"
G025_R382_C1134,G025_R383_C1145,2.7613402542968153,FALSE,-0.07092508870367005,"(1.51,Inf]"
G025_R382_C1135,G025_R383_C1145,2.5124689052802225,FALSE,-0.08285519244950336,"(1.51,Inf]"
G025_R382_C1136,G025_R383_C1145,2.2638462845343543,FALSE,-0.06454541358680144,"(1.51,Inf]"
G025_R382_C1138,G025_R383_C1145,1.7677669529663689,FALSE,0.12009610977394954,"(1.51,Inf]"
G025_R382_C1141,G025_R383_C1145,1.0307764064044151,FALSE,-0.009703557095068014,"(1.01,1.51]"
G025_R382_C1143,G025_R383_C1145,0.5590169943749475,FALSE,0.27257413089896826,"(0.51,0.76]"
G025_R382_C1144,G025_R383_C1145,0.3535533905932738,FALSE,0.21554526471340224,"(0.26,0.51]"
G025_R382_C1145,G025_R383_C1145,0.25,TRUE,0.09894427875881948,"[0,0.26]"
G025_R382_C1146,G025_R383_C1145,0.3535533905932738,FALSE,0.07715932023134557,"(0.26,0.51]"
G025_R382_C1147,G025_R383_C1145,0.5590169943749475,FALSE,0.062210792053570795,"(0.51,0.76]"
G025_R383_C1132,G025_R383_C1145,3.25,FALSE,-0.08956888080533071,"(1.51,Inf]"
G025_R383_C1133,G025_R383_C1145,3,FALSE,-0.10841345431481225,"(1.51,Inf]"
G025_R383_C1134,G025_R383_C1145,2.75,FALSE,-0.08169491979666606,"(1.51,Inf]"
G025_R383_C1135,G025_R383_C1145,2.5,FALSE,-0.10781851467000024,"(1.51,Inf]"
G025_R383_C1136,G025_R383_C1145,2.25,FALSE,-0.09298383812672727,"(1.51,Inf]"
G025_R383_C1137,G025_R383_C1145,2,FALSE,-0.061548729260617815,"(1.51,Inf]"
G025_R383_C1139,G025_R383_C1145,1.5,FALSE,-0.03672090449557264,"(1.01,1.51]"
G025_R383_C1140,G025_R383_C1145,1.25,FALSE,0.015867722896145565,"(1.01,1.51]"
G025_R383_C1141,G025_R383_C1145,1,FALSE,0.06892873820426351,"(0.76,1.01]"
G025_R383_C1142,G025_R383_C1145,0.75,FALSE,0.177536882968788,"(0.51,0.76]"
G025_R383_C1143,G025_R383_C1145,0.5,FALSE,0.2969881531917785,"(0.26,0.51]"
G025_R383_C1144,G025_R383_C1145,0.25,TRUE,0.5655956473871517,"[0,0.26]"
G025_R380_C1132,G025_R383_C1146,3.5794552658190883,FALSE,-0.12731080865413333,"(1.51,Inf]"
G025_R380_C1133,G025_R383_C1146,3.3354160160315836,FALSE,-0.08593373082644072,"(1.51,Inf]"
G025_R380_C1134,G025_R383_C1146,3.092329219213245,FALSE,-0.07228402148132648,"(1.51,Inf]"
G025_R380_C1135,G025_R383_C1146,2.850438562747845,FALSE,-0.09459650832989366,"(1.51,Inf]"
G025_R380_C1143,G025_R383_C1146,1.0606601717798212,FALSE,0.24368880368959245,"(1.01,1.51]"
G025_R380_C1144,G025_R383_C1146,0.9013878188659973,FALSE,-0.006240094899759902,"(0.76,1.01]"
G025_R380_C1145,G025_R383_C1146,0.7905694150420949,FALSE,0.11685381200569535,"(0.76,1.01]"
G025_R380_C1146,G025_R383_C1146,0.75,FALSE,0.05498578979541718,"(0.51,0.76]"
G025_R380_C1147,G025_R383_C1146,0.7905694150420949,FALSE,-0.0026974257108548704,"(0.76,1.01]"
G025_R381_C1132,G025_R383_C1146,3.5355339059327378,FALSE,-0.13954585436778807,"(1.51,Inf]"
G025_R381_C1133,G025_R383_C1146,3.2882366094914763,FALSE,-0.13126787622268235,"(1.51,Inf]"
G025_R381_C1134,G025_R383_C1146,3.0413812651491097,FALSE,-0.12071023475958637,"(1.51,Inf]"
G025_R381_C1135,G025_R383_C1146,2.7950849718747373,FALSE,-0.15590830320413235,"(1.51,Inf]"
G025_R381_C1143,G025_R383_C1146,0.9013878188659973,FALSE,0.2154418440022402,"(0.76,1.01]"
G025_R381_C1144,G025_R383_C1146,0.7071067811865476,FALSE,0.07936317827083429,"(0.51,0.76]"
G025_R381_C1145,G025_R383_C1146,0.5590169943749475,FALSE,0.16913447878185248,"(0.51,0.76]"
G025_R381_C1146,G025_R383_C1146,0.5,FALSE,0.10389168266487833,"(0.26,0.51]"
G025_R381_C1147,G025_R383_C1146,0.5590169943749475,FALSE,0.0580241837743523,"(0.51,0.76]"
G025_R382_C1132,G025_R383_C1146,3.5089172119045497,FALSE,-0.15749876546322028,"(1.51,Inf]"
G025_R382_C1133,G025_R383_C1146,3.2596012026013246,FALSE,-0.16722947557680476,"(1.51,Inf]"
G025_R382_C1134,G025_R383_C1146,3.010398644698074,FALSE,-0.1781347379204316,"(1.51,Inf]"
G025_R382_C1135,G025_R383_C1146,2.7613402542968153,FALSE,-0.17025974462634116,"(1.51,Inf]"
G025_R382_C1136,G025_R383_C1146,2.5124689052802225,FALSE,-0.15826711559369624,"(1.51,Inf]"
G025_R382_C1138,G025_R383_C1146,2.0155644370746373,FALSE,0.208119643927445,"(1.51,Inf]"
G025_R382_C1141,G025_R383_C1146,1.2747548783981961,FALSE,-0.08670261685288448,"(1.01,1.51]"
G025_R382_C1143,G025_R383_C1146,0.7905694150420949,FALSE,0.3006035842367333,"(0.76,1.01]"
G025_R382_C1144,G025_R383_C1146,0.5590169943749475,FALSE,0.2549420694396507,"(0.51,0.76]"
G025_R382_C1145,G025_R383_C1146,0.3535533905932738,FALSE,0.27203020408333256,"(0.26,0.51]"
G025_R382_C1146,G025_R383_C1146,0.25,TRUE,0.23114809110065743,"[0,0.26]"
G025_R382_C1147,G025_R383_C1146,0.3535533905932738,FALSE,0.19146573982573503,"(0.26,0.51]"
G025_R383_C1132,G025_R383_C1146,3.5,FALSE,-0.15810162577106096,"(1.51,Inf]"
G025_R383_C1133,G025_R383_C1146,3.25,FALSE,-0.20206061706664555,"(1.51,Inf]"
G025_R383_C1134,G025_R383_C1146,3,FALSE,-0.18352288535917752,"(1.51,Inf]"
G025_R383_C1135,G025_R383_C1146,2.75,FALSE,-0.20667117899752363,"(1.51,Inf]"
G025_R383_C1136,G025_R383_C1146,2.5,FALSE,-0.20203736838463615,"(1.51,Inf]"
G025_R383_C1137,G025_R383_C1146,2.25,FALSE,-0.1456035064007535,"(1.51,Inf]"
G025_R383_C1139,G025_R383_C1146,1.75,FALSE,-0.13115720721908763,"(1.51,Inf]"
G025_R383_C1140,G025_R383_C1146,1.5,FALSE,-0.16644902485223628,"(1.01,1.51]"
G025_R383_C1141,G025_R383_C1146,1.25,FALSE,-0.020677281279170644,"(1.01,1.51]"
G025_R383_C1142,G025_R383_C1146,1,FALSE,0.015683419704371076,"(0.76,1.01]"
G025_R383_C1143,G025_R383_C1146,0.75,FALSE,0.1736415045801539,"(0.51,0.76]"
G025_R383_C1144,G025_R383_C1146,0.5,FALSE,0.35124369519104026,"(0.26,0.51]"
G025_R383_C1145,G025_R383_C1146,0.25,TRUE,0.6330026741054663,"[0,0.26]"
G025_R380_C1132,G025_R383_C1147,3.824264635194589,FALSE,-0.20347461570836325,"(1.51,Inf]"
G025_R380_C1133,G025_R383_C1147,3.5794552658190883,FALSE,-0.17371213025666568,"(1.51,Inf]"
G025_R380_C1134,G025_R383_C1147,3.3354160160315836,FALSE,-0.17417978018073335,"(1.51,Inf]"
G025_R380_C1135,G025_R383_C1147,3.092329219213245,FALSE,-0.16964518102138135,"(1.51,Inf]"
G025_R380_C1143,G025_R383_C1147,1.25,FALSE,0.05968981573680776,"(1.01,1.51]"
G025_R380_C1144,G025_R383_C1147,1.0606601717798212,FALSE,-0.059551627423844476,"(1.01,1.51]"
G025_R380_C1145,G025_R383_C1147,0.9013878188659973,FALSE,0.03886860371453708,"(0.76,1.01]"
G025_R380_C1146,G025_R383_C1147,0.7905694150420949,FALSE,0.036264888872716075,"(0.76,1.01]"
G025_R380_C1147,G025_R383_C1147,0.75,FALSE,0.08336270330044578,"(0.51,0.76]"
G025_R381_C1132,G025_R383_C1147,3.783186487605389,FALSE,-0.22860549801185806,"(1.51,Inf]"
G025_R381_C1133,G025_R383_C1147,3.5355339059327378,FALSE,-0.22371795503992517,"(1.51,Inf]"
G025_R381_C1134,G025_R383_C1147,3.2882366094914763,FALSE,-0.21859992549487067,"(1.51,Inf]"
G025_R381_C1135,G025_R383_C1147,3.0413812651491097,FALSE,-0.25249593656650376,"(1.51,Inf]"
G025_R381_C1143,G025_R383_C1147,1.118033988749895,FALSE,0.18025739802017776,"(1.01,1.51]"
G025_R381_C1144,G025_R383_C1147,0.9013878188659973,FALSE,0.00582544469321163,"(0.76,1.01]"
G025_R381_C1145,G025_R383_C1147,0.7071067811865476,FALSE,0.14403352618219434,"(0.51,0.76]"
G025_R381_C1146,G025_R383_C1147,0.5590169943749475,FALSE,0.09635930145871392,"(0.51,0.76]"
G025_R381_C1147,G025_R383_C1147,0.5,FALSE,0.09224079780411451,"(0.26,0.51]"
G025_R382_C1132,G025_R383_C1147,3.758324094593227,FALSE,-0.2502490837635216,"(1.51,Inf]"
G025_R382_C1133,G025_R383_C1147,3.5089172119045497,FALSE,-0.2604360803493889,"(1.51,Inf]"
G025_R382_C1134,G025_R383_C1147,3.2596012026013246,FALSE,-0.2777738479508413,"(1.51,Inf]"
G025_R382_C1135,G025_R383_C1147,3.010398644698074,FALSE,-0.28758635633338797,"(1.51,Inf]"
G025_R382_C1136,G025_R383_C1147,2.7613402542968153,FALSE,-0.2567469492148085,"(1.51,Inf]"
G025_R382_C1138,G025_R383_C1147,2.2638462845343543,FALSE,0.019033715751078727,"(1.51,Inf]"
G025_R382_C1141,G025_R383_C1147,1.5206906325745548,FALSE,-0.09743642400288274,"(1.51,Inf]"
G025_R382_C1143,G025_R383_C1147,1.0307764064044151,FALSE,0.21711172491278363,"(1.01,1.51]"
G025_R382_C1144,G025_R383_C1147,0.7905694150420949,FALSE,0.1520989406754601,"(0.76,1.01]"
G025_R382_C1145,G025_R383_C1147,0.5590169943749475,FALSE,0.19967814770076292,"(0.51,0.76]"
G025_R382_C1146,G025_R383_C1147,0.3535533905932738,FALSE,0.28133433938797064,"(0.26,0.51]"
G025_R382_C1147,G025_R383_C1147,0.25,TRUE,0.2903950138801124,"[0,0.26]"
G025_R383_C1132,G025_R383_C1147,3.75,FALSE,-0.2392095302262431,"(1.51,Inf]"
G025_R383_C1133,G025_R383_C1147,3.5,FALSE,-0.26215917887283396,"(1.51,Inf]"
G025_R383_C1134,G025_R383_C1147,3.25,FALSE,-0.25197173189971345,"(1.51,Inf]"
G025_R383_C1135,G025_R383_C1147,3,FALSE,-0.2932134151320766,"(1.51,Inf]"
G025_R383_C1136,G025_R383_C1147,2.75,FALSE,-0.29733813101593065,"(1.51,Inf]"
G025_R383_C1137,G025_R383_C1147,2.5,FALSE,-0.24678964827107874,"(1.51,Inf]"
G025_R383_C1139,G025_R383_C1147,2,FALSE,-0.2552350261131893,"(1.51,Inf]"
G025_R383_C1140,G025_R383_C1147,1.75,FALSE,-0.304748913513378,"(1.51,Inf]"
G025_R383_C1141,G025_R383_C1147,1.5,FALSE,-0.13820882241978136,"(1.01,1.51]"
G025_R383_C1142,G025_R383_C1147,1.25,FALSE,-0.0780758355005879,"(1.01,1.51]"
G025_R383_C1143,G025_R383_C1147,1,FALSE,0.006282994102129957,"(0.76,1.01]"
G025_R383_C1144,G025_R383_C1147,0.75,FALSE,0.15907071701453465,"(0.51,0.76]"
G025_R383_C1145,G025_R383_C1147,0.5,FALSE,0.29848378815236254,"(0.26,0.51]"
G025_R383_C1146,G025_R383_C1147,0.25,TRUE,0.5755155601243023,"[0,0.26]"
G025_R380_C1132,G025_R384_C1132,1,FALSE,0.8110640832858732,"(0.76,1.01]"
G025_R380_C1133,G025_R384_C1132,1.0307764064044151,FALSE,0.7630598647753355,"(1.01,1.51]"
G025_R380_C1134,G025_R384_C1132,1.118033988749895,FALSE,0.7011965725434051,"(1.01,1.51]"
G025_R380_C1135,G025_R384_C1132,1.25,FALSE,0.6022378717055106,"(1.01,1.51]"
G025_R380_C1143,G025_R384_C1132,2.9261749776799064,FALSE,0.08488349454409565,"(1.51,Inf]"
G025_R380_C1144,G025_R384_C1132,3.1622776601683795,FALSE,0.28424848973740496,"(1.51,Inf]"
G025_R380_C1145,G025_R384_C1132,3.400367627183861,FALSE,0.1142298886411598,"(1.51,Inf]"
G025_R380_C1146,G025_R384_C1132,3.640054944640259,FALSE,0.026903060472731333,"(1.51,Inf]"
G025_R380_C1147,G025_R384_C1132,3.881043674065006,FALSE,0.016419034584351164,"(1.51,Inf]"
G025_R381_C1132,G025_R384_C1132,0.75,FALSE,0.8635008330014671,"(0.51,0.76]"
G025_R381_C1133,G025_R384_C1132,0.7905694150420949,FALSE,0.8458908742549578,"(0.76,1.01]"
G025_R381_C1134,G025_R384_C1132,0.9013878188659973,FALSE,0.8225800033002472,"(0.76,1.01]"
G025_R381_C1135,G025_R384_C1132,1.0606601717798212,FALSE,0.7805037326997762,"(1.01,1.51]"
G025_R381_C1143,G025_R384_C1132,2.850438562747845,FALSE,0.16984614996183947,"(1.51,Inf]"
G025_R381_C1144,G025_R384_C1132,3.092329219213245,FALSE,0.3029188246182275,"(1.51,Inf]"
G025_R381_C1145,G025_R384_C1132,3.3354160160315836,FALSE,0.1701463031185099,"(1.51,Inf]"
G025_R381_C1146,G025_R384_C1132,3.5794552658190883,FALSE,0.10363376614750694,"(1.51,Inf]"
G025_R381_C1147,G025_R384_C1132,3.824264635194589,FALSE,0.06878529696640659,"(1.51,Inf]"
G025_R382_C1132,G025_R384_C1132,0.5,FALSE,0.9067563128098943,"(0.26,0.51]"
G025_R382_C1133,G025_R384_C1132,0.5590169943749475,FALSE,0.8794292830207908,"(0.51,0.76]"
G025_R382_C1134,G025_R384_C1132,0.7071067811865476,FALSE,0.849241886414643,"(0.51,0.76]"
G025_R382_C1135,G025_R384_C1132,0.9013878188659973,FALSE,0.8438202556273391,"(0.76,1.01]"
G025_R382_C1136,G025_R384_C1132,1.118033988749895,FALSE,0.7594175750067942,"(1.01,1.51]"
G025_R382_C1138,G025_R384_C1132,1.5811388300841898,FALSE,0.10880098412511972,"(1.51,Inf]"
G025_R382_C1141,G025_R384_C1132,2.3048861143232218,FALSE,0.29744381658070324,"(1.51,Inf]"
G025_R382_C1143,G025_R384_C1132,2.7950849718747373,FALSE,0.13963165898312696,"(1.51,Inf]"
G025_R382_C1144,G025_R384_C1132,3.0413812651491097,FALSE,0.11491755642333101,"(1.51,Inf]"
G025_R382_C1145,G025_R384_C1132,3.2882366094914763,FALSE,-0.0013258564374504247,"(1.51,Inf]"
G025_R382_C1146,G025_R384_C1132,3.5355339059327378,FALSE,-0.03278662346970248,"(1.51,Inf]"
G025_R382_C1147,G025_R384_C1132,3.783186487605389,FALSE,-0.046957894950171164,"(1.51,Inf]"
G025_R383_C1132,G025_R384_C1132,0.25,TRUE,0.9501413574801255,"[0,0.26]"
G025_R383_C1133,G025_R384_C1132,0.3535533905932738,FALSE,0.9118010792956581,"(0.26,0.51]"
G025_R383_C1134,G025_R384_C1132,0.5590169943749475,FALSE,0.8741282441250865,"(0.51,0.76]"
G025_R383_C1135,G025_R384_C1132,0.7905694150420949,FALSE,0.8452446976155575,"(0.76,1.01]"
G025_R383_C1136,G025_R384_C1132,1.0307764064044151,FALSE,0.8273210741565166,"(1.01,1.51]"
G025_R383_C1137,G025_R384_C1132,1.2747548783981961,FALSE,0.7530050072609209,"(1.01,1.51]"
G025_R383_C1139,G025_R384_C1132,1.7677669529663689,FALSE,0.7145546235030185,"(1.51,Inf]"
G025_R383_C1140,G025_R384_C1132,2.0155644370746373,FALSE,0.7019008272595314,"(1.51,Inf]"
G025_R383_C1141,G025_R384_C1132,2.2638462845343543,FALSE,0.6082640099737833,"(1.51,Inf]"
G025_R383_C1142,G025_R384_C1132,2.5124689052802225,FALSE,0.514799737817442,"(1.51,Inf]"
G025_R383_C1143,G025_R384_C1132,2.7613402542968153,FALSE,0.2237944470481477,"(1.51,Inf]"
G025_R383_C1144,G025_R384_C1132,3.010398644698074,FALSE,-0.029414364563250864,"(1.51,Inf]"
G025_R383_C1145,G025_R384_C1132,3.2596012026013246,FALSE,-0.0736493001585374,"(1.51,Inf]"
G025_R383_C1146,G025_R384_C1132,3.5089172119045497,FALSE,-0.13725316622196393,"(1.51,Inf]"
G025_R383_C1147,G025_R384_C1132,3.758324094593227,FALSE,-0.2096581503002602,"(1.51,Inf]"
G025_R380_C1132,G025_R384_C1133,1.0307764064044151,FALSE,0.8161673899670925,"(1.01,1.51]"
G025_R380_C1133,G025_R384_C1133,1,FALSE,0.7904860264341447,"(0.76,1.01]"
G025_R380_C1134,G025_R384_C1133,1.0307764064044151,FALSE,0.7071567952115878,"(1.01,1.51]"
G025_R380_C1135,G025_R384_C1133,1.118033988749895,FALSE,0.5930957955916976,"(1.01,1.51]"
G025_R380_C1143,G025_R384_C1133,2.692582403567252,FALSE,0.09679953437860005,"(1.51,Inf]"
G025_R380_C1144,G025_R384_C1133,2.9261749776799064,FALSE,0.31552532724327403,"(1.51,Inf]"
G025_R380_C1145,G025_R384_C1133,3.1622776601683795,FALSE,0.13241917509557505,"(1.51,Inf]"
G025_R380_C1146,G025_R384_C1133,3.400367627183861,FALSE,0.055925243287738756,"(1.51,Inf]"
G025_R380_C1147,G025_R384_C1133,3.640054944640259,FALSE,0.01669446848426003,"(1.51,Inf]"
G025_R381_C1132,G025_R384_C1133,0.7905694150420949,FALSE,0.8616646212168698,"(0.76,1.01]"
G025_R381_C1133,G025_R384_C1133,0.75,FALSE,0.8609120408912507,"(0.51,0.76]"
G025_R381_C1134,G025_R384_C1133,0.7905694150420949,FALSE,0.8512877981494902,"(0.76,1.01]"
G025_R381_C1135,G025_R384_C1133,0.9013878188659973,FALSE,0.8081367502647235,"(0.76,1.01]"
G025_R381_C1143,G025_R384_C1133,2.6100766272276377,FALSE,0.12901222375204466,"(1.51,Inf]"
G025_R381_C1144,G025_R384_C1133,2.850438562747845,FALSE,0.3184569314002435,"(1.51,Inf]"
G025_R381_C1145,G025_R384_C1133,3.092329219213245,FALSE,0.17461288822209411,"(1.51,Inf]"
G025_R381_C1146,G025_R384_C1133,3.3354160160315836,FALSE,0.11688177014424725,"(1.51,Inf]"
G025_R381_C1147,G025_R384_C1133,3.5794552658190883,FALSE,0.07944457342751024,"(1.51,Inf]"
G025_R382_C1132,G025_R384_C1133,0.5590169943749475,FALSE,0.9016726680943817,"(0.51,0.76]"
G025_R382_C1133,G025_R384_C1133,0.5,FALSE,0.897667366180967,"(0.26,0.51]"
G025_R382_C1134,G025_R384_C1133,0.5590169943749475,FALSE,0.8867018648119399,"(0.51,0.76]"
G025_R382_C1135,G025_R384_C1133,0.7071067811865476,FALSE,0.8789997454926226,"(0.51,0.76]"
G025_R382_C1136,G025_R384_C1133,0.9013878188659973,FALSE,0.8006636953300945,"(0.76,1.01]"
G025_R382_C1138,G025_R384_C1133,1.346291201783626,FALSE,0.11778220647059004,"(1.01,1.51]"
G025_R382_C1141,G025_R384_C1133,2.0615528128088303,FALSE,0.3197891181412489,"(1.51,Inf]"
G025_R382_C1143,G025_R384_C1133,2.5495097567963922,FALSE,0.1377951866265093,"(1.51,Inf]"
G025_R382_C1144,G025_R384_C1133,2.7950849718747373,FALSE,0.11901503485919385,"(1.51,Inf]"
G025_R382_C1145,G025_R384_C1133,3.0413812651491097,FALSE,0.01735655640302243,"(1.51,Inf]"
G025_R382_C1146,G025_R384_C1133,3.2882366094914763,FALSE,-0.013386072318576425,"(1.51,Inf]"
G025_R382_C1147,G025_R384_C1133,3.5355339059327378,FALSE,-0.02417624730136723,"(1.51,Inf]"
G025_R383_C1132,G025_R384_C1133,0.3535533905932738,FALSE,0.929148844525501,"(0.26,0.51]"
G025_R383_C1133,G025_R384_C1133,0.25,TRUE,0.9462825841882115,"[0,0.26]"
G025_R383_C1134,G025_R384_C1133,0.3535533905932738,FALSE,0.9308782860330994,"(0.26,0.51]"
G025_R383_C1135,G025_R384_C1133,0.5590169943749475,FALSE,0.9042730915454321,"(0.51,0.76]"
G025_R383_C1136,G025_R384_C1133,0.7905694150420949,FALSE,0.8809357885501814,"(0.76,1.01]"
G025_R383_C1137,G025_R384_C1133,1.0307764064044151,FALSE,0.8166164659570001,"(1.01,1.51]"
G025_R383_C1139,G025_R384_C1133,1.5206906325745548,FALSE,0.7562588619173467,"(1.51,Inf]"
G025_R383_C1140,G025_R384_C1133,1.7677669529663689,FALSE,0.7466154224523243,"(1.51,Inf]"
G025_R383_C1141,G025_R384_C1133,2.0155644370746373,FALSE,0.6323822025924691,"(1.51,Inf]"
G025_R383_C1142,G025_R384_C1133,2.2638462845343543,FALSE,0.4910442859044191,"(1.51,Inf]"
G025_R383_C1143,G025_R384_C1133,2.5124689052802225,FALSE,0.20472362012662246,"(1.51,Inf]"
G025_R383_C1144,G025_R384_C1133,2.7613402542968153,FALSE,-0.021138192611903833,"(1.51,Inf]"
G025_R383_C1145,G025_R384_C1133,3.010398644698074,FALSE,-0.06033621532867353,"(1.51,Inf]"
G025_R383_C1146,G025_R384_C1133,3.2596012026013246,FALSE,-0.15229908954899488,"(1.51,Inf]"
G025_R383_C1147,G025_R384_C1133,3.5089172119045497,FALSE,-0.24357362603055696,"(1.51,Inf]"
G025_R384_C1132,G025_R384_C1133,0.25,TRUE,0.9322896098614691,"[0,0.26]"
G025_R380_C1132,G025_R384_C1134,1.118033988749895,FALSE,0.801541760455515,"(1.01,1.51]"
G025_R380_C1133,G025_R384_C1134,1.0307764064044151,FALSE,0.7906748305370233,"(1.01,1.51]"
G025_R380_C1134,G025_R384_C1134,1,FALSE,0.6995382848225504,"(0.76,1.01]"
G025_R380_C1135,G025_R384_C1134,1.0307764064044151,FALSE,0.576709402753351,"(1.01,1.51]"
G025_R380_C1143,G025_R384_C1134,2.462214450449026,FALSE,0.11181443134002815,"(1.51,Inf]"
G025_R380_C1144,G025_R384_C1134,2.692582403567252,FALSE,0.2713799772698019,"(1.51,Inf]"
G025_R380_C1145,G025_R384_C1134,2.9261749776799064,FALSE,0.11666514626248853,"(1.51,Inf]"
G025_R380_C1146,G025_R384_C1134,3.1622776601683795,FALSE,0.038263538378328736,"(1.51,Inf]"
G025_R380_C1147,G025_R384_C1134,3.400367627183861,FALSE,-0.0037262213478591855,"(1.51,Inf]"
G025_R381_C1132,G025_R384_C1134,0.9013878188659973,FALSE,0.8349081880642385,"(0.76,1.01]"
G025_R381_C1133,G025_R384_C1134,0.7905694150420949,FALSE,0.8436267952297624,"(0.76,1.01]"
G025_R381_C1134,G025_R384_C1134,0.75,FALSE,0.8416118283331452,"(0.51,0.76]"
G025_R381_C1135,G025_R384_C1134,0.7905694150420949,FALSE,0.8004474517903793,"(0.76,1.01]"
G025_R381_C1143,G025_R384_C1134,2.3717082451262845,FALSE,0.13057107734187096,"(1.51,Inf]"
G025_R381_C1144,G025_R384_C1134,2.6100766272276377,FALSE,0.2954924353783978,"(1.51,Inf]"
G025_R381_C1145,G025_R384_C1134,2.850438562747845,FALSE,0.1592679660617047,"(1.51,Inf]"
G025_R381_C1146,G025_R384_C1134,3.092329219213245,FALSE,0.139343273218438,"(1.51,Inf]"
G025_R381_C1147,G025_R384_C1134,3.3354160160315836,FALSE,0.08015115619202229,"(1.51,Inf]"
G025_R382_C1132,G025_R384_C1134,0.7071067811865476,FALSE,0.8752723534262048,"(0.51,0.76]"
G025_R382_C1133,G025_R384_C1134,0.5590169943749475,FALSE,0.8828925519055086,"(0.51,0.76]"
G025_R382_C1134,G025_R384_C1134,0.5,FALSE,0.8840775782722221,"(0.26,0.51]"
G025_R382_C1135,G025_R384_C1134,0.5590169943749475,FALSE,0.8695438192253602,"(0.51,0.76]"
G025_R382_C1136,G025_R384_C1134,0.7071067811865476,FALSE,0.7932347149930573,"(0.51,0.76]"
G025_R382_C1138,G025_R384_C1134,1.118033988749895,FALSE,0.1027805254490508,"(1.01,1.51]"
G025_R382_C1141,G025_R384_C1134,1.8200274723201295,FALSE,0.33580913230012943,"(1.51,Inf]"
G025_R382_C1143,G025_R384_C1134,2.3048861143232218,FALSE,0.1244723843995589,"(1.51,Inf]"
G025_R382_C1144,G025_R384_C1134,2.5495097567963922,FALSE,0.09275036780247256,"(1.51,Inf]"
G025_R382_C1145,G025_R384_C1134,2.7950849718747373,FALSE,0.018050913587845163,"(1.51,Inf]"
G025_R382_C1146,G025_R384_C1134,3.0413812651491097,FALSE,-0.01838170049611863,"(1.51,Inf]"
G025_R382_C1147,G025_R384_C1134,3.2882366094914763,FALSE,-0.03446144839405971,"(1.51,Inf]"
G025_R383_C1132,G025_R384_C1134,0.5590169943749475,FALSE,0.8830720411709773,"(0.51,0.76]"
G025_R383_C1133,G025_R384_C1134,0.3535533905932738,FALSE,0.9282301589394031,"(0.26,0.51]"
G025_R383_C1134,G025_R384_C1134,0.25,TRUE,0.9394520920438575,"[0,0.26]"
G025_R383_C1135,G025_R384_C1134,0.3535533905932738,FALSE,0.9292563864856642,"(0.26,0.51]"
G025_R383_C1136,G025_R384_C1134,0.5590169943749475,FALSE,0.8943231547273981,"(0.51,0.76]"
G025_R383_C1137,G025_R384_C1134,0.7905694150420949,FALSE,0.8209347989769235,"(0.76,1.01]"
G025_R383_C1139,G025_R384_C1134,1.2747548783981961,FALSE,0.72821509174794,"(1.01,1.51]"
G025_R383_C1140,G025_R384_C1134,1.5206906325745548,FALSE,0.7638477799848169,"(1.51,Inf]"
G025_R383_C1141,G025_R384_C1134,1.7677669529663689,FALSE,0.6339723259354533,"(1.51,Inf]"
G025_R383_C1142,G025_R384_C1134,2.0155644370746373,FALSE,0.47807361211814575,"(1.51,Inf]"
G025_R383_C1143,G025_R384_C1134,2.2638462845343543,FALSE,0.17246448040290135,"(1.51,Inf]"
G025_R383_C1144,G025_R384_C1134,2.5124689052802225,FALSE,-0.03628462478779635,"(1.51,Inf]"
G025_R383_C1145,G025_R384_C1134,2.7613402542968153,FALSE,-0.10336727878963015,"(1.51,Inf]"
G025_R383_C1146,G025_R384_C1134,3.010398644698074,FALSE,-0.18064219415890354,"(1.51,Inf]"
G025_R383_C1147,G025_R384_C1134,3.2596012026013246,FALSE,-0.28285360472475196,"(1.51,Inf]"
G025_R384_C1132,G025_R384_C1134,0.5,FALSE,0.8658610135168264,"(0.26,0.51]"
G025_R384_C1133,G025_R384_C1134,0.25,TRUE,0.9528947217660609,"[0,0.26]"
G025_R380_C1132,G025_R384_C1135,1.25,FALSE,0.8158946566745334,"(1.01,1.51]"
G025_R380_C1133,G025_R384_C1135,1.118033988749895,FALSE,0.8012565832774696,"(1.01,1.51]"
G025_R380_C1134,G025_R384_C1135,1.0307764064044151,FALSE,0.7011982447437324,"(1.01,1.51]"
G025_R380_C1135,G025_R384_C1135,1,FALSE,0.5941218833778636,"(0.76,1.01]"
G025_R380_C1143,G025_R384_C1135,2.23606797749979,FALSE,0.10946323296055184,"(1.51,Inf]"
G025_R380_C1144,G025_R384_C1135,2.462214450449026,FALSE,0.2639843518528582,"(1.51,Inf]"
G025_R380_C1145,G025_R384_C1135,2.692582403567252,FALSE,0.11947530377310164,"(1.51,Inf]"
G025_R380_C1146,G025_R384_C1135,2.9261749776799064,FALSE,0.028985213053465943,"(1.51,Inf]"
G025_R380_C1147,G025_R384_C1135,3.1622776601683795,FALSE,-0.014685988774543642,"(1.51,Inf]"
G025_R381_C1132,G025_R384_C1135,1.0606601717798212,FALSE,0.8347026550703084,"(1.01,1.51]"
G025_R381_C1133,G025_R384_C1135,0.9013878188659973,FALSE,0.8563971493736575,"(0.76,1.01]"
G025_R381_C1134,G025_R384_C1135,0.7905694150420949,FALSE,0.8306211426134983,"(0.76,1.01]"
G025_R381_C1135,G025_R384_C1135,0.75,FALSE,0.8108225080808688,"(0.51,0.76]"
G025_R381_C1143,G025_R384_C1135,2.1360009363293826,FALSE,0.14550461463864295,"(1.51,Inf]"
G025_R381_C1144,G025_R384_C1135,2.3717082451262845,FALSE,0.2972126249613893,"(1.51,Inf]"
G025_R381_C1145,G025_R384_C1135,2.6100766272276377,FALSE,0.17605252999151416,"(1.51,Inf]"
G025_R381_C1146,G025_R384_C1135,2.850438562747845,FALSE,0.14700020445214385,"(1.51,Inf]"
G025_R381_C1147,G025_R384_C1135,3.092329219213245,FALSE,0.09032423496233845,"(1.51,Inf]"
G025_R382_C1132,G025_R384_C1135,0.9013878188659973,FALSE,0.8568412338013834,"(0.76,1.01]"
G025_R382_C1133,G025_R384_C1135,0.7071067811865476,FALSE,0.8701103485250723,"(0.51,0.76]"
G025_R382_C1134,G025_R384_C1135,0.5590169943749475,FALSE,0.8893734403277052,"(0.51,0.76]"
G025_R382_C1135,G025_R384_C1135,0.5,FALSE,0.8861733356484469,"(0.26,0.51]"
G025_R382_C1136,G025_R384_C1135,0.5590169943749475,FALSE,0.807237112497085,"(0.51,0.76]"
G025_R382_C1138,G025_R384_C1135,0.9013878188659973,FALSE,0.12267352245578461,"(0.76,1.01]"
G025_R382_C1141,G025_R384_C1135,1.5811388300841898,FALSE,0.3510234559873536,"(1.51,Inf]"
G025_R382_C1143,G025_R384_C1135,2.0615528128088303,FALSE,0.12877366327789838,"(1.51,Inf]"
G025_R382_C1144,G025_R384_C1135,2.3048861143232218,FALSE,0.10992597477403716,"(1.51,Inf]"
G025_R382_C1145,G025_R384_C1135,2.5495097567963922,FALSE,0.03449100018668516,"(1.51,Inf]"
G025_R382_C1146,G025_R384_C1135,2.7950849718747373,FALSE,-0.0059153077737214696,"(1.51,Inf]"
G025_R382_C1147,G025_R384_C1135,3.0413812651491097,FALSE,-0.026583130108597808,"(1.51,Inf]"
G025_R383_C1132,G025_R384_C1135,0.7905694150420949,FALSE,0.8521889955788358,"(0.76,1.01]"
G025_R383_C1133,G025_R384_C1135,0.5590169943749475,FALSE,0.8952442198597051,"(0.51,0.76]"
G025_R383_C1134,G025_R384_C1135,0.3535533905932738,FALSE,0.9252629951896186,"(0.26,0.51]"
G025_R383_C1135,G025_R384_C1135,0.25,TRUE,0.9475133229759954,"[0,0.26]"
G025_R383_C1136,G025_R384_C1135,0.3535533905932738,FALSE,0.9172409484647494,"(0.26,0.51]"
G025_R383_C1137,G025_R384_C1135,0.5590169943749475,FALSE,0.8263007725275819,"(0.51,0.76]"
G025_R383_C1139,G025_R384_C1135,1.0307764064044151,FALSE,0.7375719394116952,"(1.01,1.51]"
G025_R383_C1140,G025_R384_C1135,1.2747548783981961,FALSE,0.7772934724936621,"(1.01,1.51]"
G025_R383_C1141,G025_R384_C1135,1.5206906325745548,FALSE,0.6529563212970342,"(1.51,Inf]"
G025_R383_C1142,G025_R384_C1135,1.7677669529663689,FALSE,0.47724562401000814,"(1.51,Inf]"
G025_R383_C1143,G025_R384_C1135,2.0155644370746373,FALSE,0.2070964460244647,"(1.51,Inf]"
G025_R383_C1144,G025_R384_C1135,2.2638462845343543,FALSE,-0.02171751792743216,"(1.51,Inf]"
G025_R383_C1145,G025_R384_C1135,2.5124689052802225,FALSE,-0.12856154988860308,"(1.51,Inf]"
G025_R383_C1146,G025_R384_C1135,2.7613402542968153,FALSE,-0.20561933777220945,"(1.51,Inf]"
G025_R383_C1147,G025_R384_C1135,3.010398644698074,FALSE,-0.2957270585286925,"(1.51,Inf]"
G025_R384_C1132,G025_R384_C1135,0.75,FALSE,0.8345654911540882,"(0.51,0.76]"
G025_R384_C1133,G025_R384_C1135,0.5,FALSE,0.9062278616200425,"(0.26,0.51]"
G025_R384_C1134,G025_R384_C1135,0.25,TRUE,0.9639845726460617,"[0,0.26]"
G025_R380_C1132,G025_R384_C1136,1.4142135623730951,FALSE,0.8004937181069843,"(1.01,1.51]"
G025_R380_C1133,G025_R384_C1136,1.25,FALSE,0.8012851230364556,"(1.01,1.51]"
G025_R380_C1134,G025_R384_C1136,1.118033988749895,FALSE,0.723923289455451,"(1.01,1.51]"
G025_R380_C1135,G025_R384_C1136,1.0307764064044151,FALSE,0.6337151339424527,"(1.01,1.51]"
G025_R380_C1143,G025_R384_C1136,2.0155644370746373,FALSE,0.1461011163720698,"(1.51,Inf]"
G025_R380_C1144,G025_R384_C1136,2.23606797749979,FALSE,0.29360078957047364,"(1.51,Inf]"
G025_R380_C1145,G025_R384_C1136,2.462214450449026,FALSE,0.12861745919164286,"(1.51,Inf]"
G025_R380_C1146,G025_R384_C1136,2.692582403567252,FALSE,0.03528117919746243,"(1.51,Inf]"
G025_R380_C1147,G025_R384_C1136,2.9261749776799064,FALSE,-0.008586862686661359,"(1.51,Inf]"
G025_R381_C1132,G025_R384_C1136,1.25,FALSE,0.8239393254557167,"(1.01,1.51]"
G025_R381_C1133,G025_R384_C1136,1.0606601717798212,FALSE,0.8458426687222841,"(1.01,1.51]"
G025_R381_C1134,G025_R384_C1136,0.9013878188659973,FALSE,0.8381147054218498,"(0.76,1.01]"
G025_R381_C1135,G025_R384_C1136,0.7905694150420949,FALSE,0.8272428924626655,"(0.76,1.01]"
G025_R381_C1143,G025_R384_C1136,1.9039432764659772,FALSE,0.12487123408571187,"(1.51,Inf]"
G025_R381_C1144,G025_R384_C1136,2.1360009363293826,FALSE,0.32552227113356375,"(1.51,Inf]"
G025_R381_C1145,G025_R384_C1136,2.3717082451262845,FALSE,0.19354712188508016,"(1.51,Inf]"
G025_R381_C1146,G025_R384_C1136,2.6100766272276377,FALSE,0.1292995192530819,"(1.51,Inf]"
G025_R381_C1147,G025_R384_C1136,2.850438562747845,FALSE,0.07510197468958107,"(1.51,Inf]"
G025_R382_C1132,G025_R384_C1136,1.118033988749895,FALSE,0.8481957950299319,"(1.01,1.51]"
G025_R382_C1133,G025_R384_C1136,0.9013878188659973,FALSE,0.8642012115543191,"(0.76,1.01]"
G025_R382_C1134,G025_R384_C1136,0.7071067811865476,FALSE,0.890055273374953,"(0.51,0.76]"
G025_R382_C1135,G025_R384_C1136,0.5590169943749475,FALSE,0.8984328033619357,"(0.51,0.76]"
G025_R382_C1136,G025_R384_C1136,0.5,FALSE,0.8472581828423231,"(0.26,0.51]"
G025_R382_C1138,G025_R384_C1136,0.7071067811865476,FALSE,0.12714233227910232,"(0.51,0.76]"
G025_R382_C1141,G025_R384_C1136,1.346291201783626,FALSE,0.37057622639739146,"(1.01,1.51]"
G025_R382_C1143,G025_R384_C1136,1.8200274723201295,FALSE,0.1677588370360517,"(1.51,Inf]"
G025_R382_C1144,G025_R384_C1136,2.0615528128088303,FALSE,0.11009027171505127,"(1.51,Inf]"
G025_R382_C1145,G025_R384_C1136,2.3048861143232218,FALSE,0.028523328108139474,"(1.51,Inf]"
G025_R382_C1146,G025_R384_C1136,2.5495097567963922,FALSE,-0.013439482277688939,"(1.51,Inf]"
G025_R382_C1147,G025_R384_C1136,2.7950849718747373,FALSE,-0.031280496056551886,"(1.51,Inf]"
G025_R383_C1132,G025_R384_C1136,1.0307764064044151,FALSE,0.8445161259719682,"(1.01,1.51]"
G025_R383_C1133,G025_R384_C1136,0.7905694150420949,FALSE,0.8880906197875211,"(0.76,1.01]"
G025_R383_C1134,G025_R384_C1136,0.5590169943749475,FALSE,0.9223289398500424,"(0.51,0.76]"
G025_R383_C1135,G025_R384_C1136,0.3535533905932738,FALSE,0.9459209551529836,"(0.26,0.51]"
G025_R383_C1136,G025_R384_C1136,0.25,TRUE,0.951853680224648,"[0,0.26]"
G025_R383_C1137,G025_R384_C1136,0.3535533905932738,FALSE,0.8785627408292523,"(0.26,0.51]"
G025_R383_C1139,G025_R384_C1136,0.7905694150420949,FALSE,0.7743862655958088,"(0.76,1.01]"
G025_R383_C1140,G025_R384_C1136,1.0307764064044151,FALSE,0.7966421942067011,"(1.01,1.51]"
G025_R383_C1141,G025_R384_C1136,1.2747548783981961,FALSE,0.6656519729953829,"(1.01,1.51]"
G025_R383_C1142,G025_R384_C1136,1.5206906325745548,FALSE,0.48731893976816754,"(1.51,Inf]"
G025_R383_C1143,G025_R384_C1136,1.7677669529663689,FALSE,0.20983971680174585,"(1.51,Inf]"
G025_R383_C1144,G025_R384_C1136,2.0155644370746373,FALSE,-0.02594417471411023,"(1.51,Inf]"
G025_R383_C1145,G025_R384_C1136,2.2638462845343543,FALSE,-0.09177595164098065,"(1.51,Inf]"
G025_R383_C1146,G025_R384_C1136,2.5124689052802225,FALSE,-0.2033981042820793,"(1.51,Inf]"
G025_R383_C1147,G025_R384_C1136,2.7613402542968153,FALSE,-0.28678253419188154,"(1.51,Inf]"
G025_R384_C1132,G025_R384_C1136,1,FALSE,0.8221653235114487,"(0.76,1.01]"
G025_R384_C1133,G025_R384_C1136,0.75,FALSE,0.8893100935987593,"(0.51,0.76]"
G025_R384_C1134,G025_R384_C1136,0.5,FALSE,0.9257110076140813,"(0.26,0.51]"
G025_R384_C1135,G025_R384_C1136,0.25,TRUE,0.9605675550287494,"[0,0.26]"
G025_R380_C1132,G025_R384_C1137,1.6007810593582121,FALSE,0.8040593942399372,"(1.51,Inf]"
G025_R380_C1133,G025_R384_C1137,1.4142135623730951,FALSE,0.7964519311422815,"(1.01,1.51]"
G025_R380_C1134,G025_R384_C1137,1.25,FALSE,0.7406764662307057,"(1.01,1.51]"
G025_R380_C1135,G025_R384_C1137,1.118033988749895,FALSE,0.6557355447195379,"(1.01,1.51]"
G025_R380_C1143,G025_R384_C1137,1.8027756377319946,FALSE,0.12929968870587352,"(1.51,Inf]"
G025_R380_C1144,G025_R384_C1137,2.0155644370746373,FALSE,0.29024494567273357,"(1.51,Inf]"
G025_R380_C1145,G025_R384_C1137,2.23606797749979,FALSE,0.14648207179340905,"(1.51,Inf]"
G025_R380_C1146,G025_R384_C1137,2.462214450449026,FALSE,0.03234897533789606,"(1.51,Inf]"
G025_R380_C1147,G025_R384_C1137,2.692582403567252,FALSE,-0.034904266843417776,"(1.51,Inf]"
G025_R381_C1132,G025_R384_C1137,1.4577379737113252,FALSE,0.825506770229548,"(1.01,1.51]"
G025_R381_C1133,G025_R384_C1137,1.25,FALSE,0.8480787900491293,"(1.01,1.51]"
G025_R381_C1134,G025_R384_C1137,1.0606601717798212,FALSE,0.8411889557562228,"(1.01,1.51]"
G025_R381_C1135,G025_R384_C1137,0.9013878188659973,FALSE,0.8467729298732316,"(0.76,1.01]"
G025_R381_C1143,G025_R384_C1137,1.6770509831248424,FALSE,0.11033386135557034,"(1.51,Inf]"
G025_R381_C1144,G025_R384_C1137,1.9039432764659772,FALSE,0.34164860785939266,"(1.51,Inf]"
G025_R381_C1145,G025_R384_C1137,2.1360009363293826,FALSE,0.2193705515671699,"(1.51,Inf]"
G025_R381_C1146,G025_R384_C1137,2.3717082451262845,FALSE,0.14419796243584065,"(1.51,Inf]"
G025_R381_C1147,G025_R384_C1137,2.6100766272276377,FALSE,0.05934281581092605,"(1.51,Inf]"
G025_R382_C1132,G025_R384_C1137,1.346291201783626,FALSE,0.8334525617675917,"(1.01,1.51]"
G025_R382_C1133,G025_R384_C1137,1.118033988749895,FALSE,0.852674888260222,"(1.01,1.51]"
G025_R382_C1134,G025_R384_C1137,0.9013878188659973,FALSE,0.8725267460161585,"(0.76,1.01]"
G025_R382_C1135,G025_R384_C1137,0.7071067811865476,FALSE,0.8991155118476497,"(0.51,0.76]"
G025_R382_C1136,G025_R384_C1137,0.5590169943749475,FALSE,0.8631638285372721,"(0.51,0.76]"
G025_R382_C1138,G025_R384_C1137,0.5590169943749475,FALSE,0.13666648975914747,"(0.51,0.76]"
G025_R382_C1141,G025_R384_C1137,1.118033988749895,FALSE,0.3739725239558368,"(1.01,1.51]"
G025_R382_C1143,G025_R384_C1137,1.5811388300841898,FALSE,0.19492148622710154,"(1.51,Inf]"
G025_R382_C1144,G025_R384_C1137,1.8200274723201295,FALSE,0.15633937659936467,"(1.51,Inf]"
G025_R382_C1145,G025_R384_C1137,2.0615528128088303,FALSE,0.04825299676684728,"(1.51,Inf]"
G025_R382_C1146,G025_R384_C1137,2.3048861143232218,FALSE,-0.03010524400327416,"(1.51,Inf]"
G025_R382_C1147,G025_R384_C1137,2.5495097567963922,FALSE,-0.04494350340589498,"(1.51,Inf]"
G025_R383_C1132,G025_R384_C1137,1.2747548783981961,FALSE,0.8280742185429678,"(1.01,1.51]"
G025_R383_C1133,G025_R384_C1137,1.0307764064044151,FALSE,0.8619545262781666,"(1.01,1.51]"
G025_R383_C1134,G025_R384_C1137,0.7905694150420949,FALSE,0.8761164878815025,"(0.76,1.01]"
G025_R383_C1135,G025_R384_C1137,0.5590169943749475,FALSE,0.8949094173707058,"(0.51,0.76]"
G025_R383_C1136,G025_R384_C1137,0.3535533905932738,FALSE,0.9225311768849914,"(0.26,0.51]"
G025_R383_C1137,G025_R384_C1137,0.25,TRUE,0.9085845009105793,"[0,0.26]"
G025_R383_C1139,G025_R384_C1137,0.5590169943749475,FALSE,0.814719087578291,"(0.51,0.76]"
G025_R383_C1140,G025_R384_C1137,0.7905694150420949,FALSE,0.8115564478463114,"(0.76,1.01]"
G025_R383_C1141,G025_R384_C1137,1.0307764064044151,FALSE,0.6765463348891891,"(1.01,1.51]"
G025_R383_C1142,G025_R384_C1137,1.2747548783981961,FALSE,0.5258042532576126,"(1.01,1.51]"
G025_R383_C1143,G025_R384_C1137,1.5206906325745548,FALSE,0.24192044451235203,"(1.51,Inf]"
G025_R383_C1144,G025_R384_C1137,1.7677669529663689,FALSE,-0.011904093835967442,"(1.51,Inf]"
G025_R383_C1145,G025_R384_C1137,2.0155644370746373,FALSE,-0.08772259062196046,"(1.51,Inf]"
G025_R383_C1146,G025_R384_C1137,2.2638462845343543,FALSE,-0.1889424510828776,"(1.51,Inf]"
G025_R383_C1147,G025_R384_C1137,2.5124689052802225,FALSE,-0.2628074474297914,"(1.51,Inf]"
G025_R384_C1132,G025_R384_C1137,1.25,FALSE,0.8117968794736902,"(1.01,1.51]"
G025_R384_C1133,G025_R384_C1137,1,FALSE,0.8495876691307898,"(0.76,1.01]"
G025_R384_C1134,G025_R384_C1137,0.75,FALSE,0.8532212494978744,"(0.51,0.76]"
G025_R384_C1135,G025_R384_C1137,0.5,FALSE,0.880018371629498,"(0.26,0.51]"
G025_R384_C1136,G025_R384_C1137,0.25,TRUE,0.939492351780903,"[0,0.26]"
G025_R380_C1132,G025_R384_C1138,1.8027756377319946,FALSE,0.8032253318240143,"(1.51,Inf]"
G025_R380_C1133,G025_R384_C1138,1.6007810593582121,FALSE,0.7972394773351907,"(1.51,Inf]"
G025_R380_C1134,G025_R384_C1138,1.4142135623730951,FALSE,0.7515336978228047,"(1.01,1.51]"
G025_R380_C1135,G025_R384_C1138,1.25,FALSE,0.6964483832884371,"(1.01,1.51]"
G025_R380_C1143,G025_R384_C1138,1.6007810593582121,FALSE,0.1276996280631746,"(1.51,Inf]"
G025_R380_C1144,G025_R384_C1138,1.8027756377319946,FALSE,0.2168027164540288,"(1.51,Inf]"
G025_R380_C1145,G025_R384_C1138,2.0155644370746373,FALSE,0.12354644551328184,"(1.51,Inf]"
G025_R380_C1146,G025_R384_C1138,2.23606797749979,FALSE,0.021260926204652145,"(1.51,Inf]"
G025_R380_C1147,G025_R384_C1138,2.462214450449026,FALSE,-0.017843509873689132,"(1.51,Inf]"
G025_R381_C1132,G025_R384_C1138,1.6770509831248424,FALSE,0.802686290038414,"(1.51,Inf]"
G025_R381_C1133,G025_R384_C1138,1.4577379737113252,FALSE,0.8171242609560172,"(1.01,1.51]"
G025_R381_C1134,G025_R384_C1138,1.25,FALSE,0.8128289029003194,"(1.01,1.51]"
G025_R381_C1135,G025_R384_C1138,1.0606601717798212,FALSE,0.8496409165140255,"(1.01,1.51]"
G025_R381_C1143,G025_R384_C1138,1.4577379737113252,FALSE,0.07625754981060114,"(1.01,1.51]"
G025_R381_C1144,G025_R384_C1138,1.6770509831248424,FALSE,0.3096442932258345,"(1.51,Inf]"
G025_R381_C1145,G025_R384_C1138,1.9039432764659772,FALSE,0.15246202115195925,"(1.51,Inf]"
G025_R381_C1146,G025_R384_C1138,2.1360009363293826,FALSE,0.10869722101913357,"(1.51,Inf]"
G025_R381_C1147,G025_R384_C1138,2.3717082451262845,FALSE,0.050370395767467525,"(1.51,Inf]"
G025_R382_C1132,G025_R384_C1138,1.5811388300841898,FALSE,0.8039176263756486,"(1.51,Inf]"
G025_R382_C1133,G025_R384_C1138,1.346291201783626,FALSE,0.8177286964216818,"(1.01,1.51]"
G025_R382_C1134,G025_R384_C1138,1.118033988749895,FALSE,0.8405573513286825,"(1.01,1.51]"
G025_R382_C1135,G025_R384_C1138,0.9013878188659973,FALSE,0.8623729280003312,"(0.76,1.01]"
G025_R382_C1136,G025_R384_C1138,0.7071067811865476,FALSE,0.8436245214215629,"(0.51,0.76]"
G025_R382_C1138,G025_R384_C1138,0.5,FALSE,0.19259558005248603,"(0.26,0.51]"
G025_R382_C1141,G025_R384_C1138,0.9013878188659973,FALSE,0.4279515220078964,"(0.76,1.01]"
G025_R382_C1143,G025_R384_C1138,1.346291201783626,FALSE,0.16116611036563055,"(1.01,1.51]"
G025_R382_C1144,G025_R384_C1138,1.5811388300841898,FALSE,0.11929438695508081,"(1.51,Inf]"
G025_R382_C1145,G025_R384_C1138,1.8200274723201295,FALSE,0.03804992384499797,"(1.51,Inf]"
G025_R382_C1146,G025_R384_C1138,2.0615528128088303,FALSE,-0.03679244586336698,"(1.51,Inf]"
G025_R382_C1147,G025_R384_C1138,2.3048861143232218,FALSE,-0.027007421226804117,"(1.51,Inf]"
G025_R383_C1132,G025_R384_C1138,1.5206906325745548,FALSE,0.7804633459852395,"(1.51,Inf]"
G025_R383_C1133,G025_R384_C1138,1.2747548783981961,FALSE,0.8150588190083065,"(1.01,1.51]"
G025_R383_C1134,G025_R384_C1138,1.0307764064044151,FALSE,0.8333846799537676,"(1.01,1.51]"
G025_R383_C1135,G025_R384_C1138,0.7905694150420949,FALSE,0.837886414909996,"(0.76,1.01]"
G025_R383_C1136,G025_R384_C1138,0.5590169943749475,FALSE,0.8579780379304823,"(0.51,0.76]"
G025_R383_C1137,G025_R384_C1138,0.3535533905932738,FALSE,0.8615931967876157,"(0.26,0.51]"
G025_R383_C1139,G025_R384_C1138,0.3535533905932738,FALSE,0.8541515637504059,"(0.26,0.51]"
G025_R383_C1140,G025_R384_C1138,0.5590169943749475,FALSE,0.8161562518045068,"(0.51,0.76]"
G025_R383_C1141,G025_R384_C1138,0.7905694150420949,FALSE,0.6398581415846066,"(0.76,1.01]"
G025_R383_C1142,G025_R384_C1138,1.0307764064044151,FALSE,0.47216303526646386,"(1.01,1.51]"
G025_R383_C1143,G025_R384_C1138,1.2747548783981961,FALSE,0.22914914902260702,"(1.01,1.51]"
G025_R383_C1144,G025_R384_C1138,1.5206906325745548,FALSE,-0.04149395239356733,"(1.51,Inf]"
G025_R383_C1145,G025_R384_C1138,1.7677669529663689,FALSE,-0.04777893405972638,"(1.51,Inf]"
G025_R383_C1146,G025_R384_C1138,2.0155644370746373,FALSE,-0.17465040342527002,"(1.51,Inf]"
G025_R383_C1147,G025_R384_C1138,2.2638462845343543,FALSE,-0.2989696019377469,"(1.51,Inf]"
G025_R384_C1132,G025_R384_C1138,1.5,FALSE,0.7633353202886421,"(1.01,1.51]"
G025_R384_C1133,G025_R384_C1138,1.25,FALSE,0.8051882575223057,"(1.01,1.51]"
G025_R384_C1134,G025_R384_C1138,1,FALSE,0.8090156932736527,"(0.76,1.01]"
G025_R384_C1135,G025_R384_C1138,0.75,FALSE,0.8239042781062363,"(0.51,0.76]"
G025_R384_C1136,G025_R384_C1138,0.5,FALSE,0.8805161883751403,"(0.26,0.51]"
G025_R384_C1137,G025_R384_C1138,0.25,TRUE,0.9141254694305335,"[0,0.26]"
G025_R380_C1132,G025_R384_C1139,2.0155644370746373,FALSE,0.7815895179726416,"(1.51,Inf]"
G025_R380_C1133,G025_R384_C1139,1.8027756377319946,FALSE,0.7718677428667055,"(1.51,Inf]"
G025_R380_C1134,G025_R384_C1139,1.6007810593582121,FALSE,0.7200599075774685,"(1.51,Inf]"
G025_R380_C1135,G025_R384_C1139,1.4142135623730951,FALSE,0.6576287711744605,"(1.01,1.51]"
G025_R380_C1143,G025_R384_C1139,1.4142135623730951,FALSE,0.11696427215908257,"(1.01,1.51]"
G025_R380_C1144,G025_R384_C1139,1.6007810593582121,FALSE,0.2598125419682871,"(1.51,Inf]"
G025_R380_C1145,G025_R384_C1139,1.8027756377319946,FALSE,0.13578469843645577,"(1.51,Inf]"
G025_R380_C1146,G025_R384_C1139,2.0155644370746373,FALSE,0.008816676674302354,"(1.51,Inf]"
G025_R380_C1147,G025_R384_C1139,2.23606797749979,FALSE,-0.036625161522139994,"(1.51,Inf]"
G025_R381_C1132,G025_R384_C1139,1.9039432764659772,FALSE,0.7996833981839827,"(1.51,Inf]"
G025_R381_C1133,G025_R384_C1139,1.6770509831248424,FALSE,0.8039331032030327,"(1.51,Inf]"
G025_R381_C1134,G025_R384_C1139,1.4577379737113252,FALSE,0.7920676734710845,"(1.01,1.51]"
G025_R381_C1135,G025_R384_C1139,1.25,FALSE,0.8128614379798701,"(1.01,1.51]"
G025_R381_C1143,G025_R384_C1139,1.25,FALSE,0.12871101333095453,"(1.01,1.51]"
G025_R381_C1144,G025_R384_C1139,1.4577379737113252,FALSE,0.35541444904224573,"(1.01,1.51]"
G025_R381_C1145,G025_R384_C1139,1.6770509831248424,FALSE,0.17960772822200843,"(1.51,Inf]"
G025_R381_C1146,G025_R384_C1139,1.9039432764659772,FALSE,0.1098415484761253,"(1.51,Inf]"
G025_R381_C1147,G025_R384_C1139,2.1360009363293826,FALSE,0.07497588687432263,"(1.51,Inf]"
G025_R382_C1132,G025_R384_C1139,1.8200274723201295,FALSE,0.7980123370526856,"(1.51,Inf]"
G025_R382_C1133,G025_R384_C1139,1.5811388300841898,FALSE,0.8096754452159316,"(1.51,Inf]"
G025_R382_C1134,G025_R384_C1139,1.346291201783626,FALSE,0.8164279674630134,"(1.01,1.51]"
G025_R382_C1135,G025_R384_C1139,1.118033988749895,FALSE,0.83208411592033,"(1.01,1.51]"
G025_R382_C1136,G025_R384_C1139,0.9013878188659973,FALSE,0.797566052638052,"(0.76,1.01]"
G025_R382_C1138,G025_R384_C1139,0.5590169943749475,FALSE,0.19705960391827093,"(0.51,0.76]"
G025_R382_C1141,G025_R384_C1139,0.7071067811865476,FALSE,0.4171619507814753,"(0.51,0.76]"
G025_R382_C1143,G025_R384_C1139,1.118033988749895,FALSE,0.24054070704642805,"(1.01,1.51]"
G025_R382_C1144,G025_R384_C1139,1.346291201783626,FALSE,0.1832534898606814,"(1.01,1.51]"
G025_R382_C1145,G025_R384_C1139,1.5811388300841898,FALSE,0.06706965076287154,"(1.51,Inf]"
G025_R382_C1146,G025_R384_C1139,1.8200274723201295,FALSE,-0.003258621595861086,"(1.51,Inf]"
G025_R382_C1147,G025_R384_C1139,2.0615528128088303,FALSE,-0.0015734260318672308,"(1.51,Inf]"
G025_R383_C1132,G025_R384_C1139,1.7677669529663689,FALSE,0.7745677468027615,"(1.51,Inf]"
G025_R383_C1133,G025_R384_C1139,1.5206906325745548,FALSE,0.8006536986110152,"(1.51,Inf]"
G025_R383_C1134,G025_R384_C1139,1.2747548783981961,FALSE,0.8248399265925491,"(1.01,1.51]"
G025_R383_C1135,G025_R384_C1139,1.0307764064044151,FALSE,0.8405496692983931,"(1.01,1.51]"
G025_R383_C1136,G025_R384_C1139,0.7905694150420949,FALSE,0.8416251059202322,"(0.76,1.01]"
G025_R383_C1137,G025_R384_C1139,0.5590169943749475,FALSE,0.8415774378850196,"(0.51,0.76]"
G025_R383_C1139,G025_R384_C1139,0.25,TRUE,0.8942619604177098,"[0,0.26]"
G025_R383_C1140,G025_R384_C1139,0.3535533905932738,FALSE,0.8946243670919829,"(0.26,0.51]"
G025_R383_C1141,G025_R384_C1139,0.5590169943749475,FALSE,0.7501948521992254,"(0.51,0.76]"
G025_R383_C1142,G025_R384_C1139,0.7905694150420949,FALSE,0.5674167283169428,"(0.76,1.01]"
G025_R383_C1143,G025_R384_C1139,1.0307764064044151,FALSE,0.2794897488006237,"(1.01,1.51]"
G025_R383_C1144,G025_R384_C1139,1.2747548783981961,FALSE,9.598270497982803e-4,"(1.01,1.51]"
G025_R383_C1145,G025_R384_C1139,1.5206906325745548,FALSE,-0.039822359126540634,"(1.51,Inf]"
G025_R383_C1146,G025_R384_C1139,1.7677669529663689,FALSE,-0.14323467645712343,"(1.51,Inf]"
G025_R383_C1147,G025_R384_C1139,2.0155644370746373,FALSE,-0.2727402336705114,"(1.51,Inf]"
G025_R384_C1132,G025_R384_C1139,1.75,FALSE,0.7619727348870917,"(1.51,Inf]"
G025_R384_C1133,G025_R384_C1139,1.5,FALSE,0.8077690949050249,"(1.01,1.51]"
G025_R384_C1134,G025_R384_C1139,1.25,FALSE,0.8189641656266887,"(1.01,1.51]"
G025_R384_C1135,G025_R384_C1139,1,FALSE,0.8345490096258268,"(0.76,1.01]"
G025_R384_C1136,G025_R384_C1139,0.75,FALSE,0.8651317350640212,"(0.51,0.76]"
G025_R384_C1137,G025_R384_C1139,0.5,FALSE,0.8768557266877126,"(0.26,0.51]"
G025_R384_C1138,G025_R384_C1139,0.25,TRUE,0.9205417699941624,"[0,0.26]"
G025_R380_C1132,G025_R384_C1140,2.23606797749979,FALSE,0.6800903864263838,"(1.51,Inf]"
G025_R380_C1133,G025_R384_C1140,2.0155644370746373,FALSE,0.6560521716069707,"(1.51,Inf]"
G025_R380_C1134,G025_R384_C1140,1.8027756377319946,FALSE,0.6243837445216707,"(1.51,Inf]"
G025_R380_C1135,G025_R384_C1140,1.6007810593582121,FALSE,0.5939478567046823,"(1.51,Inf]"
G025_R380_C1143,G025_R384_C1140,1.25,FALSE,0.2039960936173209,"(1.01,1.51]"
G025_R380_C1144,G025_R384_C1140,1.4142135623730951,FALSE,0.28765607559241335,"(1.01,1.51]"
G025_R380_C1145,G025_R384_C1140,1.6007810593582121,FALSE,0.1452018892954785,"(1.51,Inf]"
G025_R380_C1146,G025_R384_C1140,1.8027756377319946,FALSE,-0.0475144275222326,"(1.51,Inf]"
G025_R380_C1147,G025_R384_C1140,2.0155644370746373,FALSE,-0.11084176883419161,"(1.51,Inf]"
G025_R381_C1132,G025_R384_C1140,2.1360009363293826,FALSE,0.7073954894488428,"(1.51,Inf]"
G025_R381_C1133,G025_R384_C1140,1.9039432764659772,FALSE,0.6967322799195695,"(1.51,Inf]"
G025_R381_C1134,G025_R384_C1140,1.6770509831248424,FALSE,0.6757816534169595,"(1.51,Inf]"
G025_R381_C1135,G025_R384_C1140,1.4577379737113252,FALSE,0.6897948989965544,"(1.01,1.51]"
G025_R381_C1143,G025_R384_C1140,1.0606601717798212,FALSE,0.18349771284079278,"(1.01,1.51]"
G025_R381_C1144,G025_R384_C1140,1.25,FALSE,0.37353057809717893,"(1.01,1.51]"
G025_R381_C1145,G025_R384_C1140,1.4577379737113252,FALSE,0.1836215804977716,"(1.01,1.51]"
G025_R381_C1146,G025_R384_C1140,1.6770509831248424,FALSE,0.08074520458990726,"(1.51,Inf]"
G025_R381_C1147,G025_R384_C1140,1.9039432764659772,FALSE,0.03519674226875596,"(1.51,Inf]"
G025_R382_C1132,G025_R384_C1140,2.0615528128088303,FALSE,0.6993635180429114,"(1.51,Inf]"
G025_R382_C1133,G025_R384_C1140,1.8200274723201295,FALSE,0.7116596708918733,"(1.51,Inf]"
G025_R382_C1134,G025_R384_C1140,1.5811388300841898,FALSE,0.7040823517465855,"(1.51,Inf]"
G025_R382_C1135,G025_R384_C1140,1.346291201783626,FALSE,0.7133476809655706,"(1.01,1.51]"
G025_R382_C1136,G025_R384_C1140,1.118033988749895,FALSE,0.6954390801549539,"(1.01,1.51]"
G025_R382_C1138,G025_R384_C1140,0.7071067811865476,FALSE,0.2191453728370572,"(0.51,0.76]"
G025_R382_C1141,G025_R384_C1140,0.5590169943749475,FALSE,0.4245559866573856,"(0.51,0.76]"
G025_R382_C1143,G025_R384_C1140,0.9013878188659973,FALSE,0.3455201482596555,"(0.76,1.01]"
G025_R382_C1144,G025_R384_C1140,1.118033988749895,FALSE,0.21535974839255165,"(1.01,1.51]"
G025_R382_C1145,G025_R384_C1140,1.346291201783626,FALSE,0.05438543538454672,"(1.01,1.51]"
G025_R382_C1146,G025_R384_C1140,1.5811388300841898,FALSE,-0.060951179596959594,"(1.51,Inf]"
G025_R382_C1147,G025_R384_C1140,1.8200274723201295,FALSE,-0.1069393199207072,"(1.51,Inf]"
G025_R383_C1132,G025_R384_C1140,2.0155644370746373,FALSE,0.6834979669011155,"(1.51,Inf]"
G025_R383_C1133,G025_R384_C1140,1.7677669529663689,FALSE,0.7050433390008146,"(1.51,Inf]"
G025_R383_C1134,G025_R384_C1140,1.5206906325745548,FALSE,0.7310300888680533,"(1.51,Inf]"
G025_R383_C1135,G025_R384_C1140,1.2747548783981961,FALSE,0.7338784929765311,"(1.01,1.51]"
G025_R383_C1136,G025_R384_C1140,1.0307764064044151,FALSE,0.7338953425569418,"(1.01,1.51]"
G025_R383_C1137,G025_R384_C1140,0.7905694150420949,FALSE,0.7274811437290666,"(0.76,1.01]"
G025_R383_C1139,G025_R384_C1140,0.3535533905932738,FALSE,0.7765802231188833,"(0.26,0.51]"
G025_R383_C1140,G025_R384_C1140,0.25,TRUE,0.8969976388634143,"[0,0.26]"
G025_R383_C1141,G025_R384_C1140,0.3535533905932738,FALSE,0.850068481593692,"(0.26,0.51]"
G025_R383_C1142,G025_R384_C1140,0.5590169943749475,FALSE,0.7038646457823753,"(0.51,0.76]"
G025_R383_C1143,G025_R384_C1140,0.7905694150420949,FALSE,0.3546953695048283,"(0.76,1.01]"
G025_R383_C1144,G025_R384_C1140,1.0307764064044151,FALSE,0.10259371886967396,"(1.01,1.51]"
G025_R383_C1145,G025_R384_C1140,1.2747548783981961,FALSE,0.06913406815408871,"(1.01,1.51]"
G025_R383_C1146,G025_R384_C1140,1.5206906325745548,FALSE,-0.06617297488386244,"(1.51,Inf]"
G025_R383_C1147,G025_R384_C1140,1.7677669529663689,FALSE,-0.22267560816152993,"(1.51,Inf]"
G025_R384_C1132,G025_R384_C1140,2,FALSE,0.6657935060267182,"(1.51,Inf]"
G025_R384_C1133,G025_R384_C1140,1.75,FALSE,0.7097783160915313,"(1.51,Inf]"
G025_R384_C1134,G025_R384_C1140,1.5,FALSE,0.7365313581378019,"(1.01,1.51]"
G025_R384_C1135,G025_R384_C1140,1.25,FALSE,0.7402347272713286,"(1.01,1.51]"
G025_R384_C1136,G025_R384_C1140,1,FALSE,0.7623214019257354,"(0.76,1.01]"
G025_R384_C1137,G025_R384_C1140,0.75,FALSE,0.7643624795023602,"(0.51,0.76]"
G025_R384_C1138,G025_R384_C1140,0.5,FALSE,0.7656875082466482,"(0.26,0.51]"
G025_R384_C1139,G025_R384_C1140,0.25,TRUE,0.8966208614417546,"[0,0.26]"
G025_R380_C1132,G025_R384_C1141,2.462214450449026,FALSE,0.5399943660246977,"(1.51,Inf]"
G025_R380_C1133,G025_R384_C1141,2.23606797749979,FALSE,0.495993082318929,"(1.51,Inf]"
G025_R380_C1134,G025_R384_C1141,2.0155644370746373,FALSE,0.49539649496102917,"(1.51,Inf]"
G025_R380_C1135,G025_R384_C1141,1.8027756377319946,FALSE,0.4994561189529322,"(1.51,Inf]"
G025_R380_C1143,G025_R384_C1141,1.118033988749895,FALSE,0.18770094081406227,"(1.01,1.51]"
G025_R380_C1144,G025_R384_C1141,1.25,FALSE,0.24463892374146703,"(1.01,1.51]"
G025_R380_C1145,G025_R384_C1141,1.4142135623730951,FALSE,0.1477804435845124,"(1.01,1.51]"
G025_R380_C1146,G025_R384_C1141,1.6007810593582121,FALSE,-0.08069532805348915,"(1.51,Inf]"
G025_R380_C1147,G025_R384_C1141,1.8027756377319946,FALSE,-0.15403299538975646,"(1.51,Inf]"
G025_R381_C1132,G025_R384_C1141,2.3717082451262845,FALSE,0.5879863460051733,"(1.51,Inf]"
G025_R381_C1133,G025_R384_C1141,2.1360009363293826,FALSE,0.5611359779359548,"(1.51,Inf]"
G025_R381_C1134,G025_R384_C1141,1.9039432764659772,FALSE,0.5321795255767282,"(1.51,Inf]"
G025_R381_C1135,G025_R384_C1141,1.6770509831248424,FALSE,0.5465764909986398,"(1.51,Inf]"
G025_R381_C1143,G025_R384_C1141,0.9013878188659973,FALSE,0.21518066640516784,"(0.76,1.01]"
G025_R381_C1144,G025_R384_C1141,1.0606601717798212,FALSE,0.29804620617387767,"(1.01,1.51]"
G025_R381_C1145,G025_R384_C1141,1.25,FALSE,0.1609209569473447,"(1.01,1.51]"
G025_R381_C1146,G025_R384_C1141,1.4577379737113252,FALSE,0.03925953268955554,"(1.01,1.51]"
G025_R381_C1147,G025_R384_C1141,1.6770509831248424,FALSE,-0.0202735731725457,"(1.51,Inf]"
G025_R382_C1132,G025_R384_C1141,2.3048861143232218,FALSE,0.5766104717239878,"(1.51,Inf]"
G025_R382_C1133,G025_R384_C1141,2.0615528128088303,FALSE,0.5823106165659768,"(1.51,Inf]"
G025_R382_C1134,G025_R384_C1141,1.8200274723201295,FALSE,0.5650469717909932,"(1.51,Inf]"
G025_R382_C1135,G025_R384_C1141,1.5811388300841898,FALSE,0.5561598392726446,"(1.51,Inf]"
G025_R382_C1136,G025_R384_C1141,1.346291201783626,FALSE,0.5421529611730147,"(1.01,1.51]"
G025_R382_C1138,G025_R384_C1141,0.9013878188659973,FALSE,0.2135627204609652,"(0.76,1.01]"
G025_R382_C1141,G025_R384_C1141,0.5,FALSE,0.3517289723499788,"(0.26,0.51]"
G025_R382_C1143,G025_R384_C1141,0.7071067811865476,FALSE,0.3222672481234336,"(0.51,0.76]"
G025_R382_C1144,G025_R384_C1141,0.9013878188659973,FALSE,0.16922642748826358,"(0.76,1.01]"
G025_R382_C1145,G025_R384_C1141,1.118033988749895,FALSE,-0.03150540285868929,"(1.01,1.51]"
G025_R382_C1146,G025_R384_C1141,1.346291201783626,FALSE,-0.13811015323461312,"(1.01,1.51]"
G025_R382_C1147,G025_R384_C1141,1.5811388300841898,FALSE,-0.2099796279807993,"(1.51,Inf]"
G025_R383_C1132,G025_R384_C1141,2.2638462845343543,FALSE,0.5628797227751332,"(1.51,Inf]"
G025_R383_C1133,G025_R384_C1141,2.0155644370746373,FALSE,0.5740211796683866,"(1.51,Inf]"
G025_R383_C1134,G025_R384_C1141,1.7677669529663689,FALSE,0.5853201683804345,"(1.51,Inf]"
G025_R383_C1135,G025_R384_C1141,1.5206906325745548,FALSE,0.5737085819130229,"(1.51,Inf]"
G025_R383_C1136,G025_R384_C1141,1.2747548783981961,FALSE,0.5600116851642547,"(1.01,1.51]"
G025_R383_C1137,G025_R384_C1141,1.0307764064044151,FALSE,0.5446557906504632,"(1.01,1.51]"
G025_R383_C1139,G025_R384_C1141,0.5590169943749475,FALSE,0.5866770166110763,"(0.51,0.76]"
G025_R383_C1140,G025_R384_C1141,0.3535533905932738,FALSE,0.7417777607452967,"(0.26,0.51]"
G025_R383_C1141,G025_R384_C1141,0.25,TRUE,0.8514226842387892,"[0,0.26]"
G025_R383_C1142,G025_R384_C1141,0.3535533905932738,FALSE,0.8115220312307366,"(0.26,0.51]"
G025_R383_C1143,G025_R384_C1141,0.5590169943749475,FALSE,0.3803408680807286,"(0.51,0.76]"
G025_R383_C1144,G025_R384_C1141,0.7905694150420949,FALSE,0.10279296054165232,"(0.76,1.01]"
G025_R383_C1145,G025_R384_C1141,1.0307764064044151,FALSE,0.11949359103687629,"(1.01,1.51]"
G025_R383_C1146,G025_R384_C1141,1.2747548783981961,FALSE,-0.019920646684407184,"(1.01,1.51]"
G025_R383_C1147,G025_R384_C1141,1.5206906325745548,FALSE,-0.16654084878224523,"(1.51,Inf]"
G025_R384_C1132,G025_R384_C1141,2.25,FALSE,0.562792474292743,"(1.51,Inf]"
G025_R384_C1133,G025_R384_C1141,2,FALSE,0.5767967231727046,"(1.51,Inf]"
G025_R384_C1134,G025_R384_C1141,1.75,FALSE,0.5895745773709439,"(1.51,Inf]"
G025_R384_C1135,G025_R384_C1141,1.5,FALSE,0.5838637860988151,"(1.01,1.51]"
G025_R384_C1136,G025_R384_C1141,1.25,FALSE,0.5948618778623189,"(1.01,1.51]"
G025_R384_C1137,G025_R384_C1141,1,FALSE,0.6086465924263108,"(0.76,1.01]"
G025_R384_C1138,G025_R384_C1141,0.75,FALSE,0.5744672440438379,"(0.51,0.76]"
G025_R384_C1139,G025_R384_C1141,0.5,FALSE,0.6835099796769653,"(0.26,0.51]"
G025_R384_C1140,G025_R384_C1141,0.25,TRUE,0.8680464235192404,"[0,0.26]"
G025_R380_C1132,G025_R384_C1142,2.692582403567252,FALSE,0.33617031041324397,"(1.51,Inf]"
G025_R380_C1133,G025_R384_C1142,2.462214450449026,FALSE,0.28695632962272105,"(1.51,Inf]"
G025_R380_C1134,G025_R384_C1142,2.23606797749979,FALSE,0.3236384081573664,"(1.51,Inf]"
G025_R380_C1135,G025_R384_C1142,2.0155644370746373,FALSE,0.3237160247107264,"(1.51,Inf]"
G025_R380_C1143,G025_R384_C1142,1.0307764064044151,FALSE,0.09745325541287987,"(1.01,1.51]"
G025_R380_C1144,G025_R384_C1142,1.118033988749895,FALSE,0.22291762669343956,"(1.01,1.51]"
G025_R380_C1145,G025_R384_C1142,1.25,FALSE,0.16292130237370903,"(1.01,1.51]"
G025_R380_C1146,G025_R384_C1142,1.4142135623730951,FALSE,-0.027262279238754867,"(1.01,1.51]"
G025_R380_C1147,G025_R384_C1142,1.6007810593582121,FALSE,-0.17153204605582764,"(1.51,Inf]"
G025_R381_C1132,G025_R384_C1142,2.6100766272276377,FALSE,0.3955041492664585,"(1.51,Inf]"
G025_R381_C1133,G025_R384_C1142,2.3717082451262845,FALSE,0.36276516513284285,"(1.51,Inf]"
G025_R381_C1134,G025_R384_C1142,2.1360009363293826,FALSE,0.3441597214389953,"(1.51,Inf]"
G025_R381_C1135,G025_R384_C1142,1.9039432764659772,FALSE,0.33973904693309476,"(1.51,Inf]"
G025_R381_C1143,G025_R384_C1142,0.7905694150420949,FALSE,0.17889690633784983,"(0.76,1.01]"
G025_R381_C1144,G025_R384_C1142,0.9013878188659973,FALSE,0.2282233161580665,"(0.76,1.01]"
G025_R381_C1145,G025_R384_C1142,1.0606601717798212,FALSE,0.20906882210237052,"(1.01,1.51]"
G025_R381_C1146,G025_R384_C1142,1.25,FALSE,0.08656480579357283,"(1.01,1.51]"
G025_R381_C1147,G025_R384_C1142,1.4577379737113252,FALSE,-0.025171739412128035,"(1.01,1.51]"
G025_R382_C1132,G025_R384_C1142,2.5495097567963922,FALSE,0.36809175241340475,"(1.51,Inf]"
G025_R382_C1133,G025_R384_C1142,2.3048861143232218,FALSE,0.3790133370110284,"(1.51,Inf]"
G025_R382_C1134,G025_R384_C1142,2.0615528128088303,FALSE,0.3616734934367298,"(1.51,Inf]"
G025_R382_C1135,G025_R384_C1142,1.8200274723201295,FALSE,0.3398545090215626,"(1.51,Inf]"
G025_R382_C1136,G025_R384_C1142,1.5811388300841898,FALSE,0.3132015183403738,"(1.51,Inf]"
G025_R382_C1138,G025_R384_C1142,1.118033988749895,FALSE,0.11939368769060903,"(1.01,1.51]"
G025_R382_C1141,G025_R384_C1142,0.5590169943749475,FALSE,0.20583101369851112,"(0.51,0.76]"
G025_R382_C1143,G025_R384_C1142,0.5590169943749475,FALSE,0.26304568055648814,"(0.51,0.76]"
G025_R382_C1144,G025_R384_C1142,0.7071067811865476,FALSE,0.23307510616594662,"(0.51,0.76]"
G025_R382_C1145,G025_R384_C1142,0.9013878188659973,FALSE,0.04273914308554358,"(0.76,1.01]"
G025_R382_C1146,G025_R384_C1142,1.118033988749895,FALSE,-0.16398258762250978,"(1.01,1.51]"
G025_R382_C1147,G025_R384_C1142,1.346291201783626,FALSE,-0.16643608275572735,"(1.01,1.51]"
G025_R383_C1132,G025_R384_C1142,2.5124689052802225,FALSE,0.3852811287892375,"(1.51,Inf]"
G025_R383_C1133,G025_R384_C1142,2.2638462845343543,FALSE,0.37504474075704947,"(1.51,Inf]"
G025_R383_C1134,G025_R384_C1142,2.0155644370746373,FALSE,0.3617219372088358,"(1.51,Inf]"
G025_R383_C1135,G025_R384_C1142,1.7677669529663689,FALSE,0.33961268980919024,"(1.51,Inf]"
G025_R383_C1136,G025_R384_C1142,1.5206906325745548,FALSE,0.31957574388202353,"(1.51,Inf]"
G025_R383_C1137,G025_R384_C1142,1.2747548783981961,FALSE,0.31204098750862763,"(1.01,1.51]"
G025_R383_C1139,G025_R384_C1142,0.7905694150420949,FALSE,0.36822503320365535,"(0.76,1.01]"
G025_R383_C1140,G025_R384_C1142,0.5590169943749475,FALSE,0.49487181020895715,"(0.51,0.76]"
G025_R383_C1141,G025_R384_C1142,0.3535533905932738,FALSE,0.6385170143944701,"(0.26,0.51]"
G025_R383_C1142,G025_R384_C1142,0.25,TRUE,0.7539721525865263,"[0,0.26]"
G025_R383_C1143,G025_R384_C1142,0.3535533905932738,FALSE,0.4298868245426422,"(0.26,0.51]"
G025_R383_C1144,G025_R384_C1142,0.5590169943749475,FALSE,0.12851525090527482,"(0.51,0.76]"
G025_R383_C1145,G025_R384_C1142,0.7905694150420949,FALSE,0.1413979276953364,"(0.76,1.01]"
G025_R383_C1146,G025_R384_C1142,1.0307764064044151,FALSE,0.01791238998481874,"(1.01,1.51]"
G025_R383_C1147,G025_R384_C1142,1.2747548783981961,FALSE,-0.07596481440609662,"(1.01,1.51]"
G025_R384_C1132,G025_R384_C1142,2.5,FALSE,0.3817203291546057,"(1.51,Inf]"
G025_R384_C1133,G025_R384_C1142,2.25,FALSE,0.36191786592633096,"(1.51,Inf]"
G025_R384_C1134,G025_R384_C1142,2,FALSE,0.3511077539804234,"(1.51,Inf]"
G025_R384_C1135,G025_R384_C1142,1.75,FALSE,0.3380807828690071,"(1.51,Inf]"
G025_R384_C1136,G025_R384_C1142,1.5,FALSE,0.33029555406081484,"(1.01,1.51]"
G025_R384_C1137,G025_R384_C1142,1.25,FALSE,0.36737468367909204,"(1.01,1.51]"
G025_R384_C1138,G025_R384_C1142,1,FALSE,0.3180070265376543,"(0.76,1.01]"
G025_R384_C1139,G025_R384_C1142,0.75,FALSE,0.4144521443895365,"(0.51,0.76]"
G025_R384_C1140,G025_R384_C1142,0.5,FALSE,0.6049486247619604,"(0.26,0.51]"
G025_R384_C1141,G025_R384_C1142,0.25,TRUE,0.824577136952469,"[0,0.26]"
G025_R380_C1132,G025_R385_C1132,1.25,FALSE,0.7791826435195337,"(1.01,1.51]"
G025_R380_C1133,G025_R385_C1132,1.2747548783981961,FALSE,0.7511658977434246,"(1.01,1.51]"
G025_R380_C1134,G025_R385_C1132,1.346291201783626,FALSE,0.6889343719959805,"(1.01,1.51]"
G025_R380_C1135,G025_R385_C1132,1.4577379737113252,FALSE,0.5739129137374277,"(1.01,1.51]"
G025_R380_C1143,G025_R385_C1132,3.020761493398643,FALSE,0.10798685690363811,"(1.51,Inf]"
G025_R380_C1144,G025_R385_C1132,3.25,FALSE,0.2746559481666669,"(1.51,Inf]"
G025_R380_C1145,G025_R385_C1132,3.48209706929603,FALSE,0.1090455708048021,"(1.51,Inf]"
G025_R380_C1146,G025_R385_C1132,3.7165171868296265,FALSE,0.03355158583360711,"(1.51,Inf]"
G025_R380_C1147,G025_R385_C1132,3.952847075210474,FALSE,-0.002332830663696995,"(1.51,Inf]"
G025_R381_C1132,G025_R385_C1132,1,FALSE,0.8268610538874818,"(0.76,1.01]"
G025_R381_C1133,G025_R385_C1132,1.0307764064044151,FALSE,0.8237553043003782,"(1.01,1.51]"
G025_R381_C1134,G025_R385_C1132,1.118033988749895,FALSE,0.8031095870758924,"(1.01,1.51]"
G025_R381_C1135,G025_R385_C1132,1.25,FALSE,0.7755742891422155,"(1.01,1.51]"
G025_R381_C1143,G025_R385_C1132,2.9261749776799064,FALSE,0.15916895516799745,"(1.51,Inf]"
G025_R381_C1144,G025_R385_C1132,3.1622776601683795,FALSE,0.3062282598331651,"(1.51,Inf]"
G025_R381_C1145,G025_R385_C1132,3.400367627183861,FALSE,0.16654277825984287,"(1.51,Inf]"
G025_R381_C1146,G025_R385_C1132,3.640054944640259,FALSE,0.10323934670500699,"(1.51,Inf]"
G025_R381_C1147,G025_R385_C1132,3.881043674065006,FALSE,0.08869439744596479,"(1.51,Inf]"
G025_R382_C1132,G025_R385_C1132,0.75,FALSE,0.8811064668680176,"(0.51,0.76]"
G025_R382_C1133,G025_R385_C1132,0.7905694150420949,FALSE,0.85485318327601,"(0.76,1.01]"
G025_R382_C1134,G025_R385_C1132,0.9013878188659973,FALSE,0.8368384583414927,"(0.76,1.01]"
G025_R382_C1135,G025_R385_C1132,1.0606601717798212,FALSE,0.8296717483427736,"(1.01,1.51]"
G025_R382_C1136,G025_R385_C1132,1.25,FALSE,0.7691944996005129,"(1.01,1.51]"
G025_R382_C1138,G025_R385_C1132,1.6770509831248424,FALSE,0.11850259473184449,"(1.51,Inf]"
G025_R382_C1141,G025_R385_C1132,2.3717082451262845,FALSE,0.3033891748861325,"(1.51,Inf]"
G025_R382_C1143,G025_R385_C1132,2.850438562747845,FALSE,0.14295141584479115,"(1.51,Inf]"
G025_R382_C1144,G025_R385_C1132,3.092329219213245,FALSE,0.13587299656700794,"(1.51,Inf]"
G025_R382_C1145,G025_R385_C1132,3.3354160160315836,FALSE,0.04566732302881599,"(1.51,Inf]"
G025_R382_C1146,G025_R385_C1132,3.5794552658190883,FALSE,-0.0036172583609976826,"(1.51,Inf]"
G025_R382_C1147,G025_R385_C1132,3.824264635194589,FALSE,-0.03705777484547842,"(1.51,Inf]"
G025_R383_C1132,G025_R385_C1132,0.5,FALSE,0.8871846147980684,"(0.26,0.51]"
G025_R383_C1133,G025_R385_C1132,0.5590169943749475,FALSE,0.8863510968943162,"(0.51,0.76]"
G025_R383_C1134,G025_R385_C1132,0.7071067811865476,FALSE,0.8763985496761951,"(0.51,0.76]"
G025_R383_C1135,G025_R385_C1132,0.9013878188659973,FALSE,0.8557726496344318,"(0.76,1.01]"
G025_R383_C1136,G025_R385_C1132,1.118033988749895,FALSE,0.8536426483645023,"(1.01,1.51]"
G025_R383_C1137,G025_R385_C1132,1.346291201783626,FALSE,0.7957099497114148,"(1.01,1.51]"
G025_R383_C1139,G025_R385_C1132,1.8200274723201295,FALSE,0.7573020716558213,"(1.51,Inf]"
G025_R383_C1140,G025_R385_C1132,2.0615528128088303,FALSE,0.7369327050576608,"(1.51,Inf]"
G025_R383_C1141,G025_R385_C1132,2.3048861143232218,FALSE,0.6163135533053786,"(1.51,Inf]"
G025_R383_C1142,G025_R385_C1132,2.5495097567963922,FALSE,0.4770655097242216,"(1.51,Inf]"
G025_R383_C1143,G025_R385_C1132,2.7950849718747373,FALSE,0.22871812229158756,"(1.51,Inf]"
G025_R383_C1144,G025_R385_C1132,3.0413812651491097,FALSE,-0.03421701513068324,"(1.51,Inf]"
G025_R383_C1145,G025_R385_C1132,3.2882366094914763,FALSE,-0.05246090638287222,"(1.51,Inf]"
G025_R383_C1146,G025_R385_C1132,3.5355339059327378,FALSE,-0.17183304380515457,"(1.51,Inf]"
G025_R383_C1147,G025_R385_C1132,3.783186487605389,FALSE,-0.2159436948194266,"(1.51,Inf]"
G025_R384_C1132,G025_R385_C1132,0.25,TRUE,0.9130497518150885,"[0,0.26]"
G025_R384_C1133,G025_R385_C1132,0.3535533905932738,FALSE,0.9271131021378178,"(0.26,0.51]"
G025_R384_C1134,G025_R385_C1132,0.5590169943749475,FALSE,0.8936191490059741,"(0.51,0.76]"
G025_R384_C1135,G025_R385_C1132,0.7905694150420949,FALSE,0.867307810052253,"(0.76,1.01]"
G025_R384_C1136,G025_R385_C1132,1.0307764064044151,FALSE,0.8562655321821512,"(1.01,1.51]"
G025_R384_C1137,G025_R385_C1132,1.2747548783981961,FALSE,0.8180356229031298,"(1.01,1.51]"
G025_R384_C1138,G025_R385_C1132,1.5206906325745548,FALSE,0.7854211042854221,"(1.51,Inf]"
G025_R384_C1139,G025_R385_C1132,1.7677669529663689,FALSE,0.7855019841308778,"(1.51,Inf]"
G025_R384_C1140,G025_R385_C1132,2.0155644370746373,FALSE,0.6950857303153334,"(1.51,Inf]"
G025_R384_C1141,G025_R385_C1132,2.2638462845343543,FALSE,0.563622259130017,"(1.51,Inf]"
G025_R384_C1142,G025_R385_C1132,2.5124689052802225,FALSE,0.34220852928816126,"(1.51,Inf]"
G025_R380_C1132,G025_R385_C1133,1.2747548783981961,FALSE,0.7855819076176852,"(1.01,1.51]"
G025_R380_C1133,G025_R385_C1133,1.25,FALSE,0.7763371479406751,"(1.01,1.51]"
G025_R380_C1134,G025_R385_C1133,1.2747548783981961,FALSE,0.7033360819656929,"(1.01,1.51]"
G025_R380_C1135,G025_R385_C1133,1.346291201783626,FALSE,0.5861163848964104,"(1.01,1.51]"
G025_R380_C1143,G025_R385_C1133,2.7950849718747373,FALSE,0.10656171054199526,"(1.51,Inf]"
G025_R380_C1144,G025_R385_C1133,3.020761493398643,FALSE,0.27439807104023245,"(1.51,Inf]"
G025_R380_C1145,G025_R385_C1133,3.25,FALSE,0.12214867748385734,"(1.51,Inf]"
G025_R380_C1146,G025_R385_C1133,3.48209706929603,FALSE,0.046977100738663305,"(1.51,Inf]"
G025_R380_C1147,G025_R385_C1133,3.7165171868296265,FALSE,0.006666457429800027,"(1.51,Inf]"
G025_R381_C1132,G025_R385_C1133,1.0307764064044151,FALSE,0.824179450268234,"(1.01,1.51]"
G025_R381_C1133,G025_R385_C1133,1,FALSE,0.8335187622010557,"(0.76,1.01]"
G025_R381_C1134,G025_R385_C1133,1.0307764064044151,FALSE,0.8221577158863279,"(1.01,1.51]"
G025_R381_C1135,G025_R385_C1133,1.118033988749895,FALSE,0.7980517205196116,"(1.01,1.51]"
G025_R381_C1143,G025_R385_C1133,2.692582403567252,FALSE,0.14916667032171685,"(1.51,Inf]"
G025_R381_C1144,G025_R385_C1133,2.9261749776799064,FALSE,0.30436525001939035,"(1.51,Inf]"
G025_R381_C1145,G025_R385_C1133,3.1622776601683795,FALSE,0.17692022534882493,"(1.51,Inf]"
G025_R381_C1146,G025_R385_C1133,3.400367627183861,FALSE,0.12210433393906626,"(1.51,Inf]"
G025_R381_C1147,G025_R385_C1133,3.640054944640259,FALSE,0.1035518175571257,"(1.51,Inf]"
G025_R382_C1132,G025_R385_C1133,0.7905694150420949,FALSE,0.8738415005887916,"(0.76,1.01]"
G025_R382_C1133,G025_R385_C1133,0.75,FALSE,0.8619716884441939,"(0.51,0.76]"
G025_R382_C1134,G025_R385_C1133,0.7905694150420949,FALSE,0.8495484739821881,"(0.76,1.01]"
G025_R382_C1135,G025_R385_C1133,0.9013878188659973,FALSE,0.8486161386284599,"(0.76,1.01]"
G025_R382_C1136,G025_R385_C1133,1.0606601717798212,FALSE,0.7827538883532504,"(1.01,1.51]"
G025_R382_C1138,G025_R385_C1133,1.4577379737113252,FALSE,0.12505324049311145,"(1.01,1.51]"
G025_R382_C1141,G025_R385_C1133,2.1360009363293826,FALSE,0.3118495538955219,"(1.51,Inf]"
G025_R382_C1143,G025_R385_C1133,2.6100766272276377,FALSE,0.15320088019549882,"(1.51,Inf]"
G025_R382_C1144,G025_R385_C1133,2.850438562747845,FALSE,0.14514277283206148,"(1.51,Inf]"
G025_R382_C1145,G025_R385_C1133,3.092329219213245,FALSE,0.06006559279053998,"(1.51,Inf]"
G025_R382_C1146,G025_R385_C1133,3.3354160160315836,FALSE,0.0010945731304322045,"(1.51,Inf]"
G025_R382_C1147,G025_R385_C1133,3.5794552658190883,FALSE,-0.021297034118585873,"(1.51,Inf]"
G025_R383_C1132,G025_R385_C1133,0.5590169943749475,FALSE,0.8811621123510939,"(0.51,0.76]"
G025_R383_C1133,G025_R385_C1133,0.5,FALSE,0.8972333533122459,"(0.26,0.51]"
G025_R383_C1134,G025_R385_C1133,0.5590169943749475,FALSE,0.8960742929265669,"(0.51,0.76]"
G025_R383_C1135,G025_R385_C1133,0.7071067811865476,FALSE,0.8817342483959458,"(0.51,0.76]"
G025_R383_C1136,G025_R385_C1133,0.9013878188659973,FALSE,0.867973687648856,"(0.76,1.01]"
G025_R383_C1137,G025_R385_C1133,1.118033988749895,FALSE,0.8099779845395424,"(1.01,1.51]"
G025_R383_C1139,G025_R385_C1133,1.5811388300841898,FALSE,0.7612192975198049,"(1.51,Inf]"
G025_R383_C1140,G025_R385_C1133,1.8200274723201295,FALSE,0.7506061630651075,"(1.51,Inf]"
G025_R383_C1141,G025_R385_C1133,2.0615528128088303,FALSE,0.6365319881066387,"(1.51,Inf]"
G025_R383_C1142,G025_R385_C1133,2.3048861143232218,FALSE,0.4862401020638877,"(1.51,Inf]"
G025_R383_C1143,G025_R385_C1133,2.5495097567963922,FALSE,0.21530120679604234,"(1.51,Inf]"
G025_R383_C1144,G025_R385_C1133,2.7950849718747373,FALSE,-0.010593444140270627,"(1.51,Inf]"
G025_R383_C1145,G025_R385_C1133,3.0413812651491097,FALSE,-0.05668643265490068,"(1.51,Inf]"
G025_R383_C1146,G025_R385_C1133,3.2882366094914763,FALSE,-0.16448777661134192,"(1.51,Inf]"
G025_R383_C1147,G025_R385_C1133,3.5355339059327378,FALSE,-0.2227539001341632,"(1.51,Inf]"
G025_R384_C1132,G025_R385_C1133,0.3535533905932738,FALSE,0.8986077131806728,"(0.26,0.51]"
G025_R384_C1133,G025_R385_C1133,0.25,TRUE,0.9571630920731297,"[0,0.26]"
G025_R384_C1134,G025_R385_C1133,0.3535533905932738,FALSE,0.930323500494027,"(0.26,0.51]"
G025_R384_C1135,G025_R385_C1133,0.5590169943749475,FALSE,0.9018815609764571,"(0.51,0.76]"
G025_R384_C1136,G025_R385_C1133,0.7905694150420949,FALSE,0.8822996809454708,"(0.76,1.01]"
G025_R384_C1137,G025_R385_C1133,1.0307764064044151,FALSE,0.8327521388564728,"(1.01,1.51]"
G025_R384_C1138,G025_R385_C1133,1.2747548783981961,FALSE,0.7940116793619013,"(1.01,1.51]"
G025_R384_C1139,G025_R385_C1133,1.5206906325745548,FALSE,0.8072253061365579,"(1.51,Inf]"
G025_R384_C1140,G025_R385_C1133,1.7677669529663689,FALSE,0.7183708133932173,"(1.51,Inf]"
G025_R384_C1141,G025_R385_C1133,2.0155644370746373,FALSE,0.5865558447540045,"(1.51,Inf]"
G025_R384_C1142,G025_R385_C1133,2.2638462845343543,FALSE,0.3578678957119776,"(1.51,Inf]"
G025_R385_C1132,G025_R385_C1133,0.25,TRUE,0.9621466463807347,"[0,0.26]"
G025_R380_C1132,G025_R385_C1134,1.346291201783626,FALSE,0.7926900555109869,"(1.01,1.51]"
G025_R380_C1133,G025_R385_C1134,1.2747548783981961,FALSE,0.7780091167466809,"(1.01,1.51]"
G025_R380_C1134,G025_R385_C1134,1.25,FALSE,0.6856567788873312,"(1.01,1.51]"
G025_R380_C1135,G025_R385_C1134,1.2747548783981961,FALSE,0.5647239362304339,"(1.01,1.51]"
G025_R380_C1143,G025_R385_C1134,2.57390753524675,FALSE,0.1043329422578773,"(1.51,Inf]"
G025_R380_C1144,G025_R385_C1134,2.7950849718747373,FALSE,0.2701300770913021,"(1.51,Inf]"
G025_R380_C1145,G025_R385_C1134,3.020761493398643,FALSE,0.1212021784947421,"(1.51,Inf]"
G025_R380_C1146,G025_R385_C1134,3.25,FALSE,0.04379615903397475,"(1.51,Inf]"
G025_R380_C1147,G025_R385_C1134,3.48209706929603,FALSE,-0.003681868624646514,"(1.51,Inf]"
G025_R381_C1132,G025_R385_C1134,1.118033988749895,FALSE,0.8321975745564977,"(1.01,1.51]"
G025_R381_C1133,G025_R385_C1134,1.0307764064044151,FALSE,0.8371735017491619,"(1.01,1.51]"
G025_R381_C1134,G025_R385_C1134,1,FALSE,0.8193141600303453,"(0.76,1.01]"
G025_R381_C1135,G025_R385_C1134,1.0307764064044151,FALSE,0.791396784997176,"(1.01,1.51]"
G025_R381_C1143,G025_R385_C1134,2.462214450449026,FALSE,0.17216656059206117,"(1.51,Inf]"
G025_R381_C1144,G025_R385_C1134,2.692582403567252,FALSE,0.292614088666733,"(1.51,Inf]"
G025_R381_C1145,G025_R385_C1134,2.9261749776799064,FALSE,0.17072981957411015,"(1.51,Inf]"
G025_R381_C1146,G025_R385_C1134,3.1622776601683795,FALSE,0.14721715554347922,"(1.51,Inf]"
G025_R381_C1147,G025_R385_C1134,3.400367627183861,FALSE,0.08663630324195508,"(1.51,Inf]"
G025_R382_C1132,G025_R385_C1134,0.9013878188659973,FALSE,0.871247022311795,"(0.76,1.01]"
G025_R382_C1133,G025_R385_C1134,0.7905694150420949,FALSE,0.8693685832420527,"(0.76,1.01]"
G025_R382_C1134,G025_R385_C1134,0.75,FALSE,0.8702615532284022,"(0.51,0.76]"
G025_R382_C1135,G025_R385_C1134,0.7905694150420949,FALSE,0.8685507772555181,"(0.76,1.01]"
G025_R382_C1136,G025_R385_C1134,0.9013878188659973,FALSE,0.8009423783699176,"(0.76,1.01]"
G025_R382_C1138,G025_R385_C1134,1.25,FALSE,0.10830092068853701,"(1.01,1.51]"
G025_R382_C1141,G025_R385_C1134,1.9039432764659772,FALSE,0.348042101244602,"(1.51,Inf]"
G025_R382_C1143,G025_R385_C1134,2.3717082451262845,FALSE,0.1612899902118838,"(1.51,Inf]"
G025_R382_C1144,G025_R385_C1134,2.6100766272276377,FALSE,0.11436888753140617,"(1.51,Inf]"
G025_R382_C1145,G025_R385_C1134,2.850438562747845,FALSE,0.041912458270752316,"(1.51,Inf]"
G025_R382_C1146,G025_R385_C1134,3.092329219213245,FALSE,-0.004232268625453986,"(1.51,Inf]"
G025_R382_C1147,G025_R385_C1134,3.3354160160315836,FALSE,-0.03315772171365934,"(1.51,Inf]"
G025_R383_C1132,G025_R385_C1134,0.7071067811865476,FALSE,0.877371284975601,"(0.51,0.76]"
G025_R383_C1133,G025_R385_C1134,0.5590169943749475,FALSE,0.9078733379133146,"(0.51,0.76]"
G025_R383_C1134,G025_R385_C1134,0.5,FALSE,0.9083922268532353,"(0.26,0.51]"
G025_R383_C1135,G025_R385_C1134,0.5590169943749475,FALSE,0.9080304024247532,"(0.51,0.76]"
G025_R383_C1136,G025_R385_C1134,0.7071067811865476,FALSE,0.8871370494199935,"(0.51,0.76]"
G025_R383_C1137,G025_R385_C1134,0.9013878188659973,FALSE,0.8129791029737243,"(0.76,1.01]"
G025_R383_C1139,G025_R385_C1134,1.346291201783626,FALSE,0.7499255615759919,"(1.01,1.51]"
G025_R383_C1140,G025_R385_C1134,1.5811388300841898,FALSE,0.7641421307969818,"(1.51,Inf]"
G025_R383_C1141,G025_R385_C1134,1.8200274723201295,FALSE,0.6497633741443336,"(1.51,Inf]"
G025_R383_C1142,G025_R385_C1134,2.0615528128088303,FALSE,0.49602654141688685,"(1.51,Inf]"
G025_R383_C1143,G025_R385_C1134,2.3048861143232218,FALSE,0.2058860685775181,"(1.51,Inf]"
G025_R383_C1144,G025_R385_C1134,2.5495097567963922,FALSE,-0.025790180125288442,"(1.51,Inf]"
G025_R383_C1145,G025_R385_C1134,2.7950849718747373,FALSE,-0.10810218714833132,"(1.51,Inf]"
G025_R383_C1146,G025_R385_C1134,3.0413812651491097,FALSE,-0.1948858493567035,"(1.51,Inf]"
G025_R383_C1147,G025_R385_C1134,3.2882366094914763,FALSE,-0.2551709511853644,"(1.51,Inf]"
G025_R384_C1132,G025_R385_C1134,0.5590169943749475,FALSE,0.8773798902127372,"(0.51,0.76]"
G025_R384_C1133,G025_R385_C1134,0.3535533905932738,FALSE,0.9440753226347757,"(0.26,0.51]"
G025_R384_C1134,G025_R385_C1134,0.25,TRUE,0.9540789229299153,"[0,0.26]"
G025_R384_C1135,G025_R385_C1134,0.3535533905932738,FALSE,0.9501440158955915,"(0.26,0.51]"
G025_R384_C1136,G025_R385_C1134,0.5590169943749475,FALSE,0.9209823730638167,"(0.51,0.76]"
G025_R384_C1137,G025_R385_C1134,0.7905694150420949,FALSE,0.860672712654878,"(0.76,1.01]"
G025_R384_C1138,G025_R385_C1134,1.0307764064044151,FALSE,0.8087598246037783,"(1.01,1.51]"
G025_R384_C1139,G025_R385_C1134,1.2747548783981961,FALSE,0.8133621069491703,"(1.01,1.51]"
G025_R384_C1140,G025_R385_C1134,1.5206906325745548,FALSE,0.7279116439903994,"(1.51,Inf]"
G025_R384_C1141,G025_R385_C1134,1.7677669529663689,FALSE,0.5920704893809486,"(1.51,Inf]"
G025_R384_C1142,G025_R385_C1134,2.0155644370746373,FALSE,0.36359837394040145,"(1.51,Inf]"
G025_R385_C1132,G025_R385_C1134,0.5,FALSE,0.9179793625771694,"(0.26,0.51]"
G025_R385_C1133,G025_R385_C1134,0.25,TRUE,0.9584878940556665,"[0,0.26]"
G025_R380_C1132,G025_R385_C1135,1.4577379737113252,FALSE,0.8171418914120513,"(1.01,1.51]"
G025_R380_C1133,G025_R385_C1135,1.346291201783626,FALSE,0.796898262054591,"(1.01,1.51]"
G025_R380_C1134,G025_R385_C1135,1.2747548783981961,FALSE,0.702942295316425,"(1.01,1.51]"
G025_R380_C1135,G025_R385_C1135,1.25,FALSE,0.597680806911826,"(1.01,1.51]"
G025_R380_C1143,G025_R385_C1135,2.358495283014151,FALSE,0.11380986449131829,"(1.51,Inf]"
G025_R380_C1144,G025_R385_C1135,2.57390753524675,FALSE,0.2796279954678427,"(1.51,Inf]"
G025_R380_C1145,G025_R385_C1135,2.7950849718747373,FALSE,0.10668083285795106,"(1.51,Inf]"
G025_R380_C1146,G025_R385_C1135,3.020761493398643,FALSE,0.024620957768728146,"(1.51,Inf]"
G025_R380_C1147,G025_R385_C1135,3.25,FALSE,-0.01536083011841751,"(1.51,Inf]"
G025_R381_C1132,G025_R385_C1135,1.25,FALSE,0.8418094313580984,"(1.01,1.51]"
G025_R381_C1133,G025_R385_C1135,1.118033988749895,FALSE,0.8622998636446045,"(1.01,1.51]"
G025_R381_C1134,G025_R385_C1135,1.0307764064044151,FALSE,0.8381038651886215,"(1.01,1.51]"
G025_R381_C1135,G025_R385_C1135,1,FALSE,0.8067963711077426,"(0.76,1.01]"
G025_R381_C1143,G025_R385_C1135,2.23606797749979,FALSE,0.15437307577853263,"(1.51,Inf]"
G025_R381_C1144,G025_R385_C1135,2.462214450449026,FALSE,0.31370048614359,"(1.51,Inf]"
G025_R381_C1145,G025_R385_C1135,2.692582403567252,FALSE,0.16890620096007672,"(1.51,Inf]"
G025_R381_C1146,G025_R385_C1135,2.9261749776799064,FALSE,0.1400173649566552,"(1.51,Inf]"
G025_R381_C1147,G025_R385_C1135,3.1622776601683795,FALSE,0.08030861732796675,"(1.51,Inf]"
G025_R382_C1132,G025_R385_C1135,1.0606601717798212,FALSE,0.8601535738209317,"(1.01,1.51]"
G025_R382_C1133,G025_R385_C1135,0.9013878188659973,FALSE,0.8766817270973685,"(0.76,1.01]"
G025_R382_C1134,G025_R385_C1135,0.7905694150420949,FALSE,0.8940730273441309,"(0.76,1.01]"
G025_R382_C1135,G025_R385_C1135,0.75,FALSE,0.8874385349741936,"(0.51,0.76]"
G025_R382_C1136,G025_R385_C1135,0.7905694150420949,FALSE,0.8243575191129562,"(0.76,1.01]"
G025_R382_C1138,G025_R385_C1135,1.0606601717798212,FALSE,0.12917852619094208,"(1.01,1.51]"
G025_R382_C1141,G025_R385_C1135,1.6770509831248424,FALSE,0.3675035122397229,"(1.51,Inf]"
G025_R382_C1143,G025_R385_C1135,2.1360009363293826,FALSE,0.1461013942580307,"(1.51,Inf]"
G025_R382_C1144,G025_R385_C1135,2.3717082451262845,FALSE,0.12630925829080128,"(1.51,Inf]"
G025_R382_C1145,G025_R385_C1135,2.6100766272276377,FALSE,0.04206476094565124,"(1.51,Inf]"
G025_R382_C1146,G025_R385_C1135,2.850438562747845,FALSE,0.011073122964521157,"(1.51,Inf]"
G025_R382_C1147,G025_R385_C1135,3.092329219213245,FALSE,-0.027328824807626183,"(1.51,Inf]"
G025_R383_C1132,G025_R385_C1135,0.9013878188659973,FALSE,0.8691620246495636,"(0.76,1.01]"
G025_R383_C1133,G025_R385_C1135,0.7071067811865476,FALSE,0.9036922071560918,"(0.51,0.76]"
G025_R383_C1134,G025_R385_C1135,0.5590169943749475,FALSE,0.9159042838784809,"(0.51,0.76]"
G025_R383_C1135,G025_R385_C1135,0.5,FALSE,0.9190578045965666,"(0.26,0.51]"
G025_R383_C1136,G025_R385_C1135,0.5590169943749475,FALSE,0.91234057800029,"(0.51,0.76]"
G025_R383_C1137,G025_R385_C1135,0.7071067811865476,FALSE,0.8484765439333795,"(0.51,0.76]"
G025_R383_C1139,G025_R385_C1135,1.118033988749895,FALSE,0.7885235803898025,"(1.01,1.51]"
G025_R383_C1140,G025_R385_C1135,1.346291201783626,FALSE,0.7960755222851196,"(1.01,1.51]"
G025_R383_C1141,G025_R385_C1135,1.5811388300841898,FALSE,0.6716115233025266,"(1.51,Inf]"
G025_R383_C1142,G025_R385_C1135,1.8200274723201295,FALSE,0.48373210109844944,"(1.51,Inf]"
G025_R383_C1143,G025_R385_C1135,2.0615528128088303,FALSE,0.20338235511159428,"(1.51,Inf]"
G025_R383_C1144,G025_R385_C1135,2.3048861143232218,FALSE,-0.03392706176272432,"(1.51,Inf]"
G025_R383_C1145,G025_R385_C1135,2.5495097567963922,FALSE,-0.10061111028478624,"(1.51,Inf]"
G025_R383_C1146,G025_R385_C1135,2.7950849718747373,FALSE,-0.19631687980168055,"(1.51,Inf]"
G025_R383_C1147,G025_R385_C1135,3.0413812651491097,FALSE,-0.26517658657135434,"(1.51,Inf]"
G025_R384_C1132,G025_R385_C1135,0.7905694150420949,FALSE,0.8499177275499548,"(0.76,1.01]"
G025_R384_C1133,G025_R385_C1135,0.5590169943749475,FALSE,0.9141177918813368,"(0.51,0.76]"
G025_R384_C1134,G025_R385_C1135,0.3535533905932738,FALSE,0.9296107223786617,"(0.26,0.51]"
G025_R384_C1135,G025_R385_C1135,0.25,TRUE,0.9445599120439662,"[0,0.26]"
G025_R384_C1136,G025_R385_C1135,0.3535533905932738,FALSE,0.9418886288053804,"(0.26,0.51]"
G025_R384_C1137,G025_R385_C1135,0.5590169943749475,FALSE,0.8980237370637029,"(0.51,0.76]"
G025_R384_C1138,G025_R385_C1135,0.7905694150420949,FALSE,0.8528373467763892,"(0.76,1.01]"
G025_R384_C1139,G025_R385_C1135,1.0307764064044151,FALSE,0.8440210983406885,"(1.01,1.51]"
G025_R384_C1140,G025_R385_C1135,1.2747548783981961,FALSE,0.7453027711408745,"(1.01,1.51]"
G025_R384_C1141,G025_R385_C1135,1.5206906325745548,FALSE,0.5863233207929589,"(1.51,Inf]"
G025_R384_C1142,G025_R385_C1135,1.7677669529663689,FALSE,0.3452549360345334,"(1.51,Inf]"
G025_R385_C1132,G025_R385_C1135,0.75,FALSE,0.8990339771118119,"(0.51,0.76]"
G025_R385_C1133,G025_R385_C1135,0.5,FALSE,0.915556760798107,"(0.26,0.51]"
G025_R385_C1134,G025_R385_C1135,0.25,TRUE,0.9589673522621102,"[0,0.26]"
G025_R380_C1132,G025_R385_C1136,1.6007810593582121,FALSE,0.8111221712113666,"(1.51,Inf]"
G025_R380_C1133,G025_R385_C1136,1.4577379737113252,FALSE,0.7976440818348726,"(1.01,1.51]"
G025_R380_C1134,G025_R385_C1136,1.346291201783626,FALSE,0.7224748913712146,"(1.01,1.51]"
G025_R380_C1135,G025_R385_C1136,1.2747548783981961,FALSE,0.6300110286152988,"(1.01,1.51]"
G025_R380_C1143,G025_R385_C1136,2.1505813167606567,FALSE,0.1250811798717145,"(1.51,Inf]"
G025_R380_C1144,G025_R385_C1136,2.358495283014151,FALSE,0.2810810981316651,"(1.51,Inf]"
G025_R380_C1145,G025_R385_C1136,2.57390753524675,FALSE,0.1184425040235665,"(1.51,Inf]"
G025_R380_C1146,G025_R385_C1136,2.7950849718747373,FALSE,0.02172390364209157,"(1.51,Inf]"
G025_R380_C1147,G025_R385_C1136,3.020761493398643,FALSE,-0.02178805342678226,"(1.51,Inf]"
G025_R381_C1132,G025_R385_C1136,1.4142135623730951,FALSE,0.8395771124329792,"(1.01,1.51]"
G025_R381_C1133,G025_R385_C1136,1.25,FALSE,0.8562691116895623,"(1.01,1.51]"
G025_R381_C1134,G025_R385_C1136,1.118033988749895,FALSE,0.8430510999159341,"(1.01,1.51]"
G025_R381_C1135,G025_R385_C1136,1.0307764064044151,FALSE,0.8286867906712359,"(1.01,1.51]"
G025_R381_C1143,G025_R385_C1136,2.0155644370746373,FALSE,0.12530833264993219,"(1.51,Inf]"
G025_R381_C1144,G025_R385_C1136,2.23606797749979,FALSE,0.30827019988318505,"(1.51,Inf]"
G025_R381_C1145,G025_R385_C1136,2.462214450449026,FALSE,0.19101480363190232,"(1.51,Inf]"
G025_R381_C1146,G025_R385_C1136,2.692582403567252,FALSE,0.13717387089275324,"(1.51,Inf]"
G025_R381_C1147,G025_R385_C1136,2.9261749776799064,FALSE,0.07669375392714743,"(1.51,Inf]"
G025_R382_C1132,G025_R385_C1136,1.25,FALSE,0.8487527670218464,"(1.01,1.51]"
G025_R382_C1133,G025_R385_C1136,1.0606601717798212,FALSE,0.8711332159982513,"(1.01,1.51]"
G025_R382_C1134,G025_R385_C1136,0.9013878188659973,FALSE,0.8932888432243189,"(0.76,1.01]"
G025_R382_C1135,G025_R385_C1136,0.7905694150420949,FALSE,0.8909325150013019,"(0.76,1.01]"
G025_R382_C1136,G025_R385_C1136,0.75,FALSE,0.8303292956595777,"(0.51,0.76]"
G025_R382_C1138,G025_R385_C1136,0.9013878188659973,FALSE,0.13087810814635917,"(0.76,1.01]"
G025_R382_C1141,G025_R385_C1136,1.4577379737113252,FALSE,0.38220616051673273,"(1.01,1.51]"
G025_R382_C1143,G025_R385_C1136,1.9039432764659772,FALSE,0.1746258712646383,"(1.51,Inf]"
G025_R382_C1144,G025_R385_C1136,2.1360009363293826,FALSE,0.12364648395996226,"(1.51,Inf]"
G025_R382_C1145,G025_R385_C1136,2.3717082451262845,FALSE,0.019685455793729757,"(1.51,Inf]"
G025_R382_C1146,G025_R385_C1136,2.6100766272276377,FALSE,-0.04456981885025128,"(1.51,Inf]"
G025_R382_C1147,G025_R385_C1136,2.850438562747845,FALSE,-0.06300378499988689,"(1.51,Inf]"
G025_R383_C1132,G025_R385_C1136,1.118033988749895,FALSE,0.8522551397906193,"(1.01,1.51]"
G025_R383_C1133,G025_R385_C1136,0.9013878188659973,FALSE,0.892275685214317,"(0.76,1.01]"
G025_R383_C1134,G025_R385_C1136,0.7071067811865476,FALSE,0.9153934123874137,"(0.51,0.76]"
G025_R383_C1135,G025_R385_C1136,0.5590169943749475,FALSE,0.9237288696134172,"(0.51,0.76]"
G025_R383_C1136,G025_R385_C1136,0.5,FALSE,0.9222855495784298,"(0.26,0.51]"
G025_R383_C1137,G025_R385_C1136,0.5590169943749475,FALSE,0.8629676425221475,"(0.51,0.76]"
G025_R383_C1139,G025_R385_C1136,0.9013878188659973,FALSE,0.8006723146951792,"(0.76,1.01]"
G025_R383_C1140,G025_R385_C1136,1.118033988749895,FALSE,0.816207898512966,"(1.01,1.51]"
G025_R383_C1141,G025_R385_C1136,1.346291201783626,FALSE,0.6813562253954685,"(1.01,1.51]"
G025_R383_C1142,G025_R385_C1136,1.5811388300841898,FALSE,0.5117623042548073,"(1.51,Inf]"
G025_R383_C1143,G025_R385_C1136,1.8200274723201295,FALSE,0.21756548101393228,"(1.51,Inf]"
G025_R383_C1144,G025_R385_C1136,2.0615528128088303,FALSE,-0.029336557976955085,"(1.51,Inf]"
G025_R383_C1145,G025_R385_C1136,2.3048861143232218,FALSE,-0.0825750916463338,"(1.51,Inf]"
G025_R383_C1146,G025_R385_C1136,2.5495097567963922,FALSE,-0.2047727858179835,"(1.51,Inf]"
G025_R383_C1147,G025_R385_C1136,2.7950849718747373,FALSE,-0.2671762386171377,"(1.51,Inf]"
G025_R384_C1132,G025_R385_C1136,1.0307764064044151,FALSE,0.8264920369629475,"(1.01,1.51]"
G025_R384_C1133,G025_R385_C1136,0.7905694150420949,FALSE,0.8824411589606882,"(0.76,1.01]"
G025_R384_C1134,G025_R385_C1136,0.5590169943749475,FALSE,0.9049311224699048,"(0.51,0.76]"
G025_R384_C1135,G025_R385_C1136,0.3535533905932738,FALSE,0.9305758568196649,"(0.26,0.51]"
G025_R384_C1136,G025_R385_C1136,0.25,TRUE,0.9656023166785321,"[0,0.26]"
G025_R384_C1137,G025_R385_C1136,0.3535533905932738,FALSE,0.9348595507750874,"(0.26,0.51]"
G025_R384_C1138,G025_R385_C1136,0.5590169943749475,FALSE,0.8817327705133546,"(0.51,0.76]"
G025_R384_C1139,G025_R385_C1136,0.7905694150420949,FALSE,0.8765260523179078,"(0.76,1.01]"
G025_R384_C1140,G025_R385_C1136,1.0307764064044151,FALSE,0.781916772798177,"(1.01,1.51]"
G025_R384_C1141,G025_R385_C1136,1.2747548783981961,FALSE,0.6102154299540448,"(1.01,1.51]"
G025_R384_C1142,G025_R385_C1136,1.5206906325745548,FALSE,0.3619381777175674,"(1.51,Inf]"
G025_R385_C1132,G025_R385_C1136,1,FALSE,0.8700197837565261,"(0.76,1.01]"
G025_R385_C1133,G025_R385_C1136,0.75,FALSE,0.888521758451277,"(0.51,0.76]"
G025_R385_C1134,G025_R385_C1136,0.5,FALSE,0.9194364084872595,"(0.26,0.51]"
G025_R385_C1135,G025_R385_C1136,0.25,TRUE,0.9610054014515933,"[0,0.26]"
G025_R380_C1132,G025_R385_C1137,1.7677669529663689,FALSE,0.7820386351089423,"(1.51,Inf]"
G025_R380_C1133,G025_R385_C1137,1.6007810593582121,FALSE,0.7842862377063037,"(1.51,Inf]"
G025_R380_C1134,G025_R385_C1137,1.4577379737113252,FALSE,0.7280187993267956,"(1.01,1.51]"
G025_R380_C1135,G025_R385_C1137,1.346291201783626,FALSE,0.638761908829115,"(1.01,1.51]"
G025_R380_C1143,G025_R385_C1137,1.9525624189766635,FALSE,0.14425243459342824,"(1.51,Inf]"
G025_R380_C1144,G025_R385_C1137,2.1505813167606567,FALSE,0.32220161145693266,"(1.51,Inf]"
G025_R380_C1145,G025_R385_C1137,2.358495283014151,FALSE,0.15686443861542745,"(1.51,Inf]"
G025_R380_C1146,G025_R385_C1137,2.57390753524675,FALSE,0.05268038116544152,"(1.51,Inf]"
G025_R380_C1147,G025_R385_C1137,2.7950849718747373,FALSE,-0.015764667863972945,"(1.51,Inf]"
G025_R381_C1132,G025_R385_C1137,1.6007810593582121,FALSE,0.8080165050392881,"(1.51,Inf]"
G025_R381_C1133,G025_R385_C1137,1.4142135623730951,FALSE,0.8091588655452628,"(1.01,1.51]"
G025_R381_C1134,G025_R385_C1137,1.25,FALSE,0.8070743133478687,"(1.01,1.51]"
G025_R381_C1135,G025_R385_C1137,1.118033988749895,FALSE,0.8303803491394948,"(1.01,1.51]"
G025_R381_C1143,G025_R385_C1137,1.8027756377319946,FALSE,0.1458869565540839,"(1.51,Inf]"
G025_R381_C1144,G025_R385_C1137,2.0155644370746373,FALSE,0.35456442677595856,"(1.51,Inf]"
G025_R381_C1145,G025_R385_C1137,2.23606797749979,FALSE,0.1906231597196906,"(1.51,Inf]"
G025_R381_C1146,G025_R385_C1137,2.462214450449026,FALSE,0.12389712158607949,"(1.51,Inf]"
G025_R381_C1147,G025_R385_C1137,2.692582403567252,FALSE,0.06383232003379963,"(1.51,Inf]"
G025_R382_C1132,G025_R385_C1137,1.4577379737113252,FALSE,0.8227920251555308,"(1.01,1.51]"
G025_R382_C1133,G025_R385_C1137,1.25,FALSE,0.8301573052068515,"(1.01,1.51]"
G025_R382_C1134,G025_R385_C1137,1.0606601717798212,FALSE,0.844402379967488,"(1.01,1.51]"
G025_R382_C1135,G025_R385_C1137,0.9013878188659973,FALSE,0.8767657901577527,"(0.76,1.01]"
G025_R382_C1136,G025_R385_C1137,0.7905694150420949,FALSE,0.8344209044037295,"(0.76,1.01]"
G025_R382_C1138,G025_R385_C1137,0.7905694150420949,FALSE,0.14041499602679167,"(0.76,1.01]"
G025_R382_C1141,G025_R385_C1137,1.25,FALSE,0.37658481049302184,"(1.01,1.51]"
G025_R382_C1143,G025_R385_C1137,1.6770509831248424,FALSE,0.21181225868309078,"(1.51,Inf]"
G025_R382_C1144,G025_R385_C1137,1.9039432764659772,FALSE,0.13608061695784032,"(1.51,Inf]"
G025_R382_C1145,G025_R385_C1137,2.1360009363293826,FALSE,0.015115288055534915,"(1.51,Inf]"
G025_R382_C1146,G025_R385_C1137,2.3717082451262845,FALSE,-0.04101460037122062,"(1.51,Inf]"
G025_R382_C1147,G025_R385_C1137,2.6100766272276377,FALSE,-0.061597071098689,"(1.51,Inf]"
G025_R383_C1132,G025_R385_C1137,1.346291201783626,FALSE,0.8155110424680703,"(1.01,1.51]"
G025_R383_C1133,G025_R385_C1137,1.118033988749895,FALSE,0.8404044152351345,"(1.01,1.51]"
G025_R383_C1134,G025_R385_C1137,0.9013878188659973,FALSE,0.8568539641377119,"(0.76,1.01]"
G025_R383_C1135,G025_R385_C1137,0.7071067811865476,FALSE,0.8670912142184796,"(0.51,0.76]"
G025_R383_C1136,G025_R385_C1137,0.5590169943749475,FALSE,0.8758083333011109,"(0.51,0.76]"
G025_R383_C1137,G025_R385_C1137,0.5,FALSE,0.867530528648343,"(0.26,0.51]"
G025_R383_C1139,G025_R385_C1137,0.7071067811865476,FALSE,0.8159946885375677,"(0.51,0.76]"
G025_R383_C1140,G025_R385_C1137,0.9013878188659973,FALSE,0.8338812240199619,"(0.76,1.01]"
G025_R383_C1141,G025_R385_C1137,1.118033988749895,FALSE,0.6953267683376412,"(1.01,1.51]"
G025_R383_C1142,G025_R385_C1137,1.346291201783626,FALSE,0.5425724859583778,"(1.01,1.51]"
G025_R383_C1143,G025_R385_C1137,1.5811388300841898,FALSE,0.2594107509235434,"(1.51,Inf]"
G025_R383_C1144,G025_R385_C1137,1.8200274723201295,FALSE,-0.035733653963522335,"(1.51,Inf]"
G025_R383_C1145,G025_R385_C1137,2.0615528128088303,FALSE,-0.048524377090374285,"(1.51,Inf]"
G025_R383_C1146,G025_R385_C1137,2.3048861143232218,FALSE,-0.1818010299956844,"(1.51,Inf]"
G025_R383_C1147,G025_R385_C1137,2.5495097567963922,FALSE,-0.2783000477599541,"(1.51,Inf]"
G025_R384_C1132,G025_R385_C1137,1.2747548783981961,FALSE,0.8106914833117919,"(1.01,1.51]"
G025_R384_C1133,G025_R385_C1137,1.0307764064044151,FALSE,0.853759962749741,"(1.01,1.51]"
G025_R384_C1134,G025_R385_C1137,0.7905694150420949,FALSE,0.8518698909271637,"(0.76,1.01]"
G025_R384_C1135,G025_R385_C1137,0.5590169943749475,FALSE,0.8686487919477976,"(0.51,0.76]"
G025_R384_C1136,G025_R385_C1137,0.3535533905932738,FALSE,0.9397972384258358,"(0.26,0.51]"
G025_R384_C1137,G025_R385_C1137,0.25,TRUE,0.9573778397307047,"[0,0.26]"
G025_R384_C1138,G025_R385_C1137,0.3535533905932738,FALSE,0.9014058100823956,"(0.26,0.51]"
G025_R384_C1139,G025_R385_C1137,0.5590169943749475,FALSE,0.8977280576801308,"(0.51,0.76]"
G025_R384_C1140,G025_R385_C1137,0.7905694150420949,FALSE,0.800501690399461,"(0.76,1.01]"
G025_R384_C1141,G025_R385_C1137,1.0307764064044151,FALSE,0.6267505447904592,"(1.01,1.51]"
G025_R384_C1142,G025_R385_C1137,1.2747548783981961,FALSE,0.38597225396221,"(1.01,1.51]"
G025_R385_C1132,G025_R385_C1137,1.25,FALSE,0.8325193069999097,"(1.01,1.51]"
G025_R385_C1133,G025_R385_C1137,1,FALSE,0.8301948157622188,"(0.76,1.01]"
G025_R385_C1134,G025_R385_C1137,0.75,FALSE,0.8602168801381023,"(0.51,0.76]"
G025_R385_C1135,G025_R385_C1137,0.5,FALSE,0.9059785043002687,"(0.26,0.51]"
G025_R385_C1136,G025_R385_C1137,0.25,TRUE,0.9534230389182398,"[0,0.26]"
G025_R380_C1132,G025_R385_C1138,1.9525624189766635,FALSE,0.7966756243864778,"(1.51,Inf]"
G025_R380_C1133,G025_R385_C1138,1.7677669529663689,FALSE,0.7897203222936303,"(1.51,Inf]"
G025_R380_C1134,G025_R385_C1138,1.6007810593582121,FALSE,0.7280446846040232,"(1.51,Inf]"
G025_R380_C1135,G025_R385_C1138,1.4577379737113252,FALSE,0.6450532671951368,"(1.01,1.51]"
G025_R380_C1143,G025_R385_C1138,1.7677669529663689,FALSE,0.11792521339268244,"(1.51,Inf]"
G025_R380_C1144,G025_R385_C1138,1.9525624189766635,FALSE,0.3117358320808483,"(1.51,Inf]"
G025_R380_C1145,G025_R385_C1138,2.1505813167606567,FALSE,0.1532214859892504,"(1.51,Inf]"
G025_R380_C1146,G025_R385_C1138,2.358495283014151,FALSE,0.018976803667900805,"(1.51,Inf]"
G025_R380_C1147,G025_R385_C1138,2.57390753524675,FALSE,-0.0338654247163681,"(1.51,Inf]"
G025_R381_C1132,G025_R385_C1138,1.8027756377319946,FALSE,0.8195126230805468,"(1.51,Inf]"
G025_R381_C1133,G025_R385_C1138,1.6007810593582121,FALSE,0.8200118473107315,"(1.51,Inf]"
G025_R381_C1134,G025_R385_C1138,1.4142135623730951,FALSE,0.8112152888094291,"(1.01,1.51]"
G025_R381_C1135,G025_R385_C1138,1.25,FALSE,0.8232445092261647,"(1.01,1.51]"
G025_R381_C1143,G025_R385_C1138,1.6007810593582121,FALSE,0.15494547467362518,"(1.51,Inf]"
G025_R381_C1144,G025_R385_C1138,1.8027756377319946,FALSE,0.37834130566467195,"(1.51,Inf]"
G025_R381_C1145,G025_R385_C1138,2.0155644370746373,FALSE,0.22574778831107908,"(1.51,Inf]"
G025_R381_C1146,G025_R385_C1138,2.23606797749979,FALSE,0.13339647224890505,"(1.51,Inf]"
G025_R381_C1147,G025_R385_C1138,2.462214450449026,FALSE,0.07884690889116219,"(1.51,Inf]"
G025_R382_C1132,G025_R385_C1138,1.6770509831248424,FALSE,0.821177569564601,"(1.51,Inf]"
G025_R382_C1133,G025_R385_C1138,1.4577379737113252,FALSE,0.8284036933796032,"(1.01,1.51]"
G025_R382_C1134,G025_R385_C1138,1.25,FALSE,0.8431731197303921,"(1.01,1.51]"
G025_R382_C1135,G025_R385_C1138,1.0606601717798212,FALSE,0.8675995789243912,"(1.01,1.51]"
G025_R382_C1136,G025_R385_C1138,0.9013878188659973,FALSE,0.8341190427888024,"(0.76,1.01]"
G025_R382_C1138,G025_R385_C1138,0.75,FALSE,0.13291286858872134,"(0.51,0.76]"
G025_R382_C1141,G025_R385_C1138,1.0606601717798212,FALSE,0.4156984267227421,"(1.01,1.51]"
G025_R382_C1143,G025_R385_C1138,1.4577379737113252,FALSE,0.22737457337390163,"(1.01,1.51]"
G025_R382_C1144,G025_R385_C1138,1.6770509831248424,FALSE,0.17182357493321396,"(1.51,Inf]"
G025_R382_C1145,G025_R385_C1138,1.9039432764659772,FALSE,0.024531471376521712,"(1.51,Inf]"
G025_R382_C1146,G025_R385_C1138,2.1360009363293826,FALSE,-0.021328366435536057,"(1.51,Inf]"
G025_R382_C1147,G025_R385_C1138,2.3717082451262845,FALSE,-0.04454308359165465,"(1.51,Inf]"
G025_R383_C1132,G025_R385_C1138,1.5811388300841898,FALSE,0.8089728112457538,"(1.51,Inf]"
G025_R383_C1133,G025_R385_C1138,1.346291201783626,FALSE,0.8331898914097161,"(1.01,1.51]"
G025_R383_C1134,G025_R385_C1138,1.118033988749895,FALSE,0.8544147680703144,"(1.01,1.51]"
G025_R383_C1135,G025_R385_C1138,0.9013878188659973,FALSE,0.8539925034283803,"(0.76,1.01]"
G025_R383_C1136,G025_R385_C1138,0.7071067811865476,FALSE,0.8600630030137977,"(0.51,0.76]"
G025_R383_C1137,G025_R385_C1138,0.5590169943749475,FALSE,0.8530922553133691,"(0.51,0.76]"
G025_R383_C1139,G025_R385_C1138,0.5590169943749475,FALSE,0.819632252366071,"(0.51,0.76]"
G025_R383_C1140,G025_R385_C1138,0.7071067811865476,FALSE,0.8627736422175103,"(0.51,0.76]"
G025_R383_C1141,G025_R385_C1138,0.9013878188659973,FALSE,0.740836481039194,"(0.76,1.01]"
G025_R383_C1142,G025_R385_C1138,1.118033988749895,FALSE,0.5687667834256931,"(1.01,1.51]"
G025_R383_C1143,G025_R385_C1138,1.346291201783626,FALSE,0.28252224743971827,"(1.01,1.51]"
G025_R383_C1144,G025_R385_C1138,1.5811388300841898,FALSE,-0.01366930847466571,"(1.51,Inf]"
G025_R383_C1145,G025_R385_C1138,1.8200274723201295,FALSE,-0.04563003985423553,"(1.51,Inf]"
G025_R383_C1146,G025_R385_C1138,2.0615528128088303,FALSE,-0.15820022471620404,"(1.51,Inf]"
G025_R383_C1147,G025_R385_C1138,2.3048861143232218,FALSE,-0.25701951174816856,"(1.51,Inf]"
G025_R384_C1132,G025_R385_C1138,1.5206906325745548,FALSE,0.7944610150407768,"(1.51,Inf]"
G025_R384_C1133,G025_R385_C1138,1.2747548783981961,FALSE,0.8352843807053268,"(1.01,1.51]"
G025_R384_C1134,G025_R385_C1138,1.0307764064044151,FALSE,0.8411916211422905,"(1.01,1.51]"
G025_R384_C1135,G025_R385_C1138,0.7905694150420949,FALSE,0.8604900947898005,"(0.76,1.01]"
G025_R384_C1136,G025_R385_C1138,0.5590169943749475,FALSE,0.9066337472480472,"(0.51,0.76]"
G025_R384_C1137,G025_R385_C1138,0.3535533905932738,FALSE,0.93232179529821535,"(0.26,0.51]"
G025_R384_C1138,G025_R385_C1138,0.25,TRUE,0.9128762194255879,"[0,0.26]"
G025_R384_C1139,G025_R385_C1138,0.3535533905932738,FALSE,0.9211513572285791,"(0.26,0.51]"
G025_R384_C1140,G025_R385_C1138,0.5590169943749475,FALSE,0.841140291562588,"(0.51,0.76]"
G025_R384_C1141,G025_R385_C1138,0.7905694150420949,FALSE,0.6821928239249531,"(0.76,1.01]"
G025_R384_C1142,G025_R385_C1138,1.0307764064044151,FALSE,0.42963950755540964,"(1.01,1.51]"
G025_R385_C1132,G025_R385_C1138,1.5,FALSE,0.8090583218268178,"(1.01,1.51]"
G025_R385_C1133,G025_R385_C1138,1.25,FALSE,0.8196483574822032,"(1.01,1.51]"
G025_R385_C1134,G025_R385_C1138,1,FALSE,0.8470200414440963,"(0.76,1.01]"
G025_R385_C1135,G025_R385_C1138,0.75,FALSE,0.8859855792890571,"(0.51,0.76]"
G025_R385_C1136,G025_R385_C1138,0.5,FALSE,0.9181450048062697,"(0.26,0.51]"
G025_R385_C1137,G025_R385_C1138,0.25,TRUE,0.9529233484914836,"[0,0.26]"
G025_R380_C1132,G025_R385_C1139,2.1505813167606567,FALSE,0.7298046783680324,"(1.51,Inf]"
G025_R380_C1133,G025_R385_C1139,1.9525624189766635,FALSE,0.7082060986947999,"(1.51,Inf]"
G025_R380_C1134,G025_R385_C1139,1.7677669529663689,FALSE,0.6822081889666356,"(1.51,Inf]"
G025_R380_C1135,G025_R385_C1139,1.6007810593582121,FALSE,0.6411078162254237,"(1.51,Inf]"
G025_R380_C1143,G025_R385_C1139,1.6007810593582121,FALSE,0.13066772266629706,"(1.51,Inf]"
G025_R380_C1144,G025_R385_C1139,1.7677669529663689,FALSE,0.298943162631003,"(1.51,Inf]"
G025_R380_C1145,G025_R385_C1139,1.9525624189766635,FALSE,0.1838620421360781,"(1.51,Inf]"
G025_R380_C1146,G025_R385_C1139,2.1505813167606567,FALSE,0.03336913819162012,"(1.51,Inf]"
G025_R380_C1147,G025_R385_C1139,2.358495283014151,FALSE,-0.044824766303864054,"(1.51,Inf]"
G025_R381_C1132,G025_R385_C1139,2.0155644370746373,FALSE,0.757913929153655,"(1.51,Inf]"
G025_R381_C1133,G025_R385_C1139,1.8027756377319946,FALSE,0.7474493566120582,"(1.51,Inf]"
G025_R381_C1134,G025_R385_C1139,1.6007810593582121,FALSE,0.7421707921876082,"(1.51,Inf]"
G025_R381_C1135,G025_R385_C1139,1.4142135623730951,FALSE,0.7455068696955868,"(1.01,1.51]"
G025_R381_C1143,G025_R385_C1139,1.4142135623730951,FALSE,0.1544808405236978,"(1.01,1.51]"
G025_R381_C1144,G025_R385_C1139,1.6007810593582121,FALSE,0.39496917783791075,"(1.51,Inf]"
G025_R381_C1145,G025_R385_C1139,1.8027756377319946,FALSE,0.25351787948696514,"(1.51,Inf]"
G025_R381_C1146,G025_R385_C1139,2.0155644370746373,FALSE,0.15807394412411435,"(1.51,Inf]"
G025_R381_C1147,G025_R385_C1139,2.23606797749979,FALSE,0.10634384715307327,"(1.51,Inf]"
G025_R382_C1132,G025_R385_C1139,1.9039432764659772,FALSE,0.7587406463259229,"(1.51,Inf]"
G025_R382_C1133,G025_R385_C1139,1.6770509831248424,FALSE,0.7575701781218056,"(1.51,Inf]"
G025_R382_C1134,G025_R385_C1139,1.4577379737113252,FALSE,0.7580291244026881,"(1.01,1.51]"
G025_R382_C1135,G025_R385_C1139,1.25,FALSE,0.7665539089940775,"(1.01,1.51]"
G025_R382_C1136,G025_R385_C1139,1.0606601717798212,FALSE,0.7600644550053779,"(1.01,1.51]"
G025_R382_C1138,G025_R385_C1139,0.7905694150420949,FALSE,0.17687479199398604,"(0.76,1.01]"
G025_R382_C1141,G025_R385_C1139,0.9013878188659973,FALSE,0.39720164075886655,"(0.76,1.01]"
G025_R382_C1143,G025_R385_C1139,1.25,FALSE,0.25385696319785006,"(1.01,1.51]"
G025_R382_C1144,G025_R385_C1139,1.4577379737113252,FALSE,0.20212234826261666,"(1.01,1.51]"
G025_R382_C1145,G025_R385_C1139,1.6770509831248424,FALSE,0.058165179938181204,"(1.51,Inf]"
G025_R382_C1146,G025_R385_C1139,1.9039432764659772,FALSE,-0.019382713712207567,"(1.51,Inf]"
G025_R382_C1147,G025_R385_C1139,2.1360009363293826,FALSE,-0.044909513463555706,"(1.51,Inf]"
G025_R383_C1132,G025_R385_C1139,1.8200274723201295,FALSE,0.7374412478979068,"(1.51,Inf]"
G025_R383_C1133,G025_R385_C1139,1.5811388300841898,FALSE,0.7602933241587425,"(1.51,Inf]"
G025_R383_C1134,G025_R385_C1139,1.346291201783626,FALSE,0.77762028807766,"(1.01,1.51]"
G025_R383_C1135,G025_R385_C1139,1.118033988749895,FALSE,0.7750192462365825,"(1.01,1.51]"
G025_R383_C1136,G025_R385_C1139,0.9013878188659973,FALSE,0.7769718938216283,"(0.76,1.01]"
G025_R383_C1137,G025_R385_C1139,0.7071067811865476,FALSE,0.7604703427459052,"(0.51,0.76]"
G025_R383_C1139,G025_R385_C1139,0.5,FALSE,0.7869800145418938,"(0.26,0.51]"
G025_R383_C1140,G025_R385_C1139,0.5590169943749475,FALSE,0.8415913008523657,"(0.51,0.76]"
G025_R383_C1141,G025_R385_C1139,0.7071067811865476,FALSE,0.7835519328794925,"(0.51,0.76]"
G025_R383_C1142,G025_R385_C1139,0.9013878188659973,FALSE,0.6342265958509218,"(0.76,1.01]"
G025_R383_C1143,G025_R385_C1139,1.118033988749895,FALSE,0.33836054513561914,"(1.01,1.51]"
G025_R383_C1144,G025_R385_C1139,1.346291201783626,FALSE,0.04905686735768661,"(1.01,1.51]"
G025_R383_C1145,G025_R385_C1139,1.5811388300841898,FALSE,-0.0068238885419302335,"(1.51,Inf]"
G025_R383_C1146,G025_R385_C1139,1.8200274723201295,FALSE,-0.13081189909256433,"(1.51,Inf]"
G025_R383_C1147,G025_R385_C1139,2.0615528128088303,FALSE,-0.23047984000466826,"(1.51,Inf]"
G025_R384_C1132,G025_R385_C1139,1.7677669529663689,FALSE,0.7300621484999981,"(1.51,Inf]"
G025_R384_C1133,G025_R385_C1139,1.5206906325745548,FALSE,0.7613510411373783,"(1.51,Inf]"
G025_R384_C1134,G025_R385_C1139,1.2747548783981961,FALSE,0.7732260228912096,"(1.01,1.51]"
G025_R384_C1135,G025_R385_C1139,1.0307764064044151,FALSE,0.7822938687899337,"(1.01,1.51]"
G025_R384_C1136,G025_R385_C1139,0.7905694150420949,FALSE,0.813551965704699,"(0.76,1.01]"
G025_R384_C1137,G025_R385_C1139,0.5590169943749475,FALSE,0.8320166764012177,"(0.51,0.76]"
G025_R384_C1138,G025_R385_C1139,0.3535533905932738,FALSE,0.8330615659608305,"(0.26,0.51]"
G025_R384_C1139,G025_R385_C1139,0.25,TRUE,0.9120814912920088,"[0,0.26]"
G025_R384_C1140,G025_R385_C1139,0.3535533905932738,FALSE,0.9038015986914887,"(0.26,0.51]"
G025_R384_C1141,G025_R385_C1139,0.5590169943749475,FALSE,0.7731783113679622,"(0.51,0.76]"
G025_R384_C1142,G025_R385_C1139,0.7905694150420949,FALSE,0.5369595103348814,"(0.76,1.01]"
G025_R385_C1132,G025_R385_C1139,1.75,FALSE,0.7360557147376676,"(1.51,Inf]"
G025_R385_C1133,G025_R385_C1139,1.5,FALSE,0.7603956660895612,"(1.01,1.51]"
G025_R385_C1134,G025_R385_C1139,1.25,FALSE,0.7774408732046791,"(1.01,1.51]"
G025_R385_C1135,G025_R385_C1139,1,FALSE,0.7954705105829858,"(0.76,1.01]"
G025_R385_C1136,G025_R385_C1139,0.75,FALSE,0.8263790505079726,"(0.51,0.76]"
G025_R385_C1137,G025_R385_C1139,0.5,FALSE,0.8636678271221137,"(0.26,0.51]"
G025_R385_C1138,G025_R385_C1139,0.25,TRUE,0.9146504209886033,"[0,0.26]"
G025_R380_C1132,G025_R385_C1140,2.358495283014151,FALSE,0.6094548326002897,"(1.51,Inf]"
G025_R380_C1133,G025_R385_C1140,2.1505813167606567,FALSE,0.562316631856792,"(1.51,Inf]"
G025_R380_C1134,G025_R385_C1140,1.9525624189766635,FALSE,0.5640906746139953,"(1.51,Inf]"
G025_R380_C1135,G025_R385_C1140,1.7677669529663689,FALSE,0.5654217754799183,"(1.51,Inf]"
G025_R380_C1143,G025_R385_C1140,1.4577379737113252,FALSE,0.15349605513280276,"(1.01,1.51]"
G025_R380_C1144,G025_R385_C1140,1.6007810593582121,FALSE,0.2410768823881484,"(1.51,Inf]"
G025_R380_C1145,G025_R385_C1140,1.7677669529663689,FALSE,0.18003921076423704,"(1.51,Inf]"
G025_R380_C1146,G025_R385_C1140,1.9525624189766635,FALSE,-0.011440393055135603,"(1.51,Inf]"
G025_R380_C1147,G025_R385_C1140,2.1505813167606567,FALSE,-0.10694433585738843,"(1.51,Inf]"
G025_R381_C1132,G025_R385_C1140,2.23606797749979,FALSE,0.6525307388982166,"(1.51,Inf]"
G025_R381_C1133,G025_R385_C1140,2.0155644370746373,FALSE,0.6248777247880082,"(1.51,Inf]"
G025_R381_C1134,G025_R385_C1140,1.8027756377319946,FALSE,0.5891268818345923,"(1.51,Inf]"
G025_R381_C1135,G025_R385_C1140,1.6007810593582121,FALSE,0.5911819212289219,"(1.51,Inf]"
G025_R381_C1143,G025_R385_C1140,1.25,FALSE,0.17985625396303734,"(1.01,1.51]"
G025_R381_C1144,G025_R385_C1140,1.4142135623730951,FALSE,0.35626318129235385,"(1.01,1.51]"
G025_R381_C1145,G025_R385_C1140,1.6007810593582121,FALSE,0.2235740812418985,"(1.51,Inf]"
G025_R381_C1146,G025_R385_C1140,1.8027756377319946,FALSE,0.1180518008039016,"(1.51,Inf]"
G025_R381_C1147,G025_R385_C1140,2.0155644370746373,FALSE,0.045145612378009355,"(1.51,Inf]"
G025_R382_C1132,G025_R385_C1140,2.1360009363293826,FALSE,0.6412607757585654,"(1.51,Inf]"
G025_R382_C1133,G025_R385_C1140,1.9039432764659772,FALSE,0.6418246797825065,"(1.51,Inf]"
G025_R382_C1134,G025_R385_C1140,1.6770509831248424,FALSE,0.6252889745824958,"(1.51,Inf]"
G025_R382_C1135,G025_R385_C1140,1.4577379737113252,FALSE,0.6185140345674149,"(1.01,1.51]"
G025_R382_C1136,G025_R385_C1140,1.25,FALSE,0.6192747996368909,"(1.01,1.51]"
G025_R382_C1138,G025_R385_C1140,0.9013878188659973,FALSE,0.20907630436419267,"(0.76,1.01]"
G025_R382_C1141,G025_R385_C1140,0.7905694150420949,FALSE,0.36393826198163726,"(0.76,1.01]"
G025_R382_C1143,G025_R385_C1140,1.0606601717798212,FALSE,0.33086261131108585,"(1.01,1.51]"
G025_R382_C1144,G025_R385_C1140,1.25,FALSE,0.22459643272333993,"(1.01,1.51]"
G025_R382_C1145,G025_R385_C1140,1.4577379737113252,FALSE,0.06831812943041961,"(1.01,1.51]"
G025_R382_C1146,G025_R385_C1140,1.6770509831248424,FALSE,-0.07466163832899357,"(1.51,Inf]"
G025_R382_C1147,G025_R385_C1140,1.9039432764659772,FALSE,-0.11668743732040669,"(1.51,Inf]"
G025_R383_C1132,G025_R385_C1140,2.0615528128088303,FALSE,0.6244522334555889,"(1.51,Inf]"
G025_R383_C1133,G025_R385_C1140,1.8200274723201295,FALSE,0.6262390103195897,"(1.51,Inf]"
G025_R383_C1134,G025_R385_C1140,1.5811388300841898,FALSE,0.6388259606591669,"(1.51,Inf]"
G025_R383_C1135,G025_R385_C1140,1.346291201783626,FALSE,0.6281288562399858,"(1.01,1.51]"
G025_R383_C1136,G025_R385_C1140,1.118033988749895,FALSE,0.6230183756365955,"(1.01,1.51]"
G025_R383_C1137,G025_R385_C1140,0.9013878188659973,FALSE,0.6128603260659292,"(0.76,1.01]"
G025_R383_C1139,G025_R385_C1140,0.5590169943749475,FALSE,0.6549707657818461,"(0.51,0.76]"
G025_R383_C1140,G025_R385_C1140,0.5,FALSE,0.7599062054480997,"(0.26,0.51]"
G025_R383_C1141,G025_R385_C1140,0.5590169943749475,FALSE,0.7910501755051034,"(0.51,0.76]"
G025_R383_C1142,G025_R385_C1140,0.7071067811865476,FALSE,0.7259635889086306,"(0.51,0.76]"
G025_R383_C1143,G025_R385_C1140,0.9013878188659973,FALSE,0.40935691622525694,"(0.76,1.01]"
G025_R383_C1144,G025_R385_C1140,1.118033988749895,FALSE,0.11406622519169736,"(1.01,1.51]"
G025_R383_C1145,G025_R385_C1140,1.346291201783626,FALSE,0.09761922931518145,"(1.01,1.51]"
G025_R383_C1146,G025_R385_C1140,1.5811388300841898,FALSE,-0.024144450865467185,"(1.51,Inf]"
G025_R383_C1147,G025_R385_C1140,1.8200274723201295,FALSE,-0.1361328667108474,"(1.51,Inf]"
G025_R384_C1132,G025_R385_C1140,2.0155644370746373,FALSE,0.6183821559806825,"(1.51,Inf]"
G025_R384_C1133,G025_R385_C1140,1.7677669529663689,FALSE,0.6338602804166037,"(1.51,Inf]"
G025_R384_C1134,G025_R385_C1140,1.5206906325745548,FALSE,0.6348033776834836,"(1.51,Inf]"
G025_R384_C1135,G025_R385_C1140,1.2747548783981961,FALSE,0.6295822765929613,"(1.01,1.51]"
G025_R384_C1136,G025_R385_C1140,1.0307764064044151,FALSE,0.6458439471489028,"(1.01,1.51]"
G025_R384_C1137,G025_R385_C1140,0.7905694150420949,FALSE,0.6717913048568062,"(0.76,1.01]"
G025_R384_C1138,G025_R385_C1140,0.5590169943749475,FALSE,0.651694990186071,"(0.51,0.76]"
G025_R384_C1139,G025_R385_C1140,0.3535533905932738,FALSE,0.7736420465646032,"(0.26,0.51]"
G025_R384_C1140,G025_R385_C1140,0.25,TRUE,0.8926185296875836,"[0,0.26]"
G025_R384_C1141,G025_R385_C1140,0.3535533905932738,FALSE,0.8880625978015827,"(0.26,0.51]"
G025_R384_C1142,G025_R385_C1140,0.5590169943749475,FALSE,0.7125692943989159,"(0.51,0.76]"
G025_R385_C1132,G025_R385_C1140,2,FALSE,0.6147340021710689,"(1.51,Inf]"
G025_R385_C1133,G025_R385_C1140,1.75,FALSE,0.6354827901936988,"(1.51,Inf]"
G025_R385_C1134,G025_R385_C1140,1.5,FALSE,0.6382562777740142,"(1.01,1.51]"
G025_R385_C1135,G025_R385_C1140,1.25,FALSE,0.635018276895679,"(1.01,1.51]"
G025_R385_C1136,G025_R385_C1140,1,FALSE,0.666092061540332,"(0.76,1.01]"
G025_R385_C1137,G025_R385_C1140,0.75,FALSE,0.700003839979224,"(0.51,0.76]"
G025_R385_C1138,G025_R385_C1140,0.5,FALSE,0.7455164812932052,"(0.26,0.51]"
G025_R385_C1139,G025_R385_C1140,0.25,TRUE,0.8835144563057138,"[0,0.26]"
G025_R380_C1132,G025_R385_C1141,2.57390753524675,FALSE,0.4429624289198792,"(1.51,Inf]"
G025_R380_C1133,G025_R385_C1141,2.358495283014151,FALSE,0.38636397382224313,"(1.51,Inf]"
G025_R380_C1134,G025_R385_C1141,2.1505813167606567,FALSE,0.4278612548303173,"(1.51,Inf]"
G025_R380_C1135,G025_R385_C1141,1.9525624189766635,FALSE,0.43443371592137414,"(1.51,Inf]"
G025_R380_C1143,G025_R385_C1141,1.346291201783626,FALSE,0.1610454276668353,"(1.01,1.51]"
G025_R380_C1144,G025_R385_C1141,1.4577379737113252,FALSE,0.19154997438270857,"(1.01,1.51]"
G025_R380_C1145,G025_R385_C1141,1.6007810593582121,FALSE,0.170289390624314,"(1.51,Inf]"
G025_R380_C1146,G025_R385_C1141,1.7677669529663689,FALSE,-0.05834123888139743,"(1.51,Inf]"
G025_R380_C1147,G025_R385_C1141,1.9525624189766635,FALSE,-0.20086292771983574,"(1.51,Inf]"
G025_R381_C1132,G025_R385_C1141,2.462214450449026,FALSE,0.5091169723274953,"(1.51,Inf]"
G025_R381_C1133,G025_R385_C1141,2.23606797749979,FALSE,0.4693122015400743,"(1.51,Inf]"
G025_R381_C1134,G025_R385_C1141,2.0155644370746373,FALSE,0.4314742191491381,"(1.51,Inf]"
G025_R381_C1135,G025_R385_C1141,1.8027756377319946,FALSE,0.4432624970351789,"(1.51,Inf]"
G025_R381_C1143,G025_R385_C1141,1.118033988749895,FALSE,0.16337456915177329,"(1.01,1.51]"
G025_R381_C1144,G025_R385_C1141,1.25,FALSE,0.27052870734461865,"(1.01,1.51]"
G025_R381_C1145,G025_R385_C1141,1.4142135623730951,FALSE,0.21384328337844782,"(1.01,1.51]"
G025_R381_C1146,G025_R385_C1141,1.6007810593582121,FALSE,0.10646480110607724,"(1.51,Inf]"
G025_R381_C1147,G025_R385_C1141,1.8027756377319946,FALSE,-0.02438539466885175,"(1.51,Inf]"
G025_R382_C1132,G025_R385_C1141,2.3717082451262845,FALSE,0.5017088812025173,"(1.51,Inf]"
G025_R382_C1133,G025_R385_C1141,2.1360009363293826,FALSE,0.5012884685677278,"(1.51,Inf]"
G025_R382_C1134,G025_R385_C1141,1.9039432764659772,FALSE,0.4793598929399105,"(1.51,Inf]"
G025_R382_C1135,G025_R385_C1141,1.6770509831248424,FALSE,0.4667778202625648,"(1.51,Inf]"
G025_R382_C1136,G025_R385_C1141,1.4577379737113252,FALSE,0.48356790580859194,"(1.01,1.51]"
G025_R382_C1138,G025_R385_C1141,1.0606601717798212,FALSE,0.18692139992386791,"(1.01,1.51]"
G025_R382_C1141,G025_R385_C1141,0.75,FALSE,0.27823233420001897,"(0.51,0.76]"
G025_R382_C1143,G025_R385_C1141,0.9013878188659973,FALSE,0.3433015565735693,"(0.76,1.01]"
G025_R382_C1144,G025_R385_C1141,1.0606601717798212,FALSE,0.19975037832995782,"(1.01,1.51]"
G025_R382_C1145,G025_R385_C1141,1.25,FALSE,0.038146454905461716,"(1.01,1.51]"
G025_R382_C1146,G025_R385_C1141,1.4577379737113252,FALSE,-0.13122928846484466,"(1.01,1.51]"
G025_R382_C1147,G025_R385_C1141,1.6770509831248424,FALSE,-0.18636484359235247,"(1.51,Inf]"
G025_R383_C1132,G025_R385_C1141,2.3048861143232218,FALSE,0.5009359030191608,"(1.51,Inf]"
G025_R383_C1133,G025_R385_C1141,2.0615528128088303,FALSE,0.4918624114784097,"(1.51,Inf]"
G025_R383_C1134,G025_R385_C1141,1.8200274723201295,FALSE,0.497271239354162,"(1.51,Inf]"
G025_R383_C1135,G025_R385_C1141,1.5811388300841898,FALSE,0.4802552196467095,"(1.51,Inf]"
G025_R383_C1136,G025_R385_C1141,1.346291201783626,FALSE,0.46702676964460266,"(1.01,1.51]"
G025_R383_C1137,G025_R385_C1141,1.118033988749895,FALSE,0.4710038521283747,"(1.01,1.51]"
G025_R383_C1139,G025_R385_C1141,0.7071067811865476,FALSE,0.5229542406946115,"(0.51,0.76]"
G025_R383_C1140,G025_R385_C1141,0.5590169943749475,FALSE,0.6427815229952362,"(0.51,0.76]"
G025_R383_C1141,G025_R385_C1141,0.5,FALSE,0.7040824740196806,"(0.26,0.51]"
G025_R383_C1142,G025_R385_C1141,0.5590169943749475,FALSE,0.7164633602533409,"(0.51,0.76]"
G025_R383_C1143,G025_R385_C1141,0.7071067811865476,FALSE,0.388641276279365,"(0.51,0.76]"
G025_R383_C1144,G025_R385_C1141,0.9013878188659973,FALSE,0.09823861534602783,"(0.76,1.01]"
G025_R383_C1145,G025_R385_C1141,1.118033988749895,FALSE,0.07854250508646164,"(1.01,1.51]"
G025_R383_C1146,G025_R385_C1141,1.346291201783626,FALSE,-0.01161573310904959,"(1.01,1.51]"
G025_R383_C1147,G025_R385_C1141,1.5811388300841898,FALSE,-0.09782212019300231,"(1.51,Inf]"
G025_R384_C1132,G025_R385_C1141,2.2638462845343543,FALSE,0.4959539477864265,"(1.51,Inf]"
G025_R384_C1133,G025_R385_C1141,2.0155644370746373,FALSE,0.4980079403319259,"(1.51,Inf]"
G025_R384_C1134,G025_R385_C1141,1.7677669529663689,FALSE,0.49158717296327337,"(1.51,Inf]"
G025_R384_C1135,G025_R385_C1141,1.5206906325745548,FALSE,0.4756001888528048,"(1.51,Inf]"
G025_R384_C1136,G025_R385_C1141,1.2747548783981961,FALSE,0.49388740777241313,"(1.01,1.51]"
G025_R384_C1137,G025_R385_C1141,1.0307764064044151,FALSE,0.5243414320633389,"(1.01,1.51]"
G025_R384_C1138,G025_R385_C1141,0.7905694150420949,FALSE,0.4799274942771868,"(0.76,1.01]"
G025_R384_C1139,G025_R385_C1141,0.5590169943749475,FALSE,0.5962572642305847,"(0.51,0.76]"
G025_R384_C1140,G025_R385_C1141,0.3535533905932738,FALSE,0.7755753549410105,"(0.26,0.51]"
G025_R384_C1141,G025_R385_C1141,0.25,TRUE,0.888077611074577,"[0,0.26]"
G025_R384_C1142,G025_R385_C1141,0.3535533905932738,FALSE,0.814627226360005,"(0.26,0.51]"
G025_R385_C1132,G025_R385_C1141,2.25,FALSE,0.4890346434362629,"(1.51,Inf]"
G025_R385_C1133,G025_R385_C1141,2,FALSE,0.5036896297959959,"(1.51,Inf]"
G025_R385_C1134,G025_R385_C1141,1.75,FALSE,0.497829096724826,"(1.51,Inf]"
G025_R385_C1135,G025_R385_C1141,1.5,FALSE,0.48329210687465,"(1.01,1.51]"
G025_R385_C1136,G025_R385_C1141,1.25,FALSE,0.5093758645549615,"(1.01,1.51]"
G025_R385_C1137,G025_R385_C1141,1,FALSE,0.5408444159376316,"(0.76,1.01]"
G025_R385_C1138,G025_R385_C1141,0.75,FALSE,0.580689947812223,"(0.51,0.76]"
G025_R385_C1139,G025_R385_C1141,0.5,FALSE,0.7126384084717666,"(0.26,0.51]"
G025_R385_C1140,G025_R385_C1141,0.25,TRUE,0.8983964713776159,"[0,0.26]"
G025_R380_C1132,G025_R385_C1142,2.7950849718747373,FALSE,0.361817223357141,"(1.51,Inf]"
G025_R380_C1133,G025_R385_C1142,2.57390753524675,FALSE,0.34132786648399155,"(1.51,Inf]"
G025_R380_C1134,G025_R385_C1142,2.358495283014151,FALSE,0.3941694643643567,"(1.51,Inf]"
G025_R380_C1135,G025_R385_C1142,2.1505813167606567,FALSE,0.42057054921674025,"(1.51,Inf]"
G025_R380_C1143,G025_R385_C1142,1.2747548783981961,FALSE,0.050693237767879824,"(1.01,1.51]"
G025_R380_C1144,G025_R385_C1142,1.346291201783626,FALSE,0.2652507376309407,"(1.01,1.51]"
G025_R380_C1145,G025_R385_C1142,1.4577379737113252,FALSE,0.2667820653089682,"(1.01,1.51]"
G025_R380_C1146,G025_R385_C1142,1.6007810593582121,FALSE,0.09392852538069532,"(1.51,Inf]"
G025_R380_C1147,G025_R385_C1142,1.7677669529663689,FALSE,-0.036627863303704405,"(1.51,Inf]"
G025_R381_C1132,G025_R385_C1142,2.692582403567252,FALSE,0.4254759663075272,"(1.51,Inf]"
G025_R381_C1133,G025_R385_C1142,2.462214450449026,FALSE,0.38520167188407056,"(1.51,Inf]"
G025_R381_C1134,G025_R385_C1142,2.23606797749979,FALSE,0.390296904892932,"(1.51,Inf]"
G025_R381_C1135,G025_R385_C1142,2.0155644370746373,FALSE,0.3944397264032718,"(1.51,Inf]"
G025_R381_C1143,G025_R385_C1142,1.0307764064044151,FALSE,0.04403113881324315,"(1.01,1.51]"
G025_R381_C1144,G025_R385_C1142,1.118033988749895,FALSE,0.2620047565702905,"(1.01,1.51]"
G025_R381_C1145,G025_R385_C1142,1.25,FALSE,0.253103246036156,"(1.01,1.51]"
G025_R381_C1146,G025_R385_C1142,1.4142135623730951,FALSE,0.1886897013343256,"(1.01,1.51]"
G025_R381_C1147,G025_R385_C1142,1.6007810593582121,FALSE,0.05401026152671806,"(1.51,Inf]"
G025_R382_C1132,G025_R385_C1142,2.6100766272276377,FALSE,0.4178967450412041,"(1.51,Inf]"
G025_R382_C1133,G025_R385_C1142,2.3717082451262845,FALSE,0.41963187159531995,"(1.51,Inf]"
G025_R382_C1134,G025_R385_C1142,2.1360009363293826,FALSE,0.4232362409274401,"(1.51,Inf]"
G025_R382_C1135,G025_R385_C1142,1.9039432764659772,FALSE,0.3959974073875999,"(1.51,Inf]"
G025_R382_C1136,G025_R385_C1142,1.6770509831248424,FALSE,0.38369803835361466,"(1.51,Inf]"
G025_R382_C1138,G025_R385_C1142,1.25,FALSE,0.0620767036043307,"(1.01,1.51]"
G025_R382_C1141,G025_R385_C1142,0.7905694150420949,FALSE,0.1567218887261061,"(0.76,1.01]"
G025_R382_C1143,G025_R385_C1142,0.7905694150420949,FALSE,0.1743192983749732,"(0.76,1.01]"
G025_R382_C1144,G025_R385_C1142,0.9013878188659973,FALSE,0.20780608149332153,"(0.76,1.01]"
G025_R382_C1145,G025_R385_C1142,1.0606601717798212,FALSE,0.1043729025403189,"(1.01,1.51]"
G025_R382_C1146,G025_R385_C1142,1.25,FALSE,-0.10711670725021985,"(1.01,1.51]"
G025_R382_C1147,G025_R385_C1142,1.4577379737113252,FALSE,-0.12381793223773373,"(1.01,1.51]"
G025_R383_C1132,G025_R385_C1142,2.5495097567963922,FALSE,0.42922187499902076,"(1.51,Inf]"
G025_R383_C1133,G025_R385_C1142,2.3048861143232218,FALSE,0.41949595052346744,"(1.51,Inf]"
G025_R383_C1134,G025_R385_C1142,2.0615528128088303,FALSE,0.4193909807397887,"(1.51,Inf]"
G025_R383_C1135,G025_R385_C1142,1.8200274723201295,FALSE,0.4154673806894872,"(1.51,Inf]"
G025_R383_C1136,G025_R385_C1142,1.5811388300841898,FALSE,0.40923320158128496,"(1.51,Inf]"
G025_R383_C1137,G025_R385_C1142,1.346291201783626,FALSE,0.3980763638571504,"(1.01,1.51]"
G025_R383_C1139,G025_R385_C1142,0.9013878188659973,FALSE,0.3974859147052855,"(0.76,1.01]"
G025_R383_C1140,G025_R385_C1142,0.7071067811865476,FALSE,0.4454730619619834,"(0.51,0.76]"
G025_R383_C1141,G025_R385_C1142,0.5590169943749475,FALSE,0.46423350603350644,"(0.51,0.76]"
G025_R383_C1142,G025_R385_C1142,0.5,FALSE,0.4712306958198017,"(0.26,0.51]"
G025_R383_C1143,G025_R385_C1142,0.5590169943749475,FALSE,0.3271916340993051,"(0.51,0.76]"
G025_R383_C1144,G025_R385_C1142,0.7071067811865476,FALSE,0.14850303306760923,"(0.51,0.76]"
G025_R383_C1145,G025_R385_C1142,0.9013878188659973,FALSE,0.05194445951006316,"(0.76,1.01]"
G025_R383_C1146,G025_R385_C1142,1.118033988749895,FALSE,0.017501998952688492,"(1.01,1.51]"
G025_R383_C1147,G025_R385_C1142,1.346291201783626,FALSE,-0.12115238312921653,"(1.01,1.51]"
G025_R384_C1132,G025_R385_C1142,2.5124689052802225,FALSE,0.43474258314723174,"(1.51,Inf]"
G025_R384_C1133,G025_R385_C1142,2.2638462845343543,FALSE,0.44147979879668897,"(1.51,Inf]"
G025_R384_C1134,G025_R385_C1142,2.0155644370746373,FALSE,0.42619332391431286,"(1.51,Inf]"
G025_R384_C1135,G025_R385_C1142,1.7677669529663689,FALSE,0.4057564978078841,"(1.51,Inf]"
G025_R384_C1136,G025_R385_C1142,1.5206906325745548,FALSE,0.41411574604354556,"(1.51,Inf]"
G025_R384_C1137,G025_R385_C1142,1.2747548783981961,FALSE,0.44124026379682485,"(1.01,1.51]"
G025_R384_C1138,G025_R385_C1142,1.0307764064044151,FALSE,0.3812600860170326,"(1.01,1.51]"
G025_R384_C1139,G025_R385_C1142,0.7905694150420949,FALSE,0.44954964591982527,"(0.76,1.01]"
G025_R384_C1140,G025_R385_C1142,0.5590169943749475,FALSE,0.5342442010454308,"(0.51,0.76]"
G025_R384_C1141,G025_R385_C1142,0.3535533905932738,FALSE,0.6042229850250336,"(0.26,0.51]"
G025_R384_C1142,G025_R385_C1142,0.25,TRUE,0.6253548099817466,"[0,0.26]"
G025_R385_C1132,G025_R385_C1142,2.5,FALSE,0.39041171856644785,"(1.51,Inf]"
G025_R385_C1133,G025_R385_C1142,2.25,FALSE,0.4194670418063233,"(1.51,Inf]"
G025_R385_C1134,G025_R385_C1142,2,FALSE,0.4371127165149666,"(1.51,Inf]"
G025_R385_C1135,G025_R385_C1142,1.75,FALSE,0.40071052139312735,"(1.51,Inf]"
G025_R385_C1136,G025_R385_C1142,1.5,FALSE,0.41571642375213813,"(1.01,1.51]"
G025_R385_C1137,G025_R385_C1142,1.25,FALSE,0.47866362708912563,"(1.01,1.51]"
G025_R385_C1138,G025_R385_C1142,1,FALSE,0.44831477329967206,"(0.76,1.01]"
G025_R385_C1139,G025_R385_C1142,0.75,FALSE,0.5518100713237175,"(0.51,0.76]"
G025_R385_C1140,G025_R385_C1142,0.5,FALSE,0.6205225382942111,"(0.26,0.51]"
G025_R385_C1141,G025_R385_C1142,0.25,TRUE,0.6839754750747004,"[0,0.26]"
G025_R380_C1132,G025_R386_C1132,1.5,FALSE,0.7754755009582194,"(1.01,1.51]"
G025_R380_C1133,G025_R386_C1132,1.5206906325745548,FALSE,0.7786737194969245,"(1.51,Inf]"
G025_R380_C1134,G025_R386_C1132,1.5811388300841898,FALSE,0.7251172412589502,"(1.51,Inf]"
G025_R380_C1135,G025_R386_C1132,1.6770509831248424,FALSE,0.593061718825758,"(1.51,Inf]"
G025_R380_C1143,G025_R386_C1132,3.132491021535417,FALSE,0.09568311006856565,"(1.51,Inf]"
G025_R380_C1144,G025_R386_C1132,3.3541019662496847,FALSE,0.24784149924815949,"(1.51,Inf]"
G025_R380_C1145,G025_R386_C1132,3.5794552658190883,FALSE,0.08804998602418435,"(1.51,Inf]"
G025_R380_C1146,G025_R386_C1132,3.8078865529319543,FALSE,0.014552506004303007,"(1.51,Inf]"
G025_R380_C1147,G025_R386_C1132,4.038873605350878,FALSE,-0.00662378200913565,"(1.51,Inf]"
G025_R381_C1132,G025_R386_C1132,1.25,FALSE,0.8125545244859759,"(1.01,1.51]"
G025_R381_C1133,G025_R386_C1132,1.2747548783981961,FALSE,0.8213121147631652,"(1.01,1.51]"
G025_R381_C1134,G025_R386_C1132,1.346291201783626,FALSE,0.8021986027508152,"(1.01,1.51]"
G025_R381_C1135,G025_R386_C1132,1.4577379737113252,FALSE,0.7733416482327812,"(1.01,1.51]"
G025_R381_C1143,G025_R386_C1132,3.020761493398643,FALSE,0.13350815343087458,"(1.51,Inf]"
G025_R381_C1144,G025_R386_C1132,3.25,FALSE,0.2927061154649005,"(1.51,Inf]"
G025_R381_C1145,G025_R386_C1132,3.48209706929603,FALSE,0.15734455021466265,"(1.51,Inf]"
G025_R381_C1146,G025_R386_C1132,3.7165171868296265,FALSE,0.1081386512048149,"(1.51,Inf]"
G025_R381_C1147,G025_R386_C1132,3.952847075210474,FALSE,0.08531248755969661,"(1.51,Inf]"
G025_R382_C1132,G025_R386_C1132,1,FALSE,0.8585471081375631,"(0.76,1.01]"
G025_R382_C1133,G025_R386_C1132,1.0307764064044151,FALSE,0.8386718685580761,"(1.01,1.51]"
G025_R382_C1134,G025_R386_C1132,1.118033988749895,FALSE,0.8277214925562079,"(1.01,1.51]"
G025_R382_C1135,G025_R386_C1132,1.25,FALSE,0.8191957583903149,"(1.01,1.51]"
G025_R382_C1136,G025_R386_C1132,1.4142135623730951,FALSE,0.7479585744167955,"(1.01,1.51]"
G025_R382_C1138,G025_R386_C1132,1.8027756377319946,FALSE,0.11862840481821248,"(1.51,Inf]"
G025_R382_C1141,G025_R386_C1132,2.462214450449026,FALSE,0.3110865510075736,"(1.51,Inf]"
G025_R382_C1143,G025_R386_C1132,2.9261749776799064,FALSE,0.1357783132406862,"(1.51,Inf]"
G025_R382_C1144,G025_R386_C1132,3.1622776601683795,FALSE,0.14274326017087222,"(1.51,Inf]"
G025_R382_C1145,G025_R386_C1132,3.400367627183861,FALSE,0.04183162798890364,"(1.51,Inf]"
G025_R382_C1146,G025_R386_C1132,3.640054944640259,FALSE,-0.01353900175312297,"(1.51,Inf]"
G025_R382_C1147,G025_R386_C1132,3.881043674065006,FALSE,-0.041083480364507825,"(1.51,Inf]"
G025_R383_C1132,G025_R386_C1132,0.75,FALSE,0.8628808776842739,"(0.51,0.76]"
G025_R383_C1133,G025_R386_C1132,0.7905694150420949,FALSE,0.8572528746929398,"(0.76,1.01]"
G025_R383_C1134,G025_R386_C1132,0.9013878188659973,FALSE,0.8615306017048515,"(0.76,1.01]"
G025_R383_C1135,G025_R386_C1132,1.0606601717798212,FALSE,0.8377032593919158,"(1.01,1.51]"
G025_R383_C1136,G025_R386_C1132,1.25,FALSE,0.8305305411848212,"(1.01,1.51]"
G025_R383_C1137,G025_R386_C1132,1.4577379737113252,FALSE,0.7804214055039382,"(1.01,1.51]"
G025_R383_C1139,G025_R386_C1132,1.9039432764659772,FALSE,0.7464130740582057,"(1.51,Inf]"
G025_R383_C1140,G025_R386_C1132,2.1360009363293826,FALSE,0.7458019393462064,"(1.51,Inf]"
G025_R383_C1141,G025_R386_C1132,2.3717082451262845,FALSE,0.631779328257809,"(1.51,Inf]"
G025_R383_C1142,G025_R386_C1132,2.6100766272276377,FALSE,0.47598778830895777,"(1.51,Inf]"
G025_R383_C1143,G025_R386_C1132,2.850438562747845,FALSE,0.21502167970431305,"(1.51,Inf]"
G025_R383_C1144,G025_R386_C1132,3.092329219213245,FALSE,-0.02742922940491168,"(1.51,Inf]"
G025_R383_C1145,G025_R386_C1132,3.3354160160315836,FALSE,-0.058803741595818936,"(1.51,Inf]"
G025_R383_C1146,G025_R386_C1132,3.5794552658190883,FALSE,-0.16973828485350106,"(1.51,Inf]"
G025_R383_C1147,G025_R386_C1132,3.824264635194589,FALSE,-0.2140847853061264,"(1.51,Inf]"
G025_R384_C1132,G025_R386_C1132,0.5,FALSE,0.8901936905613583,"(0.26,0.51]"
G025_R384_C1133,G025_R386_C1132,0.5590169943749475,FALSE,0.881503168099322,"(0.51,0.76]"
G025_R384_C1134,G025_R386_C1132,0.7071067811865476,FALSE,0.8653901079512506,"(0.51,0.76]"
G025_R384_C1135,G025_R386_C1132,0.9013878188659973,FALSE,0.8614954689397509,"(0.76,1.01]"
G025_R384_C1136,G025_R386_C1132,1.118033988749895,FALSE,0.8572485796088503,"(1.01,1.51]"
G025_R384_C1137,G025_R386_C1132,1.346291201783626,FALSE,0.8323249438560413,"(1.01,1.51]"
G025_R384_C1138,G025_R386_C1132,1.5811388300841898,FALSE,0.7910831962170969,"(1.51,Inf]"
G025_R384_C1139,G025_R386_C1132,1.8200274723201295,FALSE,0.7948298839747351,"(1.51,Inf]"
G025_R384_C1140,G025_R386_C1132,2.0615528128088303,FALSE,0.6975726388364486,"(1.51,Inf]"
G025_R384_C1141,G025_R386_C1132,2.3048861143232218,FALSE,0.5709801764134255,"(1.51,Inf]"
G025_R384_C1142,G025_R386_C1132,2.5495097567963922,FALSE,0.34711339615928105,"(1.51,Inf]"
G025_R385_C1132,G025_R386_C1132,0.25,TRUE,0.95146496998705,"[0,0.26]"
G025_R385_C1133,G025_R386_C1132,0.3535533905932738,FALSE,0.9250923262524257,"(0.26,0.51]"
G025_R385_C1134,G025_R386_C1132,0.5590169943749475,FALSE,0.8975613520105155,"(0.51,0.76]"
G025_R385_C1135,G025_R386_C1132,0.7905694150420949,FALSE,0.8896744711302143,"(0.76,1.01]"
G025_R385_C1136,G025_R386_C1132,1.0307764064044151,FALSE,0.8715990838415615,"(1.01,1.51]"
G025_R385_C1137,G025_R386_C1132,1.2747548783981961,FALSE,0.8320525114799521,"(1.01,1.51]"
G025_R385_C1138,G025_R386_C1132,1.5206906325745548,FALSE,0.8141821075459991,"(1.51,Inf]"
G025_R385_C1139,G025_R386_C1132,1.7677669529663689,FALSE,0.7503132954665509,"(1.51,Inf]"
G025_R385_C1140,G025_R386_C1132,2.0155644370746373,FALSE,0.6279774323373634,"(1.51,Inf]"
G025_R385_C1141,G025_R386_C1132,2.2638462845343543,FALSE,0.4865423026213516,"(1.51,Inf]"
G025_R385_C1142,G025_R386_C1132,2.5124689052802225,FALSE,0.3870361377274291,"(1.51,Inf]"
G025_R380_C1132,G025_R386_C1133,1.5206906325745548,FALSE,0.7807960722380473,"(1.51,Inf]"
G025_R380_C1133,G025_R386_C1133,1.5,FALSE,0.7747738360610235,"(1.01,1.51]"
G025_R380_C1134,G025_R386_C1133,1.5206906325745548,FALSE,0.7125482570153938,"(1.51,Inf]"
G025_R380_C1135,G025_R386_C1133,1.5811388300841898,FALSE,0.5886816810011731,"(1.51,Inf]"
G025_R380_C1143,G025_R386_C1133,2.9154759474226504,FALSE,0.07815843876546974,"(1.51,Inf]"
G025_R380_C1144,G025_R386_C1133,3.132491021535417,FALSE,0.2726547797853675,"(1.51,Inf]"
G025_R380_C1145,G025_R386_C1133,3.3541019662496847,FALSE,0.09578971619086225,"(1.51,Inf]"
G025_R380_C1146,G025_R386_C1133,3.5794552658190883,FALSE,0.03626646540299173,"(1.51,Inf]"
G025_R380_C1147,G025_R386_C1133,3.8078865529319543,FALSE,0.007963563635283541,"(1.51,Inf]"
G025_R381_C1132,G025_R386_C1133,1.2747548783981961,FALSE,0.8213444774812021,"(1.01,1.51]"
G025_R381_C1133,G025_R386_C1133,1.25,FALSE,0.8305921736291277,"(1.01,1.51]"
G025_R381_C1134,G025_R386_C1133,1.2747548783981961,FALSE,0.8175209454542985,"(1.01,1.51]"
G025_R381_C1135,G025_R386_C1133,1.346291201783626,FALSE,0.7922085783297013,"(1.01,1.51]"
G025_R381_C1143,G025_R386_C1133,2.7950849718747373,FALSE,0.15595016509075335,"(1.51,Inf]"
G025_R381_C1144,G025_R386_C1133,3.020761493398643,FALSE,0.29499354253607485,"(1.51,Inf]"
G025_R381_C1145,G025_R386_C1133,3.25,FALSE,0.1601519893367991,"(1.51,Inf]"
G025_R381_C1146,G025_R386_C1133,3.48209706929603,FALSE,0.12888846107078136,"(1.51,Inf]"
G025_R381_C1147,G025_R386_C1133,3.7165171868296265,FALSE,0.10259692177061881,"(1.51,Inf]"
G025_R382_C1132,G025_R386_C1133,1.0307764064044151,FALSE,0.8624943165154595,"(1.01,1.51]"
G025_R382_C1133,G025_R386_C1133,1,FALSE,0.8571373637629441,"(0.76,1.01]"
G025_R382_C1134,G025_R386_C1133,1.0307764064044151,FALSE,0.8532929569515199,"(1.01,1.51]"
G025_R382_C1135,G025_R386_C1133,1.118033988749895,FALSE,0.845017209260646,"(1.01,1.51]"
G025_R382_C1136,G025_R386_C1133,1.25,FALSE,0.7714671026950851,"(1.01,1.51]"
G025_R382_C1138,G025_R386_C1133,1.6007810593582121,FALSE,0.11805760745780393,"(1.51,Inf]"
G025_R382_C1141,G025_R386_C1133,2.23606797749979,FALSE,0.32647184920758765,"(1.51,Inf]"
G025_R382_C1143,G025_R386_C1133,2.692582403567252,FALSE,0.13327720888467093,"(1.51,Inf]"
G025_R382_C1144,G025_R386_C1133,2.9261749776799064,FALSE,0.12353870878019599,"(1.51,Inf]"
G025_R382_C1145,G025_R386_C1133,3.1622776601683795,FALSE,0.039769044541292944,"(1.51,Inf]"
G025_R382_C1146,G025_R386_C1133,3.400367627183861,FALSE,-0.01845035737849834,"(1.51,Inf]"
G025_R382_C1147,G025_R386_C1133,3.640054944640259,FALSE,-0.04945710486127482,"(1.51,Inf]"
G025_R383_C1132,G025_R386_C1133,0.7905694150420949,FALSE,0.8668423888755392,"(0.76,1.01]"
G025_R383_C1133,G025_R386_C1133,0.75,FALSE,0.882004279904264,"(0.51,0.76]"
G025_R383_C1134,G025_R386_C1133,0.7905694150420949,FALSE,0.8890764228577062,"(0.76,1.01]"
G025_R383_C1135,G025_R386_C1133,0.9013878188659973,FALSE,0.8628961292064616,"(0.76,1.01]"
G025_R383_C1136,G025_R386_C1133,1.0606601717798212,FALSE,0.8482586460227567,"(1.01,1.51]"
G025_R383_C1137,G025_R386_C1133,1.25,FALSE,0.7964700686405419,"(1.01,1.51]"
G025_R383_C1139,G025_R386_C1133,1.6770509831248424,FALSE,0.7683149504321105,"(1.51,Inf]"
G025_R383_C1140,G025_R386_C1133,1.9039432764659772,FALSE,0.7733614554755973,"(1.51,Inf]"
G025_R383_C1141,G025_R386_C1133,2.1360009363293826,FALSE,0.6339638333079204,"(1.51,Inf]"
G025_R383_C1142,G025_R386_C1133,2.3717082451262845,FALSE,0.46729381260621755,"(1.51,Inf]"
G025_R383_C1143,G025_R386_C1133,2.6100766272276377,FALSE,0.19227826989597804,"(1.51,Inf]"
G025_R383_C1144,G025_R386_C1133,2.850438562747845,FALSE,-0.038361526041188,"(1.51,Inf]"
G025_R383_C1145,G025_R386_C1133,3.092329219213245,FALSE,-0.08623208413628498,"(1.51,Inf]"
G025_R383_C1146,G025_R386_C1133,3.3354160160315836,FALSE,-0.20915512690693644,"(1.51,Inf]"
G025_R383_C1147,G025_R386_C1133,3.5794552658190883,FALSE,-0.22997025462392187,"(1.51,Inf]"
G025_R384_C1132,G025_R386_C1133,0.5590169943749475,FALSE,0.8769094031779868,"(0.51,0.76]"
G025_R384_C1133,G025_R386_C1133,0.5,FALSE,0.9030198392088585,"(0.26,0.51]"
G025_R384_C1134,G025_R386_C1133,0.5590169943749475,FALSE,0.8938278934771774,"(0.51,0.76]"
G025_R384_C1135,G025_R386_C1133,0.7071067811865476,FALSE,0.8875284418029181,"(0.51,0.76]"
G025_R384_C1136,G025_R386_C1133,0.9013878188659973,FALSE,0.8771205380982742,"(0.76,1.01]"
G025_R384_C1137,G025_R386_C1133,1.118033988749895,FALSE,0.8469520791139317,"(1.01,1.51]"
G025_R384_C1138,G025_R386_C1133,1.346291201783626,FALSE,0.8129443997723169,"(1.01,1.51]"
G025_R384_C1139,G025_R386_C1133,1.5811388300841898,FALSE,0.8140089850538081,"(1.51,Inf]"
G025_R384_C1140,G025_R386_C1133,1.8200274723201295,FALSE,0.712416868584081,"(1.51,Inf]"
G025_R384_C1141,G025_R386_C1133,2.0615528128088303,FALSE,0.5700754244402327,"(1.51,Inf]"
G025_R384_C1142,G025_R386_C1133,2.3048861143232218,FALSE,0.34364257980610174,"(1.51,Inf]"
G025_R385_C1132,G025_R386_C1133,0.3535533905932738,FALSE,0.9372386011668484,"(0.26,0.51]"
G025_R385_C1133,G025_R386_C1133,0.25,TRUE,0.9488923703891725,"[0,0.26]"
G025_R385_C1134,G025_R386_C1133,0.3535533905932738,FALSE,0.9335399746310025,"(0.26,0.51]"
G025_R385_C1135,G025_R386_C1133,0.5590169943749475,FALSE,0.9203922288156063,"(0.51,0.76]"
G025_R385_C1136,G025_R386_C1133,0.7905694150420949,FALSE,0.8992427784452021,"(0.76,1.01]"
G025_R385_C1137,G025_R386_C1133,1.0307764064044151,FALSE,0.8540212728857716,"(1.01,1.51]"
G025_R385_C1138,G025_R386_C1133,1.2747548783981961,FALSE,0.8402954118262423,"(1.01,1.51]"
G025_R385_C1139,G025_R386_C1133,1.5206906325745548,FALSE,0.7615570247384573,"(1.51,Inf]"
G025_R385_C1140,G025_R386_C1133,1.7677669529663689,FALSE,0.6260319923772255,"(1.51,Inf]"
G025_R385_C1141,G025_R386_C1133,2.0155644370746373,FALSE,0.48400502174201754,"(1.51,Inf]"
G025_R385_C1142,G025_R386_C1133,2.2638462845343543,FALSE,0.38902503954925066,"(1.51,Inf]"
G025_R386_C1132,G025_R386_C1133,0.25,TRUE,0.9609530846461938,"[0,0.26]"
G025_R380_C1132,G025_R386_C1134,1.5811388300841898,FALSE,0.7867345726444491,"(1.51,Inf]"
G025_R380_C1133,G025_R386_C1134,1.5206906325745548,FALSE,0.77254825968969,"(1.51,Inf]"
G025_R380_C1134,G025_R386_C1134,1.5,FALSE,0.6939387181660484,"(1.01,1.51]"
G025_R380_C1135,G025_R386_C1134,1.5206906325745548,FALSE,0.5878757207395452,"(1.51,Inf]"
G025_R380_C1143,G025_R386_C1134,2.704163456597992,FALSE,0.09167765811012209,"(1.51,Inf]"
G025_R380_C1144,G025_R386_C1134,2.9154759474226504,FALSE,0.2913505862463532,"(1.51,Inf]"
G025_R380_C1145,G025_R386_C1134,3.132491021535417,FALSE,0.10964309376039869,"(1.51,Inf]"
G025_R380_C1146,G025_R386_C1134,3.3541019662496847,FALSE,0.05750669010269367,"(1.51,Inf]"
G025_R380_C1147,G025_R386_C1134,3.5794552658190883,FALSE,0.02727925884845866,"(1.51,Inf]"
G025_R381_C1132,G025_R386_C1134,1.346291201783626,FALSE,0.8273507798108605,"(1.01,1.51]"
G025_R381_C1133,G025_R386_C1134,1.2747548783981961,FALSE,0.8328644325941842,"(1.01,1.51]"
G025_R381_C1134,G025_R386_C1134,1.25,FALSE,0.8212990566376817,"(1.01,1.51]"
G025_R381_C1135,G025_R386_C1134,1.2747548783981961,FALSE,0.8018355744659874,"(1.01,1.51]"
G025_R381_C1143,G025_R386_C1134,2.57390753524675,FALSE,0.17959717138726872,"(1.51,Inf]"
G025_R381_C1144,G025_R386_C1134,2.7950849718747373,FALSE,0.3056939909010721,"(1.51,Inf]"
G025_R381_C1145,G025_R386_C1134,3.020761493398643,FALSE,0.17994150153257712,"(1.51,Inf]"
G025_R381_C1146,G025_R386_C1134,3.25,FALSE,0.14599554320387265,"(1.51,Inf]"
G025_R381_C1147,G025_R386_C1134,3.48209706929603,FALSE,0.116453767453702,"(1.51,Inf]"
G025_R382_C1132,G025_R386_C1134,1.118033988749895,FALSE,0.8544103996721599,"(1.01,1.51]"
G025_R382_C1133,G025_R386_C1134,1.0307764064044151,FALSE,0.8578937472340434,"(1.01,1.51]"
G025_R382_C1134,G025_R386_C1134,1,FALSE,0.8594788498374043,"(0.76,1.01]"
G025_R382_C1135,G025_R386_C1134,1.0307764064044151,FALSE,0.8521708263797493,"(1.01,1.51]"
G025_R382_C1136,G025_R386_C1134,1.118033988749895,FALSE,0.7835687296045148,"(1.01,1.51]"
G025_R382_C1138,G025_R386_C1134,1.4142135623730951,FALSE,0.13084374070407867,"(1.01,1.51]"
G025_R382_C1141,G025_R386_C1134,2.0155644370746373,FALSE,0.3449274402305376,"(1.51,Inf]"
G025_R382_C1143,G025_R386_C1134,2.462214450449026,FALSE,0.15629471221526542,"(1.51,Inf]"
G025_R382_C1144,G025_R386_C1134,2.692582403567252,FALSE,0.14391988918231843,"(1.51,Inf]"
G025_R382_C1145,G025_R386_C1134,2.9261749776799064,FALSE,0.067144562787264,"(1.51,Inf]"
G025_R382_C1146,G025_R386_C1134,3.1622776601683795,FALSE,0.008013877720703794,"(1.51,Inf]"
G025_R382_C1147,G025_R386_C1134,3.400367627183861,FALSE,-0.0289962237162095,"(1.51,Inf]"
G025_R383_C1132,G025_R386_C1134,0.9013878188659973,FALSE,0.8646034396651151,"(0.76,1.01]"
G025_R383_C1133,G025_R386_C1134,0.7905694150420949,FALSE,0.8849327203564077,"(0.76,1.01]"
G025_R383_C1134,G025_R386_C1134,0.75,FALSE,0.9009584382831596,"(0.51,0.76]"
G025_R383_C1135,G025_R386_C1134,0.7905694150420949,FALSE,0.8795700743869567,"(0.76,1.01]"
G025_R383_C1136,G025_R386_C1134,0.9013878188659973,FALSE,0.8679429593187993,"(0.76,1.01]"
G025_R383_C1137,G025_R386_C1134,1.0606601717798212,FALSE,0.8066917761503756,"(1.01,1.51]"
G025_R383_C1139,G025_R386_C1134,1.4577379737113252,FALSE,0.7649746947663029,"(1.01,1.51]"
G025_R383_C1140,G025_R386_C1134,1.6770509831248424,FALSE,0.7822167944452563,"(1.51,Inf]"
G025_R383_C1141,G025_R386_C1134,1.9039432764659772,FALSE,0.6368063795479006,"(1.51,Inf]"
G025_R383_C1142,G025_R386_C1134,2.1360009363293826,FALSE,0.481268943250896,"(1.51,Inf]"
G025_R383_C1143,G025_R386_C1134,2.3717082451262845,FALSE,0.22246131584747103,"(1.51,Inf]"
G025_R383_C1144,G025_R386_C1134,2.6100766272276377,FALSE,-0.036458269221109146,"(1.51,Inf]"
G025_R383_C1145,G025_R386_C1134,2.850438562747845,FALSE,-0.10868123130691702,"(1.51,Inf]"
G025_R383_C1146,G025_R386_C1134,3.092329219213245,FALSE,-0.20347981903689924,"(1.51,Inf]"
G025_R383_C1147,G025_R386_C1134,3.3354160160315836,FALSE,-0.24938205136058586,"(1.51,Inf]"
G025_R384_C1132,G025_R386_C1134,0.7071067811865476,FALSE,0.867255180743688,"(0.51,0.76]"
G025_R384_C1133,G025_R386_C1134,0.5590169943749475,FALSE,0.9084899577008632,"(0.51,0.76]"
G025_R384_C1134,G025_R386_C1134,0.5,FALSE,0.9034059531404155,"(0.26,0.51]"
G025_R384_C1135,G025_R386_C1134,0.5590169943749475,FALSE,0.9048340665211685,"(0.51,0.76]"
G025_R384_C1136,G025_R386_C1134,0.7071067811865476,FALSE,0.8977854494759382,"(0.51,0.76]"
G025_R384_C1137,G025_R386_C1134,0.9013878188659973,FALSE,0.8517450841722347,"(0.76,1.01]"
G025_R384_C1138,G025_R386_C1134,1.118033988749895,FALSE,0.8108892857403829,"(1.01,1.51]"
G025_R384_C1139,G025_R386_C1134,1.346291201783626,FALSE,0.8151902900934286,"(1.01,1.51]"
G025_R384_C1140,G025_R386_C1134,1.5811388300841898,FALSE,0.7248376654971662,"(1.51,Inf]"
G025_R384_C1141,G025_R386_C1134,1.8200274723201295,FALSE,0.5676628097962026,"(1.51,Inf]"
G025_R384_C1142,G025_R386_C1134,2.0615528128088303,FALSE,0.35032675045962774,"(1.51,Inf]"
G025_R385_C1132,G025_R386_C1134,0.5590169943749475,FALSE,0.917267347145124,"(0.51,0.76]"
G025_R385_C1133,G025_R386_C1134,0.3535533905932738,FALSE,0.9345446521822677,"(0.26,0.51]"
G025_R385_C1134,G025_R386_C1134,0.25,TRUE,0.9451805611792842,"[0,0.26]"
G025_R385_C1135,G025_R386_C1134,0.3535533905932738,FALSE,0.942319972033017,"(0.26,0.51]"
G025_R385_C1136,G025_R386_C1134,0.5590169943749475,FALSE,0.9171140983520393,"(0.51,0.76]"
G025_R385_C1137,G025_R386_C1134,0.7905694150420949,FALSE,0.8487096096277562,"(0.76,1.01]"
G025_R385_C1138,G025_R386_C1134,1.0307764064044151,FALSE,0.8474389213824616,"(1.01,1.51]"
G025_R385_C1139,G025_R386_C1134,1.2747548783981961,FALSE,0.7675597952007684,"(1.01,1.51]"
G025_R385_C1140,G025_R386_C1134,1.5206906325745548,FALSE,0.6235360959530646,"(1.51,Inf]"
G025_R385_C1141,G025_R386_C1134,1.7677669529663689,FALSE,0.4802070868521213,"(1.51,Inf]"
G025_R385_C1142,G025_R386_C1134,2.0155644370746373,FALSE,0.3926353833115449,"(1.51,Inf]"
G025_R386_C1132,G025_R386_C1134,0.5,FALSE,0.9305814987920211,"(0.26,0.51]"
G025_R386_C1133,G025_R386_C1134,0.25,TRUE,0.9724276874753293,"[0,0.26]"
G025_R380_C1132,G025_R386_C1135,1.6770509831248424,FALSE,0.7985251533217127,"(1.51,Inf]"
G025_R380_C1133,G025_R386_C1135,1.5811388300841898,FALSE,0.784682816279911,"(1.51,Inf]"
G025_R380_C1134,G025_R386_C1135,1.5206906325745548,FALSE,0.690511560451178,"(1.51,Inf]"
G025_R380_C1135,G025_R386_C1135,1.5,FALSE,0.601637509154318,"(1.01,1.51]"
G025_R380_C1143,G025_R386_C1135,2.5,FALSE,0.10076251518800916,"(1.51,Inf]"
G025_R380_C1144,G025_R386_C1135,2.704163456597992,FALSE,0.3052591059708201,"(1.51,Inf]"
G025_R380_C1145,G025_R386_C1135,2.9154759474226504,FALSE,0.13159703605043566,"(1.51,Inf]"
G025_R380_C1146,G025_R386_C1135,3.132491021535417,FALSE,0.04247190428358516,"(1.51,Inf]"
G025_R380_C1147,G025_R386_C1135,3.3541019662496847,FALSE,0.007153807630058648,"(1.51,Inf]"
G025_R381_C1132,G025_R386_C1135,1.4577379737113252,FALSE,0.8282664116216761,"(1.01,1.51]"
G025_R381_C1133,G025_R386_C1135,1.346291201783626,FALSE,0.8423777384124452,"(1.01,1.51]"
G025_R381_C1134,G025_R386_C1135,1.2747548783981961,FALSE,0.8240662987047174,"(1.01,1.51]"
G025_R381_C1135,G025_R386_C1135,1.25,FALSE,0.7962341446242142,"(1.01,1.51]"
G025_R381_C1143,G025_R386_C1135,2.358495283014151,FALSE,0.14904908772055045,"(1.51,Inf]"
G025_R381_C1144,G025_R386_C1135,2.57390753524675,FALSE,0.3298902574858883,"(1.51,Inf]"
G025_R381_C1145,G025_R386_C1135,2.7950849718747373,FALSE,0.19545953033879523,"(1.51,Inf]"
G025_R381_C1146,G025_R386_C1135,3.020761493398643,FALSE,0.1282306089893844,"(1.51,Inf]"
G025_R381_C1147,G025_R386_C1135,3.25,FALSE,0.11098762461983276,"(1.51,Inf]"
G025_R382_C1132,G025_R386_C1135,1.25,FALSE,0.8445344142771563,"(1.01,1.51]"
G025_R382_C1133,G025_R386_C1135,1.118033988749895,FALSE,0.8580355967936305,"(1.01,1.51]"
G025_R382_C1134,G025_R386_C1135,1.0307764064044151,FALSE,0.8692878844455786,"(1.01,1.51]"
G025_R382_C1135,G025_R386_C1135,1,FALSE,0.8586737022413813,"(0.76,1.01]"
G025_R382_C1136,G025_R386_C1135,1.0307764064044151,FALSE,0.7973757833826465,"(1.01,1.51]"
G025_R382_C1138,G025_R386_C1135,1.25,FALSE,0.12995495663131007,"(1.01,1.51]"
G025_R382_C1141,G025_R386_C1135,1.8027756377319946,FALSE,0.35659942839568753,"(1.51,Inf]"
G025_R382_C1143,G025_R386_C1135,2.23606797749979,FALSE,0.18012784617074099,"(1.51,Inf]"
G025_R382_C1144,G025_R386_C1135,2.462214450449026,FALSE,0.17095241820420148,"(1.51,Inf]"
G025_R382_C1145,G025_R386_C1135,2.692582403567252,FALSE,0.08390610451541262,"(1.51,Inf]"
G025_R382_C1146,G025_R386_C1135,2.9261749776799064,FALSE,0.030862875200290928,"(1.51,Inf]"
G025_R382_C1147,G025_R386_C1135,3.1622776601683795,FALSE,-0.009896656138679972,"(1.51,Inf]"
G025_R383_C1132,G025_R386_C1135,1.0606601717798212,FALSE,0.8621344328261261,"(1.01,1.51]"
G025_R383_C1133,G025_R386_C1135,0.9013878188659973,FALSE,0.8927744173193405,"(0.76,1.01]"
G025_R383_C1134,G025_R386_C1135,0.7905694150420949,FALSE,0.9020916556423514,"(0.76,1.01]"
G025_R383_C1135,G025_R386_C1135,0.75,FALSE,0.8916000740437218,"(0.51,0.76]"
G025_R383_C1136,G025_R386_C1135,0.7905694150420949,FALSE,0.8848480411901812,"(0.76,1.01]"
G025_R383_C1137,G025_R386_C1135,0.9013878188659973,FALSE,0.8408366568730787,"(0.76,1.01]"
G025_R383_C1139,G025_R386_C1135,1.25,FALSE,0.7911869956427456,"(1.01,1.51]"
G025_R383_C1140,G025_R386_C1135,1.4577379737113252,FALSE,0.8033742633761565,"(1.01,1.51]"
G025_R383_C1141,G025_R386_C1135,1.6770509831248424,FALSE,0.6664934121375503,"(1.51,Inf]"
G025_R383_C1142,G025_R386_C1135,1.9039432764659772,FALSE,0.5048821924992396,"(1.51,Inf]"
G025_R383_C1143,G025_R386_C1135,2.1360009363293826,FALSE,0.21644497547277383,"(1.51,Inf]"
G025_R383_C1144,G025_R386_C1135,2.3717082451262845,FALSE,-0.01470605617033265,"(1.51,Inf]"
G025_R383_C1145,G025_R386_C1135,2.6100766272276377,FALSE,-0.10684451414856738,"(1.51,Inf]"
G025_R383_C1146,G025_R386_C1135,2.850438562747845,FALSE,-0.20403627081320352,"(1.51,Inf]"
G025_R383_C1147,G025_R386_C1135,3.092329219213245,FALSE,-0.23826098081139874,"(1.51,Inf]"
G025_R384_C1132,G025_R386_C1135,0.9013878188659973,FALSE,0.8498215407342702,"(0.76,1.01]"
G025_R384_C1133,G025_R386_C1135,0.7071067811865476,FALSE,0.90103183826487,"(0.51,0.76]"
G025_R384_C1134,G025_R386_C1135,0.5590169943749475,FALSE,0.9000782364899669,"(0.51,0.76]"
G025_R384_C1135,G025_R386_C1135,0.5,FALSE,0.8971080925340807,"(0.26,0.51]"
G025_R384_C1136,G025_R386_C1135,0.5590169943749475,FALSE,0.9074662676324409,"(0.51,0.76]"
G025_R384_C1137,G025_R386_C1135,0.7071067811865476,FALSE,0.8745869244686421,"(0.51,0.76]"
G025_R384_C1138,G025_R386_C1135,0.9013878188659973,FALSE,0.8291914758564414,"(0.76,1.01]"
G025_R384_C1139,G025_R386_C1135,1.118033988749895,FALSE,0.8457802239351992,"(1.01,1.51]"
G025_R384_C1140,G025_R386_C1135,1.346291201783626,FALSE,0.7590177833106893,"(1.01,1.51]"
G025_R384_C1141,G025_R386_C1135,1.5811388300841898,FALSE,0.6019005030832498,"(1.51,Inf]"
G025_R384_C1142,G025_R386_C1135,1.8200274723201295,FALSE,0.3816765077011392,"(1.51,Inf]"
G025_R385_C1132,G025_R386_C1135,0.7905694150420949,FALSE,0.9001738464202353,"(0.76,1.01]"
G025_R385_C1133,G025_R386_C1135,0.5590169943749475,FALSE,0.9175960500030573,"(0.51,0.76]"
G025_R385_C1134,G025_R386_C1135,0.3535533905932738,FALSE,0.9288591107951405,"(0.26,0.51]"
G025_R385_C1135,G025_R386_C1135,0.25,TRUE,0.9579359733702805,"[0,0.26]"
G025_R385_C1136,G025_R386_C1135,0.3535533905932738,FALSE,0.9363944201056174,"(0.26,0.51]"
G025_R385_C1137,G025_R386_C1135,0.5590169943749475,FALSE,0.8690693424284957,"(0.51,0.76]"
G025_R385_C1138,G025_R386_C1135,0.7905694150420949,FALSE,0.8688029822219686,"(0.76,1.01]"
G025_R385_C1139,G025_R386_C1135,1.0307764064044151,FALSE,0.7998335955512782,"(1.01,1.51]"
G025_R385_C1140,G025_R386_C1135,1.2747548783981961,FALSE,0.6521606648545488,"(1.01,1.51]"
G025_R385_C1141,G025_R386_C1135,1.5206906325745548,FALSE,0.5107642336581262,"(1.51,Inf]"
G025_R385_C1142,G025_R386_C1135,1.7677669529663689,FALSE,0.4212290281740196,"(1.51,Inf]"
G025_R386_C1132,G025_R386_C1135,0.75,FALSE,0.9033703702592064,"(0.51,0.76]"
G025_R386_C1133,G025_R386_C1135,0.5,FALSE,0.9322177543137996,"(0.26,0.51]"
G025_R386_C1134,G025_R386_C1135,0.25,TRUE,0.9635568443993406,"[0,0.26]"
G025_R380_C1132,G025_R386_C1136,1.8027756377319946,FALSE,0.8071180814550312,"(1.51,Inf]"
G025_R380_C1133,G025_R386_C1136,1.6770509831248424,FALSE,0.791388123356898,"(1.51,Inf]"
G025_R380_C1134,G025_R386_C1136,1.5811388300841898,FALSE,0.7217854047062016,"(1.51,Inf]"
G025_R380_C1135,G025_R386_C1136,1.5206906325745548,FALSE,0.642402396990666,"(1.51,Inf]"
G025_R380_C1143,G025_R386_C1136,2.3048861143232218,FALSE,0.102423417805375,"(1.51,Inf]"
G025_R380_C1144,G025_R386_C1136,2.5,FALSE,0.3017609323651427,"(1.51,Inf]"
G025_R380_C1145,G025_R386_C1136,2.704163456597992,FALSE,0.14038503188471269,"(1.51,Inf]"
G025_R380_C1146,G025_R386_C1136,2.9154759474226504,FALSE,0.03407252029606407,"(1.51,Inf]"
G025_R380_C1147,G025_R386_C1136,3.132491021535417,FALSE,-0.012792709332741823,"(1.51,Inf]"
G025_R381_C1132,G025_R386_C1136,1.6007810593582121,FALSE,0.8350659688202368,"(1.51,Inf]"
G025_R381_C1133,G025_R386_C1136,1.4577379737113252,FALSE,0.8431463596927703,"(1.01,1.51]"
G025_R381_C1134,G025_R386_C1136,1.346291201783626,FALSE,0.8276507593562654,"(1.01,1.51]"
G025_R381_C1135,G025_R386_C1136,1.2747548783981961,FALSE,0.8208832540472131,"(1.01,1.51]"
G025_R381_C1143,G025_R386_C1136,2.1505813167606567,FALSE,0.14833325263607086,"(1.51,Inf]"
G025_R381_C1144,G025_R386_C1136,2.358495283014151,FALSE,0.3410099042364597,"(1.51,Inf]"
G025_R381_C1145,G025_R386_C1136,2.57390753524675,FALSE,0.19509908184613234,"(1.51,Inf]"
G025_R381_C1146,G025_R386_C1136,2.7950849718747373,FALSE,0.15181382826839251,"(1.51,Inf]"
G025_R381_C1147,G025_R386_C1136,3.020761493398643,FALSE,0.0895877852930072,"(1.51,Inf]"
G025_R382_C1132,G025_R386_C1136,1.4142135623730951,FALSE,0.850636662170233,"(1.01,1.51]"
G025_R382_C1133,G025_R386_C1136,1.25,FALSE,0.8646928419966868,"(1.01,1.51]"
G025_R382_C1134,G025_R386_C1136,1.118033988749895,FALSE,0.8756516982606353,"(1.01,1.51]"
G025_R382_C1135,G025_R386_C1136,1.0307764064044151,FALSE,0.872872305288402,"(1.01,1.51]"
G025_R382_C1136,G025_R386_C1136,1,FALSE,0.8348552169352971,"(0.76,1.01]"
G025_R382_C1138,G025_R386_C1136,1.118033988749895,FALSE,0.15506967825761991,"(1.01,1.51]"
G025_R382_C1141,G025_R386_C1136,1.6007810593582121,FALSE,0.3867831254927835,"(1.51,Inf]"
G025_R382_C1143,G025_R386_C1136,2.0155644370746373,FALSE,0.19738817017511132,"(1.51,Inf]"
G025_R382_C1144,G025_R386_C1136,2.23606797749979,FALSE,0.17548857458040162,"(1.51,Inf]"
G025_R382_C1145,G025_R386_C1136,2.462214450449026,FALSE,0.052952203181633836,"(1.51,Inf]"
G025_R382_C1146,G025_R386_C1136,2.692582403567252,FALSE,-0.03260133383089435,"(1.51,Inf]"
G025_R382_C1147,G025_R386_C1136,2.9261749776799064,FALSE,-0.05571795929545699,"(1.51,Inf]"
G025_R383_C1132,G025_R386_C1136,1.25,FALSE,0.8461228043051925,"(1.01,1.51]"
G025_R383_C1133,G025_R386_C1136,1.0606601717798212,FALSE,0.8832400517336139,"(1.01,1.51]"
G025_R383_C1134,G025_R386_C1136,0.9013878188659973,FALSE,0.8944179727772535,"(0.76,1.01]"
G025_R383_C1135,G025_R386_C1136,0.7905694150420949,FALSE,0.8964795106786119,"(0.76,1.01]"
G025_R383_C1136,G025_R386_C1136,0.75,FALSE,0.8984723307250359,"(0.51,0.76]"
G025_R383_C1137,G025_R386_C1136,0.7905694150420949,FALSE,0.8519763144481961,"(0.76,1.01]"
G025_R383_C1139,G025_R386_C1136,1.0606601717798212,FALSE,0.8049347567641684,"(1.01,1.51]"
G025_R383_C1140,G025_R386_C1136,1.25,FALSE,0.8321958207873295,"(1.01,1.51]"
G025_R383_C1141,G025_R386_C1136,1.4577379737113252,FALSE,0.7138981727850593,"(1.01,1.51]"
G025_R383_C1142,G025_R386_C1136,1.6770509831248424,FALSE,0.5466403074228878,"(1.51,Inf]"
G025_R383_C1143,G025_R386_C1136,1.9039432764659772,FALSE,0.23303384390205711,"(1.51,Inf]"
G025_R383_C1144,G025_R386_C1136,2.1360009363293826,FALSE,-0.0012920544593873107,"(1.51,Inf]"
G025_R383_C1145,G025_R386_C1136,2.3717082451262845,FALSE,-0.07877660471567319,"(1.51,Inf]"
G025_R383_C1146,G025_R386_C1136,2.6100766272276377,FALSE,-0.1855737153685079,"(1.51,Inf]"
G025_R383_C1147,G025_R386_C1136,2.850438562747845,FALSE,-0.23299899041764546,"(1.51,Inf]"
G025_R384_C1132,G025_R386_C1136,1.118033988749895,FALSE,0.8267989094070411,"(1.01,1.51]"
G025_R384_C1133,G025_R386_C1136,0.9013878188659973,FALSE,0.8782170686039534,"(0.76,1.01]"
G025_R384_C1134,G025_R386_C1136,0.7071067811865476,FALSE,0.8864024197360667,"(0.51,0.76]"
G025_R384_C1135,G025_R386_C1136,0.5590169943749475,FALSE,0.8989525987367217,"(0.51,0.76]"
G025_R384_C1136,G025_R386_C1136,0.5,FALSE,0.925310125623787,"(0.26,0.51]"
G025_R384_C1137,G025_R386_C1136,0.5590169943749475,FALSE,0.9179644287513766,"(0.51,0.76]"
G025_R384_C1138,G025_R386_C1136,0.7071067811865476,FALSE,0.8754856724958086,"(0.51,0.76]"
G025_R384_C1139,G025_R386_C1136,0.9013878188659973,FALSE,0.8813037559626775,"(0.76,1.01]"
G025_R384_C1140,G025_R386_C1136,1.118033988749895,FALSE,0.8125948736166563,"(1.01,1.51]"
G025_R384_C1141,G025_R386_C1136,1.346291201783626,FALSE,0.6505808698257651,"(1.01,1.51]"
G025_R384_C1142,G025_R386_C1136,1.5811388300841898,FALSE,0.41229771430103396,"(1.51,Inf]"
G025_R385_C1132,G025_R386_C1136,1.0307764064044151,FALSE,0.8638293162077587,"(1.01,1.51]"
G025_R385_C1133,G025_R386_C1136,0.7905694150420949,FALSE,0.8884845048298555,"(0.76,1.01]"
G025_R385_C1134,G025_R386_C1136,0.5590169943749475,FALSE,0.9102943636712735,"(0.51,0.76]"
G025_R385_C1135,G025_R386_C1136,0.3535533905932738,FALSE,0.9379071321687987,"(0.26,0.51]"
G025_R385_C1136,G025_R386_C1136,0.25,TRUE,0.9574415899634827,"[0,0.26]"
G025_R385_C1137,G025_R386_C1136,0.3535533905932738,FALSE,0.9360929951217721,"(0.26,0.51]"
G025_R385_C1138,G025_R386_C1136,0.5590169943749475,FALSE,0.9174502410180645,"(0.51,0.76]"
G025_R385_C1139,G025_R386_C1136,0.7905694150420949,FALSE,0.8574402350810533,"(0.76,1.01]"
G025_R385_C1140,G025_R386_C1136,1.0307764064044151,FALSE,0.7223432807206622,"(1.01,1.51]"
G025_R385_C1141,G025_R386_C1136,1.2747548783981961,FALSE,0.5644576720932789,"(1.01,1.51]"
G025_R385_C1142,G025_R386_C1136,1.5206906325745548,FALSE,0.46556794670317697,"(1.51,Inf]"
G025_R386_C1132,G025_R386_C1136,1,FALSE,0.8746814938852778,"(0.76,1.01]"
G025_R386_C1133,G025_R386_C1136,0.75,FALSE,0.9000543331834848,"(0.51,0.76]"
G025_R386_C1134,G025_R386_C1136,0.5,FALSE,0.9184352924024125,"(0.26,0.51]"
G025_R386_C1135,G025_R386_C1136,0.25,TRUE,0.9544025116584457,"[0,0.26]"
G025_R380_C1132,G025_R386_C1137,1.9525624189766635,FALSE,0.7703673505451468,"(1.51,Inf]"
G025_R380_C1133,G025_R386_C1137,1.8027756377319946,FALSE,0.747847005944726,"(1.51,Inf]"
G025_R380_C1134,G025_R386_C1137,1.6770509831248424,FALSE,0.7071695225739828,"(1.51,Inf]"
G025_R380_C1135,G025_R386_C1137,1.5811388300841898,FALSE,0.6507625729066642,"(1.51,Inf]"
G025_R380_C1143,G025_R386_C1137,2.1213203435596424,FALSE,0.09557587417649896,"(1.51,Inf]"
G025_R380_C1144,G025_R386_C1137,2.3048861143232218,FALSE,0.30095351084231564,"(1.51,Inf]"
G025_R380_C1145,G025_R386_C1137,2.5,FALSE,0.17498470008125555,"(1.51,Inf]"
G025_R380_C1146,G025_R386_C1137,2.704163456597992,FALSE,0.06424784941485584,"(1.51,Inf]"
G025_R380_C1147,G025_R386_C1137,2.9154759474226504,FALSE,-0.02251245437371057,"(1.51,Inf]"
G025_R381_C1132,G025_R386_C1137,1.7677669529663689,FALSE,0.8024211376822358,"(1.51,Inf]"
G025_R381_C1133,G025_R386_C1137,1.6007810593582121,FALSE,0.7935461778748081,"(1.51,Inf]"
G025_R381_C1134,G025_R386_C1137,1.4577379737113252,FALSE,0.7813898343544976,"(1.01,1.51]"
G025_R381_C1135,G025_R386_C1137,1.346291201783626,FALSE,0.8009735797472727,"(1.01,1.51]"
G025_R381_C1143,G025_R386_C1137,1.9525624189766635,FALSE,0.17895135702155132,"(1.51,Inf]"
G025_R381_C1144,G025_R386_C1137,2.1505813167606567,FALSE,0.3467289887075121,"(1.51,Inf]"
G025_R381_C1145,G025_R386_C1137,2.358495283014151,FALSE,0.23190550768015164,"(1.51,Inf]"
G025_R381_C1146,G025_R386_C1137,2.57390753524675,FALSE,0.15180683737654313,"(1.51,Inf]"
G025_R381_C1147,G025_R386_C1137,2.7950849718747373,FALSE,0.08316123805757679,"(1.51,Inf]"
G025_R382_C1132,G025_R386_C1137,1.6007810593582121,FALSE,0.805742818113499,"(1.51,Inf]"
G025_R382_C1133,G025_R386_C1137,1.4142135623730951,FALSE,0.8123361269825439,"(1.01,1.51]"
G025_R382_C1134,G025_R386_C1137,1.25,FALSE,0.8264356694439285,"(1.01,1.51]"
G025_R382_C1135,G025_R386_C1137,1.118033988749895,FALSE,0.832110291499786,"(1.01,1.51]"
G025_R382_C1136,G025_R386_C1137,1.0307764064044151,FALSE,0.8168550374620329,"(1.01,1.51]"
G025_R382_C1138,G025_R386_C1137,1.0307764064044151,FALSE,0.17716548692997688,"(1.01,1.51]"
G025_R382_C1141,G025_R386_C1137,1.4142135623730951,FALSE,0.3771606562760901,"(1.01,1.51]"
G025_R382_C1143,G025_R386_C1137,1.8027756377319946,FALSE,0.20919686731414716,"(1.51,Inf]"
G025_R382_C1144,G025_R386_C1137,2.0155644370746373,FALSE,0.15972736347210062,"(1.51,Inf]"
G025_R382_C1145,G025_R386_C1137,2.23606797749979,FALSE,0.031541119568016945,"(1.51,Inf]"
G025_R382_C1146,G025_R386_C1137,2.462214450449026,FALSE,-0.062491224726192236,"(1.51,Inf]"
G025_R382_C1147,G025_R386_C1137,2.692582403567252,FALSE,-0.07742994609323475,"(1.51,Inf]"
G025_R383_C1132,G025_R386_C1137,1.4577379737113252,FALSE,0.7970142526801941,"(1.01,1.51]"
G025_R383_C1133,G025_R386_C1137,1.25,FALSE,0.8280421019032522,"(1.01,1.51]"
G025_R383_C1134,G025_R386_C1137,1.0606601717798212,FALSE,0.8400884056868421,"(1.01,1.51]"
G025_R383_C1135,G025_R386_C1137,0.9013878188659973,FALSE,0.8393788346579645,"(0.76,1.01]"
G025_R383_C1136,G025_R386_C1137,0.7905694150420949,FALSE,0.8535743282062512,"(0.76,1.01]"
G025_R383_C1137,G025_R386_C1137,0.75,FALSE,0.8160483113705184,"(0.51,0.76]"
G025_R383_C1139,G025_R386_C1137,0.9013878188659973,FALSE,0.7903092422045873,"(0.76,1.01]"
G025_R383_C1140,G025_R386_C1137,1.0606601717798212,FALSE,0.8310656082145297,"(1.01,1.51]"
G025_R383_C1141,G025_R386_C1137,1.25,FALSE,0.7469435141913867,"(1.01,1.51]"
G025_R383_C1142,G025_R386_C1137,1.4577379737113252,FALSE,0.585830030545199,"(1.01,1.51]"
G025_R383_C1143,G025_R386_C1137,1.6770509831248424,FALSE,0.2840261745042308,"(1.51,Inf]"
G025_R383_C1144,G025_R386_C1137,1.9039432764659772,FALSE,0.016907333303445505,"(1.51,Inf]"
G025_R383_C1145,G025_R386_C1137,2.1360009363293826,FALSE,-0.009081720458831708,"(1.51,Inf]"
G025_R383_C1146,G025_R386_C1137,2.3717082451262845,FALSE,-0.16190818605975954,"(1.51,Inf]"
G025_R383_C1147,G025_R386_C1137,2.6100766272276377,FALSE,-0.23024247738202144,"(1.51,Inf]"
G025_R384_C1132,G025_R386_C1137,1.346291201783626,FALSE,0.7814200631002941,"(1.01,1.51]"
G025_R384_C1133,G025_R386_C1137,1.118033988749895,FALSE,0.8172971833535333,"(1.01,1.51]"
G025_R384_C1134,G025_R386_C1137,0.9013878188659973,FALSE,0.8120736281344674,"(0.76,1.01]"
G025_R384_C1135,G025_R386_C1137,0.7071067811865476,FALSE,0.8270309794547974,"(0.51,0.76]"
G025_R384_C1136,G025_R386_C1137,0.5590169943749475,FALSE,0.8753764358595226,"(0.51,0.76]"
G025_R384_C1137,G025_R386_C1137,0.5,FALSE,0.9009527464575392,"(0.26,0.51]"
G025_R384_C1138,G025_R386_C1137,0.5590169943749475,FALSE,0.8606016307610224,"(0.51,0.76]"
G025_R384_C1139,G025_R386_C1137,0.7071067811865476,FALSE,0.8811531720123049,"(0.51,0.76]"
G025_R384_C1140,G025_R386_C1137,0.9013878188659973,FALSE,0.8218264701903801,"(0.76,1.01]"
G025_R384_C1141,G025_R386_C1137,1.118033988749895,FALSE,0.6831461724810285,"(1.01,1.51]"
G025_R384_C1142,G025_R386_C1137,1.346291201783626,FALSE,0.4598968988947271,"(1.01,1.51]"
G025_R385_C1132,G025_R386_C1137,1.2747548783981961,FALSE,0.8061092890406153,"(1.01,1.51]"
G025_R385_C1133,G025_R386_C1137,1.0307764064044151,FALSE,0.8261900324293396,"(1.01,1.51]"
G025_R385_C1134,G025_R386_C1137,0.7905694150420949,FALSE,0.8450646534810251,"(0.76,1.01]"
G025_R385_C1135,G025_R386_C1137,0.5590169943749475,FALSE,0.8642478859103476,"(0.51,0.76]"
G025_R385_C1136,G025_R386_C1137,0.3535533905932738,FALSE,0.9107300856793737,"(0.26,0.51]"
G025_R385_C1137,G025_R386_C1137,0.25,TRUE,0.9439794953283601,"[0,0.26]"
G025_R385_C1138,G025_R386_C1137,0.3535533905932738,FALSE,0.9307245000216198,"(0.26,0.51]"
G025_R385_C1139,G025_R386_C1137,0.5590169943749475,FALSE,0.8865490177847544,"(0.51,0.76]"
G025_R385_C1140,G025_R386_C1137,0.7905694150420949,FALSE,0.7695169997395965,"(0.76,1.01]"
G025_R385_C1141,G025_R386_C1137,1.0307764064044151,FALSE,0.611868884543117,"(1.01,1.51]"
G025_R385_C1142,G025_R386_C1137,1.2747548783981961,FALSE,0.5040848164314828,"(1.01,1.51]"
G025_R386_C1132,G025_R386_C1137,1.25,FALSE,0.8147312035874332,"(1.01,1.51]"
G025_R386_C1133,G025_R386_C1137,1,FALSE,0.8307087824372407,"(0.76,1.01]"
G025_R386_C1134,G025_R386_C1137,0.75,FALSE,0.837286874308835,"(0.51,0.76]"
G025_R386_C1135,G025_R386_C1137,0.5,FALSE,0.8778128334656771,"(0.26,0.51]"
G025_R386_C1136,G025_R386_C1137,0.25,TRUE,0.946328809732721,"[0,0.26]"
G025_R380_C1132,G025_R386_C1138,2.1213203435596424,FALSE,0.6940795241904507,"(1.51,Inf]"
G025_R380_C1133,G025_R386_C1138,1.9525624189766635,FALSE,0.673560814176411,"(1.51,Inf]"
G025_R380_C1134,G025_R386_C1138,1.8027756377319946,FALSE,0.6391122613774155,"(1.51,Inf]"
G025_R380_C1135,G025_R386_C1138,1.6770509831248424,FALSE,0.5761138566227847,"(1.51,Inf]"
G025_R380_C1143,G025_R386_C1138,1.9525624189766635,FALSE,0.1583532053727282,"(1.51,Inf]"
G025_R380_C1144,G025_R386_C1138,2.1213203435596424,FALSE,0.31554647120923796,"(1.51,Inf]"
G025_R380_C1145,G025_R386_C1138,2.3048861143232218,FALSE,0.19893779853499632,"(1.51,Inf]"
G025_R380_C1146,G025_R386_C1138,2.5,FALSE,0.05178937395853876,"(1.51,Inf]"
G025_R380_C1147,G025_R386_C1138,2.704163456597992,FALSE,-0.03184198890207122,"(1.51,Inf]"
G025_R381_C1132,G025_R386_C1138,1.9525624189766635,FALSE,0.7495427658873834,"(1.51,Inf]"
G025_R381_C1133,G025_R386_C1138,1.7677669529663689,FALSE,0.7330037536362114,"(1.51,Inf]"
G025_R381_C1134,G025_R386_C1138,1.6007810593582121,FALSE,0.7186848775311022,"(1.51,Inf]"
G025_R381_C1135,G025_R386_C1138,1.4577379737113252,FALSE,0.7147131537084411,"(1.01,1.51]"
G025_R381_C1143,G025_R386_C1138,1.7677669529663689,FALSE,0.18760953467065877,"(1.51,Inf]"
G025_R381_C1144,G025_R386_C1138,1.9525624189766635,FALSE,0.38672592276291706,"(1.51,Inf]"
G025_R381_C1145,G025_R386_C1138,2.1505813167606567,FALSE,0.27089764471557093,"(1.51,Inf]"
G025_R381_C1146,G025_R386_C1138,2.358495283014151,FALSE,0.1995359677259327,"(1.51,Inf]"
G025_R381_C1147,G025_R386_C1138,2.57390753524675,FALSE,0.1196704680606416,"(1.51,Inf]"
G025_R382_C1132,G025_R386_C1138,1.8027756377319946,FALSE,0.7513805335839396,"(1.51,Inf]"
G025_R382_C1133,G025_R386_C1138,1.6007810593582121,FALSE,0.7570892620694131,"(1.51,Inf]"
G025_R382_C1134,G025_R386_C1138,1.4142135623730951,FALSE,0.7592890978027336,"(1.01,1.51]"
G025_R382_C1135,G025_R386_C1138,1.25,FALSE,0.7663785841880458,"(1.01,1.51]"
G025_R382_C1136,G025_R386_C1138,1.118033988749895,FALSE,0.7487904437080888,"(1.01,1.51]"
G025_R382_C1138,G025_R386_C1138,1,FALSE,0.16531659234350513,"(0.76,1.01]"
G025_R382_C1141,G025_R386_C1138,1.25,FALSE,0.37582401222372774,"(1.01,1.51]"
G025_R382_C1143,G025_R386_C1138,1.6007810593582121,FALSE,0.2625299277594415,"(1.51,Inf]"
G025_R382_C1144,G025_R386_C1138,1.8027756377319946,FALSE,0.2172114249830965,"(1.51,Inf]"
G025_R382_C1145,G025_R386_C1138,2.0155644370746373,FALSE,0.06902848991407791,"(1.51,Inf]"
G025_R382_C1146,G025_R386_C1138,2.23606797749979,FALSE,-0.04226574723423843,"(1.51,Inf]"
G025_R382_C1147,G025_R386_C1138,2.462214450449026,FALSE,-0.05582516831566765,"(1.51,Inf]"
G025_R383_C1132,G025_R386_C1138,1.6770509831248424,FALSE,0.7428996893232779,"(1.51,Inf]"
G025_R383_C1133,G025_R386_C1138,1.4577379737113252,FALSE,0.7614310682063297,"(1.01,1.51]"
G025_R383_C1134,G025_R386_C1138,1.25,FALSE,0.7720001937055337,"(1.01,1.51]"
G025_R383_C1135,G025_R386_C1138,1.0606601717798212,FALSE,0.7785452540469336,"(1.01,1.51]"
G025_R383_C1136,G025_R386_C1138,0.9013878188659973,FALSE,0.7876005363715309,"(0.76,1.01]"
G025_R383_C1137,G025_R386_C1138,0.7905694150420949,FALSE,0.765959732859844,"(0.76,1.01]"
G025_R383_C1139,G025_R386_C1138,0.7905694150420949,FALSE,0.7417235934279792,"(0.76,1.01]"
G025_R383_C1140,G025_R386_C1138,0.9013878188659973,FALSE,0.8203291686229812,"(0.76,1.01]"
G025_R383_C1141,G025_R386_C1138,1.0606601717798212,FALSE,0.7549152355614039,"(1.01,1.51]"
G025_R383_C1142,G025_R386_C1138,1.25,FALSE,0.6136761938655799,"(1.01,1.51]"
G025_R383_C1143,G025_R386_C1138,1.4577379737113252,FALSE,0.33255207455521546,"(1.01,1.51]"
G025_R383_C1144,G025_R386_C1138,1.6770509831248424,FALSE,0.08059378176118222,"(1.51,Inf]"
G025_R383_C1145,G025_R386_C1138,1.9039432764659772,FALSE,0.0208565921818399,"(1.51,Inf]"
G025_R383_C1146,G025_R386_C1138,2.1360009363293826,FALSE,-0.08760495856334835,"(1.51,Inf]"
G025_R383_C1147,G025_R386_C1138,2.3717082451262845,FALSE,-0.2166145110571255,"(1.51,Inf]"
G025_R384_C1132,G025_R386_C1138,1.5811388300841898,FALSE,0.7247310987415386,"(1.51,Inf]"
G025_R384_C1133,G025_R386_C1138,1.346291201783626,FALSE,0.752935055601183,"(1.01,1.51]"
G025_R384_C1134,G025_R386_C1138,1.118033988749895,FALSE,0.7636177848431924,"(1.01,1.51]"
G025_R384_C1135,G025_R386_C1138,0.9013878188659973,FALSE,0.7743245271023538,"(0.76,1.01]"
G025_R384_C1136,G025_R386_C1138,0.7071067811865476,FALSE,0.812381945585753,"(0.51,0.76]"
G025_R384_C1137,G025_R386_C1138,0.5590169943749475,FALSE,0.844847970285301,"(0.51,0.76]"
G025_R384_C1138,G025_R386_C1138,0.5,FALSE,0.7998191289172375,"(0.26,0.51]"
G025_R384_C1139,G025_R386_C1138,0.5590169943749475,FALSE,0.8600360319418374,"(0.51,0.76]"
G025_R384_C1140,G025_R386_C1138,0.7071067811865476,FALSE,0.8626994683126499,"(0.51,0.76]"
G025_R384_C1141,G025_R386_C1138,0.9013878188659973,FALSE,0.7316232360425988,"(0.76,1.01]"
G025_R384_C1142,G025_R386_C1138,1.118033988749895,FALSE,0.5246162627958094,"(1.01,1.51]"
G025_R385_C1132,G025_R386_C1138,1.5206906325745548,FALSE,0.7326309181695052,"(1.51,Inf]"
G025_R385_C1133,G025_R386_C1138,1.2747548783981961,FALSE,0.7572519409069457,"(1.01,1.51]"
G025_R385_C1134,G025_R386_C1138,1.0307764064044151,FALSE,0.7850050128011026,"(1.01,1.51]"
G025_R385_C1135,G025_R386_C1138,0.7905694150420949,FALSE,0.7960446682739083,"(0.76,1.01]"
G025_R385_C1136,G025_R386_C1138,0.5590169943749475,FALSE,0.844892506942961,"(0.51,0.76]"
G025_R385_C1137,G025_R386_C1138,0.3535533905932738,FALSE,0.8889367588095425,"(0.26,0.51]"
G025_R385_C1138,G025_R386_C1138,0.25,TRUE,0.9131013944843103,"[0,0.26]"
G025_R385_C1139,G025_R386_C1138,0.3535533905932738,FALSE,0.9089066111242685,"(0.26,0.51]"
G025_R385_C1140,G025_R386_C1138,0.5590169943749475,FALSE,0.820998589652229,"(0.51,0.76]"
G025_R385_C1141,G025_R386_C1138,0.7905694150420949,FALSE,0.6892356246061948,"(0.76,1.01]"
G025_R385_C1142,G025_R386_C1138,1.0307764064044151,FALSE,0.5391963712327053,"(1.01,1.51]"
G025_R386_C1132,G025_R386_C1138,1.5,FALSE,0.7455233916287377,"(1.01,1.51]"
G025_R386_C1133,G025_R386_C1138,1.25,FALSE,0.7715420030376021,"(1.01,1.51]"
G025_R386_C1134,G025_R386_C1138,1,FALSE,0.7850746637854464,"(0.76,1.01]"
G025_R386_C1135,G025_R386_C1138,0.75,FALSE,0.8162665455428231,"(0.51,0.76]"
G025_R386_C1136,G025_R386_C1138,0.5,FALSE,0.8732049183940802,"(0.26,0.51]"
G025_R386_C1137,G025_R386_C1138,0.25,TRUE,0.9267543635938631,"[0,0.26]"
G025_R380_C1132,G025_R386_C1139,2.3048861143232218,FALSE,0.6032642556547836,"(1.51,Inf]"
G025_R380_C1133,G025_R386_C1139,2.1213203435596424,FALSE,0.5682236657898375,"(1.51,Inf]"
G025_R380_C1134,G025_R386_C1139,1.9525624189766635,FALSE,0.5581409992473118,"(1.51,Inf]"
G025_R380_C1135,G025_R386_C1139,1.8027756377319946,FALSE,0.5228902819061028,"(1.51,Inf]"
G025_R380_C1143,G025_R386_C1139,1.8027756377319946,FALSE,0.13742394298601365,"(1.51,Inf]"
G025_R380_C1144,G025_R386_C1139,1.9525624189766635,FALSE,0.2955634512350948,"(1.51,Inf]"
G025_R380_C1145,G025_R386_C1139,2.1213203435596424,FALSE,0.1804815202355764,"(1.51,Inf]"
G025_R380_C1146,G025_R386_C1139,2.3048861143232218,FALSE,0.015263222300951508,"(1.51,Inf]"
G025_R380_C1147,G025_R386_C1139,2.5,FALSE,-0.09919548692319541,"(1.51,Inf]"
G025_R381_C1132,G025_R386_C1139,2.1505813167606567,FALSE,0.6568089327457076,"(1.51,Inf]"
G025_R381_C1133,G025_R386_C1139,1.9525624189766635,FALSE,0.6255625144067545,"(1.51,Inf]"
G025_R381_C1134,G025_R386_C1139,1.7677669529663689,FALSE,0.6148856774756065,"(1.51,Inf]"
G025_R381_C1135,G025_R386_C1139,1.6007810593582121,FALSE,0.6058107443839105,"(1.51,Inf]"
G025_R381_C1143,G025_R386_C1139,1.6007810593582121,FALSE,0.1713079961141772,"(1.51,Inf]"
G025_R381_C1144,G025_R386_C1139,1.7677669529663689,FALSE,0.3918110273371134,"(1.51,Inf]"
G025_R381_C1145,G025_R386_C1139,1.9525624189766635,FALSE,0.26572632784965106,"(1.51,Inf]"
G025_R381_C1146,G025_R386_C1139,2.1505813167606567,FALSE,0.16809305692169468,"(1.51,Inf]"
G025_R381_C1147,G025_R386_C1139,2.358495283014151,FALSE,0.08490690754817688,"(1.51,Inf]"
G025_R382_C1132,G025_R386_C1139,2.0155644370746373,FALSE,0.6533523942537951,"(1.51,Inf]"
G025_R382_C1133,G025_R386_C1139,1.8027756377319946,FALSE,0.6536086827973889,"(1.51,Inf]"
G025_R382_C1134,G025_R386_C1139,1.6007810593582121,FALSE,0.6457092293168789,"(1.51,Inf]"
G025_R382_C1135,G025_R386_C1139,1.4142135623730951,FALSE,0.6440122583994636,"(1.01,1.51]"
G025_R382_C1136,G025_R386_C1139,1.25,FALSE,0.6393261852965715,"(1.01,1.51]"
G025_R382_C1138,G025_R386_C1139,1.0307764064044151,FALSE,0.17799410092320062,"(1.01,1.51]"
G025_R382_C1141,G025_R386_C1139,1.118033988749895,FALSE,0.36454644013732324,"(1.01,1.51]"
G025_R382_C1143,G025_R386_C1139,1.4142135623730951,FALSE,0.29881624987364397,"(1.01,1.51]"
G025_R382_C1144,G025_R386_C1139,1.6007810593582121,FALSE,0.22835229726780995,"(1.51,Inf]"
G025_R382_C1145,G025_R386_C1139,1.8027756377319946,FALSE,0.04015884692093315,"(1.51,Inf]"
G025_R382_C1146,G025_R386_C1139,2.0155644370746373,FALSE,-0.0901160832650928,"(1.51,Inf]"
G025_R382_C1147,G025_R386_C1139,2.23606797749979,FALSE,-0.12141375310135159,"(1.51,Inf]"
G025_R383_C1132,G025_R386_C1139,1.9039432764659772,FALSE,0.6409051514947143,"(1.51,Inf]"
G025_R383_C1133,G025_R386_C1139,1.6770509831248424,FALSE,0.6556291008205225,"(1.51,Inf]"
G025_R383_C1134,G025_R386_C1139,1.4577379737113252,FALSE,0.6524700997225195,"(1.01,1.51]"
G025_R383_C1135,G025_R386_C1139,1.25,FALSE,0.6555028708877932,"(1.01,1.51]"
G025_R383_C1136,G025_R386_C1139,1.0606601717798212,FALSE,0.6516069022679092,"(1.01,1.51]"
G025_R383_C1137,G025_R386_C1139,0.9013878188659973,FALSE,0.625897216811792,"(0.76,1.01]"
G025_R383_C1139,G025_R386_C1139,0.75,FALSE,0.6588069365057712,"(0.51,0.76]"
G025_R383_C1140,G025_R386_C1139,0.7905694150420949,FALSE,0.7761344804512686,"(0.76,1.01]"
G025_R383_C1141,G025_R386_C1139,0.9013878188659973,FALSE,0.7558672427464573,"(0.76,1.01]"
G025_R383_C1142,G025_R386_C1139,1.0606601717798212,FALSE,0.6593227883184709,"(1.01,1.51]"
G025_R383_C1143,G025_R386_C1139,1.25,FALSE,0.39676877011448003,"(1.01,1.51]"
G025_R383_C1144,G025_R386_C1139,1.4577379737113252,FALSE,0.07246625057720858,"(1.01,1.51]"
G025_R383_C1145,G025_R386_C1139,1.6770509831248424,FALSE,0.022085896147365953,"(1.51,Inf]"
G025_R383_C1146,G025_R386_C1139,1.9039432764659772,FALSE,-0.10196646009380378,"(1.51,Inf]"
G025_R383_C1147,G025_R386_C1139,2.1360009363293826,FALSE,-0.23076544336654528,"(1.51,Inf]"
G025_R384_C1132,G025_R386_C1139,1.8200274723201295,FALSE,0.6311202608350296,"(1.51,Inf]"
G025_R384_C1133,G025_R386_C1139,1.5811388300841898,FALSE,0.6443714874316461,"(1.51,Inf]"
G025_R384_C1134,G025_R386_C1139,1.346291201783626,FALSE,0.660959026178449,"(1.01,1.51]"
G025_R384_C1135,G025_R386_C1139,1.118033988749895,FALSE,0.6546897607635853,"(1.01,1.51]"
G025_R384_C1136,G025_R386_C1139,0.9013878188659973,FALSE,0.6877368272852834,"(0.76,1.01]"
G025_R384_C1137,G025_R386_C1139,0.7071067811865476,FALSE,0.7146289626205128,"(0.51,0.76]"
G025_R384_C1138,G025_R386_C1139,0.5590169943749475,FALSE,0.6769367798633467,"(0.51,0.76]"
G025_R384_C1139,G025_R386_C1139,0.5,FALSE,0.7742940469933061,"(0.26,0.51]"
G025_R384_C1140,G025_R386_C1139,0.5590169943749475,FALSE,0.8534133242592455,"(0.51,0.76]"
G025_R384_C1141,G025_R386_C1139,0.7071067811865476,FALSE,0.7928811265238067,"(0.51,0.76]"
G025_R384_C1142,G025_R386_C1139,0.9013878188659973,FALSE,0.639096416955366,"(0.76,1.01]"
G025_R385_C1132,G025_R386_C1139,1.7677669529663689,FALSE,0.6203171601905606,"(1.51,Inf]"
G025_R385_C1133,G025_R386_C1139,1.5206906325745548,FALSE,0.6340737806501241,"(1.51,Inf]"
G025_R385_C1134,G025_R386_C1139,1.2747548783981961,FALSE,0.6660095647362588,"(1.01,1.51]"
G025_R385_C1135,G025_R386_C1139,1.0307764064044151,FALSE,0.6689114370831203,"(1.01,1.51]"
G025_R385_C1136,G025_R386_C1139,0.7905694150420949,FALSE,0.7129295042378906,"(0.76,1.01]"
G025_R385_C1137,G025_R386_C1139,0.5590169943749475,FALSE,0.7568639664019545,"(0.51,0.76]"
G025_R385_C1138,G025_R386_C1139,0.3535533905932738,FALSE,0.8048155548801318,"(0.26,0.51]"
G025_R385_C1139,G025_R386_C1139,0.25,TRUE,0.9069593360862941,"[0,0.26]"
G025_R385_C1140,G025_R386_C1139,0.3535533905932738,FALSE,0.8879696095904076,"(0.26,0.51]"
G025_R385_C1141,G025_R386_C1139,0.5590169943749475,FALSE,0.7870104264204955,"(0.51,0.76]"
G025_R385_C1142,G025_R386_C1139,0.7905694150420949,FALSE,0.5912446201408569,"(0.76,1.01]"
G025_R386_C1132,G025_R386_C1139,1.75,FALSE,0.6349384755382347,"(1.51,Inf]"
G025_R386_C1133,G025_R386_C1139,1.5,FALSE,0.6482557842790537,"(1.01,1.51]"
G025_R386_C1134,G025_R386_C1139,1.25,FALSE,0.6603101272438002,"(1.01,1.51]"
G025_R386_C1135,G025_R386_C1139,1,FALSE,0.6910160750703114,"(0.76,1.01]"
G025_R386_C1136,G025_R386_C1139,0.75,FALSE,0.7545649552703403,"(0.51,0.76]"
G025_R386_C1137,G025_R386_C1139,0.5,FALSE,0.8096815186677682,"(0.26,0.51]"
G025_R386_C1138,G025_R386_C1139,0.25,TRUE,0.8936594063223399,"[0,0.26]"
G025_R380_C1132,G025_R386_C1141,2.704163456597992,FALSE,0.5610401376862535,"(1.51,Inf]"
G025_R380_C1133,G025_R386_C1141,2.5,FALSE,0.5526988538532563,"(1.51,Inf]"
G025_R380_C1134,G025_R386_C1141,2.3048861143232218,FALSE,0.5657940423252302,"(1.51,Inf]"
G025_R380_C1135,G025_R386_C1141,2.1213203435596424,FALSE,0.5396065111690304,"(1.51,Inf]"
G025_R380_C1143,G025_R386_C1141,1.5811388300841898,FALSE,0.07661787714483999,"(1.51,Inf]"
G025_R380_C1144,G025_R386_C1141,1.6770509831248424,FALSE,0.2462432644456064,"(1.51,Inf]"
G025_R380_C1145,G025_R386_C1141,1.8027756377319946,FALSE,0.19749552209994875,"(1.51,Inf]"
G025_R380_C1146,G025_R386_C1141,1.9525624189766635,FALSE,0.02008309950508153,"(1.51,Inf]"
G025_R380_C1147,G025_R386_C1141,2.1213203435596424,FALSE,-0.023291065896704655,"(1.51,Inf]"
G025_R381_C1132,G025_R386_C1141,2.57390753524675,FALSE,0.6018760370539565,"(1.51,Inf]"
G025_R381_C1133,G025_R386_C1141,2.358495283014151,FALSE,0.5708500378198572,"(1.51,Inf]"
G025_R381_C1134,G025_R386_C1141,2.1505813167606567,FALSE,0.5592629441640224,"(1.51,Inf]"
G025_R381_C1135,G025_R386_C1141,1.9525624189766635,FALSE,0.5472630417642583,"(1.51,Inf]"
G025_R381_C1143,G025_R386_C1141,1.346291201783626,FALSE,0.08481291461891027,"(1.01,1.51]"
G025_R381_C1144,G025_R386_C1141,1.4577379737113252,FALSE,0.2833167657903975,"(1.01,1.51]"
G025_R381_C1145,G025_R386_C1141,1.6007810593582121,FALSE,0.21135365952833987,"(1.51,Inf]"
G025_R381_C1146,G025_R386_C1141,1.7677669529663689,FALSE,0.20126208981337695,"(1.51,Inf]"
G025_R381_C1147,G025_R386_C1141,1.9525624189766635,FALSE,0.09113166987160651,"(1.51,Inf]"
G025_R382_C1132,G025_R386_C1141,2.462214450449026,FALSE,0.5858755595016294,"(1.51,Inf]"
G025_R382_C1133,G025_R386_C1141,2.23606797749979,FALSE,0.5887694651711737,"(1.51,Inf]"
G025_R382_C1134,G025_R386_C1141,2.0155644370746373,FALSE,0.5578039530665333,"(1.51,Inf]"
G025_R382_C1135,G025_R386_C1141,1.8027756377319946,FALSE,0.5451390865784711,"(1.51,Inf]"
G025_R382_C1136,G025_R386_C1141,1.6007810593582121,FALSE,0.5629828822971191,"(1.51,Inf]"
G025_R382_C1138,G025_R386_C1141,1.25,FALSE,0.17199579332792755,"(1.01,1.51]"
G025_R382_C1141,G025_R386_C1141,1,FALSE,0.30221824300240896,"(0.76,1.01]"
G025_R382_C1143,G025_R386_C1141,1.118033988749895,FALSE,0.2543823664071491,"(1.01,1.51]"
G025_R382_C1144,G025_R386_C1141,1.25,FALSE,0.22583653505656193,"(1.01,1.51]"
G025_R382_C1145,G025_R386_C1141,1.4142135623730951,FALSE,0.09543555248768072,"(1.01,1.51]"
G025_R382_C1146,G025_R386_C1141,1.6007810593582121,FALSE,0.01379863347588823,"(1.51,Inf]"
G025_R382_C1147,G025_R386_C1141,1.8027756377319946,FALSE,-0.0641455456993086,"(1.51,Inf]"
G025_R383_C1132,G025_R386_C1141,2.3717082451262845,FALSE,0.5818023573628114,"(1.51,Inf]"
G025_R383_C1133,G025_R386_C1141,2.1360009363293826,FALSE,0.588018874257699,"(1.51,Inf]"
G025_R383_C1134,G025_R386_C1141,1.9039432764659772,FALSE,0.577812253483346,"(1.51,Inf]"
G025_R383_C1135,G025_R386_C1141,1.6770509831248424,FALSE,0.5640598889148498,"(1.51,Inf]"
G025_R383_C1136,G025_R386_C1141,1.4577379737113252,FALSE,0.5567531272550684,"(1.01,1.51]"
G025_R383_C1137,G025_R386_C1141,1.25,FALSE,0.5361955959989467,"(1.01,1.51]"
G025_R383_C1139,G025_R386_C1141,0.9013878188659973,FALSE,0.5514417530648487,"(0.76,1.01]"
G025_R383_C1140,G025_R386_C1141,0.7905694150420949,FALSE,0.6281683838267313,"(0.76,1.01]"
G025_R383_C1141,G025_R386_C1141,0.75,FALSE,0.5740678215794423,"(0.51,0.76]"
G025_R383_C1142,G025_R386_C1141,0.7905694150420949,FALSE,0.5457374089450584,"(0.76,1.01]"
G025_R383_C1143,G025_R386_C1141,0.9013878188659973,FALSE,0.3468683914246854,"(0.76,1.01]"
G025_R383_C1144,G025_R386_C1141,1.0606601717798212,FALSE,0.0877204341226006,"(1.01,1.51]"
G025_R383_C1145,G025_R386_C1141,1.25,FALSE,-0.06802718467416295,"(1.01,1.51]"
G025_R383_C1146,G025_R386_C1141,1.4577379737113252,FALSE,-0.06029858636172177,"(1.01,1.51]"
G025_R383_C1147,G025_R386_C1141,1.6770509831248424,FALSE,-0.1286975140534923,"(1.51,Inf]"
G025_R384_C1132,G025_R386_C1141,2.3048861143232218,FALSE,0.585938852555251,"(1.51,Inf]"
G025_R384_C1133,G025_R386_C1141,2.0615528128088303,FALSE,0.5922074004788279,"(1.51,Inf]"
G025_R384_C1134,G025_R386_C1141,1.8200274723201295,FALSE,0.5941753504410158,"(1.51,Inf]"
G025_R384_C1135,G025_R386_C1141,1.5811388300841898,FALSE,0.5564358148057771,"(1.51,Inf]"
G025_R384_C1136,G025_R386_C1141,1.346291201783626,FALSE,0.5624258557807813,"(1.01,1.51]"
G025_R384_C1137,G025_R386_C1141,1.118033988749895,FALSE,0.5778365485008852,"(1.01,1.51]"
G025_R384_C1138,G025_R386_C1141,0.9013878188659973,FALSE,0.5307704078295826,"(0.76,1.01]"
G025_R384_C1139,G025_R386_C1141,0.7071067811865476,FALSE,0.6229635537871676,"(0.51,0.76]"
G025_R384_C1140,G025_R386_C1141,0.5590169943749475,FALSE,0.7090858482603535,"(0.51,0.76]"
G025_R384_C1141,G025_R386_C1141,0.5,FALSE,0.6787551315706613,"(0.26,0.51]"
G025_R384_C1142,G025_R386_C1141,0.5590169943749475,FALSE,0.5550107710891924,"(0.51,0.76]"
G025_R385_C1132,G025_R386_C1141,2.2638462845343543,FALSE,0.541579922100426,"(1.51,Inf]"
G025_R385_C1133,G025_R386_C1141,2.0155644370746373,FALSE,0.5696194499500524,"(1.51,Inf]"
G025_R385_C1134,G025_R386_C1141,1.7677669529663689,FALSE,0.5732370564334665,"(1.51,Inf]"
G025_R385_C1135,G025_R386_C1141,1.5206906325745548,FALSE,0.5540037259264629,"(1.51,Inf]"
G025_R385_C1136,G025_R386_C1141,1.2747548783981961,FALSE,0.5686426273279439,"(1.01,1.51]"
G025_R385_C1137,G025_R386_C1141,1.0307764064044151,FALSE,0.5861489614264612,"(1.01,1.51]"
G025_R385_C1138,G025_R386_C1141,0.7905694150420949,FALSE,0.6124352347084122,"(0.76,1.01]"
G025_R385_C1139,G025_R386_C1141,0.5590169943749475,FALSE,0.7190073095299672,"(0.51,0.76]"
G025_R385_C1140,G025_R386_C1141,0.3535533905932738,FALSE,0.7758215409954174,"(0.26,0.51]"
G025_R385_C1141,G025_R386_C1141,0.25,TRUE,0.744607391209442,"[0,0.26]"
G025_R385_C1142,G025_R386_C1141,0.3535533905932738,FALSE,0.6470855734097081,"(0.26,0.51]"
G025_R386_C1132,G025_R386_C1141,2.25,FALSE,0.5439877742203566,"(1.51,Inf]"
G025_R386_C1133,G025_R386_C1141,2,FALSE,0.563376574565819,"(1.51,Inf]"
G025_R386_C1134,G025_R386_C1141,1.75,FALSE,0.5639040703155517,"(1.51,Inf]"
G025_R386_C1135,G025_R386_C1141,1.5,FALSE,0.5812511365375227,"(1.01,1.51]"
G025_R386_C1136,G025_R386_C1141,1.25,FALSE,0.615938965258767,"(1.01,1.51]"
G025_R386_C1137,G025_R386_C1141,1,FALSE,0.6181089468159064,"(0.76,1.01]"
G025_R386_C1138,G025_R386_C1141,0.75,FALSE,0.6806279236249181,"(0.51,0.76]"
G025_R386_C1139,G025_R386_C1141,0.5,FALSE,0.7380995640362484,"(0.26,0.51]"
G025_R380_C1132,G025_R387_C1132,1.75,FALSE,0.7709686588916951,"(1.51,Inf]"
G025_R380_C1133,G025_R387_C1132,1.7677669529663689,FALSE,0.7524407977509453,"(1.51,Inf]"
G025_R380_C1134,G025_R387_C1132,1.8200274723201295,FALSE,0.7225266206694779,"(1.51,Inf]"
G025_R380_C1135,G025_R387_C1132,1.9039432764659772,FALSE,0.6225565858940841,"(1.51,Inf]"
G025_R380_C1143,G025_R387_C1132,3.2596012026013246,FALSE,0.0987032559623521,"(1.51,Inf]"
G025_R380_C1144,G025_R387_C1132,3.473110997362451,FALSE,0.2534750059369073,"(1.51,Inf]"
G025_R380_C1145,G025_R387_C1132,3.69120576505835,FALSE,0.11360848203554769,"(1.51,Inf]"
G025_R380_C1146,G025_R387_C1132,3.913118960624632,FALSE,0.022926025834279353,"(1.51,Inf]"
G025_R380_C1147,G025_R387_C1132,4.138236339311712,FALSE,-0.0025352184420006996,"(1.51,Inf]"
G025_R381_C1132,G025_R387_C1132,1.5,FALSE,0.8071556685138721,"(1.01,1.51]"
G025_R381_C1133,G025_R387_C1132,1.5206906325745548,FALSE,0.8074838100742249,"(1.51,Inf]"
G025_R381_C1134,G025_R387_C1132,1.5811388300841898,FALSE,0.8039721213249577,"(1.51,Inf]"
G025_R381_C1135,G025_R387_C1132,1.6770509831248424,FALSE,0.7954296329827493,"(1.51,Inf]"
G025_R381_C1143,G025_R387_C1132,3.132491021535417,FALSE,0.15003369478272222,"(1.51,Inf]"
G025_R381_C1144,G025_R387_C1132,3.3541019662496847,FALSE,0.3002443532625294,"(1.51,Inf]"
G025_R381_C1145,G025_R387_C1132,3.5794552658190883,FALSE,0.1615395976091421,"(1.51,Inf]"
G025_R381_C1146,G025_R387_C1132,3.8078865529319543,FALSE,0.11188151511117236,"(1.51,Inf]"
G025_R381_C1147,G025_R387_C1132,4.038873605350878,FALSE,0.08975765633844537,"(1.51,Inf]"
G025_R382_C1132,G025_R387_C1132,1.25,FALSE,0.8478022031653902,"(1.01,1.51]"
G025_R382_C1133,G025_R387_C1132,1.2747548783981961,FALSE,0.8263076525398366,"(1.01,1.51]"
G025_R382_C1134,G025_R387_C1132,1.346291201783626,FALSE,0.8260717766385552,"(1.01,1.51]"
G025_R382_C1135,G025_R387_C1132,1.4577379737113252,FALSE,0.8238832378883724,"(1.01,1.51]"
G025_R382_C1136,G025_R387_C1132,1.6007810593582121,FALSE,0.7651901700923146,"(1.51,Inf]"
G025_R382_C1138,G025_R387_C1132,1.9525624189766635,FALSE,0.1476615629089669,"(1.51,Inf]"
G025_R382_C1141,G025_R387_C1132,2.57390753524675,FALSE,0.30803649578368614,"(1.51,Inf]"
G025_R382_C1143,G025_R387_C1132,3.020761493398643,FALSE,0.1026906780973013,"(1.51,Inf]"
G025_R382_C1144,G025_R387_C1132,3.25,FALSE,0.12300839167073928,"(1.51,Inf]"
G025_R382_C1145,G025_R387_C1132,3.48209706929603,FALSE,0.011024502293407944,"(1.51,Inf]"
G025_R382_C1146,G025_R387_C1132,3.7165171868296265,FALSE,-0.037932459118243896,"(1.51,Inf]"
G025_R382_C1147,G025_R387_C1132,3.952847075210474,FALSE,-0.049821138349655535,"(1.51,Inf]"
G025_R383_C1132,G025_R387_C1132,1,FALSE,0.8589062640554846,"(0.76,1.01]"
G025_R383_C1133,G025_R387_C1132,1.0307764064044151,FALSE,0.8508764989620805,"(1.01,1.51]"
G025_R383_C1134,G025_R387_C1132,1.118033988749895,FALSE,0.8567901995748095,"(1.01,1.51]"
G025_R383_C1135,G025_R387_C1132,1.25,FALSE,0.8447269578502773,"(1.01,1.51]"
G025_R383_C1136,G025_R387_C1132,1.4142135623730951,FALSE,0.8278138576312967,"(1.01,1.51]"
G025_R383_C1137,G025_R387_C1132,1.6007810593582121,FALSE,0.7539865136642235,"(1.51,Inf]"
G025_R383_C1139,G025_R387_C1132,2.0155644370746373,FALSE,0.7573959461507518,"(1.51,Inf]"
G025_R383_C1140,G025_R387_C1132,2.23606797749979,FALSE,0.7470432228874739,"(1.51,Inf]"
G025_R383_C1141,G025_R387_C1132,2.462214450449026,FALSE,0.654502683262987,"(1.51,Inf]"
G025_R383_C1142,G025_R387_C1132,2.692582403567252,FALSE,0.5036683716397291,"(1.51,Inf]"
G025_R383_C1143,G025_R387_C1132,2.9261749776799064,FALSE,0.22945184453589837,"(1.51,Inf]"
G025_R383_C1144,G025_R387_C1132,3.1622776601683795,FALSE,-0.033998234721553514,"(1.51,Inf]"
G025_R383_C1145,G025_R387_C1132,3.400367627183861,FALSE,-0.051468744592732346,"(1.51,Inf]"
G025_R383_C1146,G025_R387_C1132,3.640054944640259,FALSE,-0.17588162094562915,"(1.51,Inf]"
G025_R383_C1147,G025_R387_C1132,3.881043674065006,FALSE,-0.2448303010812035,"(1.51,Inf]"
G025_R384_C1132,G025_R387_C1132,0.75,FALSE,0.8862081512432473,"(0.51,0.76]"
G025_R384_C1133,G025_R387_C1132,0.7905694150420949,FALSE,0.8711846887452662,"(0.76,1.01]"
G025_R384_C1134,G025_R387_C1132,0.9013878188659973,FALSE,0.8482200288735113,"(0.76,1.01]"
G025_R384_C1135,G025_R387_C1132,1.0606601717798212,FALSE,0.8561925420847083,"(1.01,1.51]"
G025_R384_C1136,G025_R387_C1132,1.25,FALSE,0.8522550774313578,"(1.01,1.51]"
G025_R384_C1137,G025_R387_C1132,1.4577379737113252,FALSE,0.8197892368962032,"(1.01,1.51]"
G025_R384_C1138,G025_R387_C1132,1.6770509831248424,FALSE,0.8089647670883472,"(1.51,Inf]"
G025_R384_C1139,G025_R387_C1132,1.9039432764659772,FALSE,0.8195714826483772,"(1.51,Inf]"
G025_R384_C1140,G025_R387_C1132,2.1360009363293826,FALSE,0.7182772859498137,"(1.51,Inf]"
G025_R384_C1141,G025_R387_C1132,2.3717082451262845,FALSE,0.5931700330522538,"(1.51,Inf]"
G025_R384_C1142,G025_R387_C1132,2.6100766272276377,FALSE,0.3833247649898342,"(1.51,Inf]"
G025_R385_C1132,G025_R387_C1132,0.5,FALSE,0.8955990130884716,"(0.26,0.51]"
G025_R385_C1133,G025_R387_C1132,0.5590169943749475,FALSE,0.8959203616215191,"(0.51,0.76]"
G025_R385_C1134,G025_R387_C1132,0.7071067811865476,FALSE,0.8869816257069773,"(0.51,0.76]"
G025_R385_C1135,G025_R387_C1132,0.9013878188659973,FALSE,0.874613024583274,"(0.76,1.01]"
G025_R385_C1136,G025_R387_C1132,1.118033988749895,FALSE,0.8590690968641435,"(1.01,1.51]"
G025_R385_C1137,G025_R387_C1132,1.346291201783626,FALSE,0.8304647937804607,"(1.01,1.51]"
G025_R385_C1138,G025_R387_C1132,1.5811388300841898,FALSE,0.8236789814510204,"(1.51,Inf]"
G025_R385_C1139,G025_R387_C1132,1.8200274723201295,FALSE,0.782563748879625,"(1.51,Inf]"
G025_R385_C1140,G025_R387_C1132,2.0615528128088303,FALSE,0.6535963445054843,"(1.51,Inf]"
G025_R385_C1141,G025_R387_C1132,2.3048861143232218,FALSE,0.5141158422132098,"(1.51,Inf]"
G025_R385_C1142,G025_R387_C1132,2.5495097567963922,FALSE,0.415742682618663,"(1.51,Inf]"
G025_R386_C1132,G025_R387_C1132,0.25,TRUE,0.9307064829972914,"[0,0.26]"
G025_R386_C1133,G025_R387_C1132,0.3535533905932738,FALSE,0.9384424775229215,"(0.26,0.51]"
G025_R386_C1134,G025_R387_C1132,0.5590169943749475,FALSE,0.9148260312226111,"(0.51,0.76]"
G025_R386_C1135,G025_R387_C1132,0.7905694150420949,FALSE,0.8909181204365862,"(0.76,1.01]"
G025_R386_C1136,G025_R387_C1132,1.0307764064044151,FALSE,0.8728153388562343,"(1.01,1.51]"
G025_R386_C1137,G025_R387_C1132,1.2747548783981961,FALSE,0.8229766342492816,"(1.01,1.51]"
G025_R386_C1138,G025_R387_C1132,1.5206906325745548,FALSE,0.7625611427915123,"(1.51,Inf]"
G025_R386_C1139,G025_R387_C1132,1.7677669529663689,FALSE,0.6690072010214181,"(1.51,Inf]"
G025_R386_C1141,G025_R387_C1132,2.2638462845343543,FALSE,0.5755243084361993,"(1.51,Inf]"
G025_R380_C1132,G025_R387_C1133,1.7677669529663689,FALSE,0.7649060727892437,"(1.51,Inf]"
G025_R380_C1133,G025_R387_C1133,1.75,FALSE,0.7636393557599116,"(1.51,Inf]"
G025_R380_C1134,G025_R387_C1133,1.7677669529663689,FALSE,0.7048242953696414,"(1.51,Inf]"
G025_R380_C1135,G025_R387_C1133,1.8200274723201295,FALSE,0.590774507266739,"(1.51,Inf]"
G025_R380_C1143,G025_R387_C1133,3.0516389039334255,FALSE,0.06611215770454625,"(1.51,Inf]"
G025_R380_C1144,G025_R387_C1133,3.2596012026013246,FALSE,0.27542979598052575,"(1.51,Inf]"
G025_R380_C1145,G025_R387_C1133,3.473110997362451,FALSE,0.11620940851171932,"(1.51,Inf]"
G025_R380_C1146,G025_R387_C1133,3.69120576505835,FALSE,0.03390349588504322,"(1.51,Inf]"
G025_R380_C1147,G025_R387_C1133,3.913118960624632,FALSE,0.022164216504204467,"(1.51,Inf]"
G025_R381_C1132,G025_R387_C1133,1.5206906325745548,FALSE,0.8036866056027663,"(1.51,Inf]"
G025_R381_C1133,G025_R387_C1133,1.5,FALSE,0.8081029397727258,"(1.01,1.51]"
G025_R381_C1134,G025_R387_C1133,1.5206906325745548,FALSE,0.8021024469484169,"(1.51,Inf]"
G025_R381_C1135,G025_R387_C1133,1.5811388300841898,FALSE,0.7763491715993674,"(1.51,Inf]"
G025_R381_C1143,G025_R387_C1133,2.9154759474226504,FALSE,0.13403623622300276,"(1.51,Inf]"
G025_R381_C1144,G025_R387_C1133,3.132491021535417,FALSE,0.2866761094351958,"(1.51,Inf]"
G025_R381_C1145,G025_R387_C1133,3.3541019662496847,FALSE,0.18063802582270502,"(1.51,Inf]"
G025_R381_C1146,G025_R387_C1133,3.5794552658190883,FALSE,0.12922504351797348,"(1.51,Inf]"
G025_R381_C1147,G025_R387_C1133,3.8078865529319543,FALSE,0.11045279922976481,"(1.51,Inf]"
G025_R382_C1132,G025_R387_C1133,1.2747548783981961,FALSE,0.8335691805730964,"(1.01,1.51]"
G025_R382_C1133,G025_R387_C1133,1.25,FALSE,0.8311747203080702,"(1.01,1.51]"
G025_R382_C1134,G025_R387_C1133,1.2747548783981961,FALSE,0.8375500631605881,"(1.01,1.51]"
G025_R382_C1135,G025_R387_C1133,1.346291201783626,FALSE,0.8355659545293143,"(1.01,1.51]"
G025_R382_C1136,G025_R387_C1133,1.4577379737113252,FALSE,0.7573020376015203,"(1.01,1.51]"
G025_R382_C1138,G025_R387_C1133,1.7677669529663689,FALSE,0.12103136579438327,"(1.51,Inf]"
G025_R382_C1141,G025_R387_C1133,2.358495283014151,FALSE,0.33009372439957024,"(1.51,Inf]"
G025_R382_C1143,G025_R387_C1133,2.7950849718747373,FALSE,0.1443998373282005,"(1.51,Inf]"
G025_R382_C1144,G025_R387_C1133,3.020761493398643,FALSE,0.12918226173093572,"(1.51,Inf]"
G025_R382_C1145,G025_R387_C1133,3.25,FALSE,0.03515768722642834,"(1.51,Inf]"
G025_R382_C1146,G025_R387_C1133,3.48209706929603,FALSE,-0.010427912677348826,"(1.51,Inf]"
G025_R382_C1147,G025_R387_C1133,3.7165171868296265,FALSE,-0.022500166323456798,"(1.51,Inf]"
G025_R383_C1132,G025_R387_C1133,1.0307764064044151,FALSE,0.8418276845332046,"(1.01,1.51]"
G025_R383_C1133,G025_R387_C1133,1,FALSE,0.8477906024429855,"(0.76,1.01]"
G025_R383_C1134,G025_R387_C1133,1.0307764064044151,FALSE,0.8560071731010542,"(1.01,1.51]"
G025_R383_C1135,G025_R387_C1133,1.118033988749895,FALSE,0.8343837435515706,"(1.01,1.51]"
G025_R383_C1136,G025_R387_C1133,1.25,FALSE,0.8214384380788049,"(1.01,1.51]"
G025_R383_C1137,G025_R387_C1133,1.4142135623730951,FALSE,0.7681674436728818,"(1.01,1.51]"
G025_R383_C1139,G025_R387_C1133,1.8027756377319946,FALSE,0.7651555289492186,"(1.51,Inf]"
G025_R383_C1140,G025_R387_C1133,2.0155644370746373,FALSE,0.7716865762597805,"(1.51,Inf]"
G025_R383_C1141,G025_R387_C1133,2.23606797749979,FALSE,0.6479090430044215,"(1.51,Inf]"
G025_R383_C1142,G025_R387_C1133,2.462214450449026,FALSE,0.5119985263725296,"(1.51,Inf]"
G025_R383_C1143,G025_R387_C1133,2.692582403567252,FALSE,0.22992146551830311,"(1.51,Inf]"
G025_R383_C1144,G025_R387_C1133,2.9261749776799064,FALSE,-0.032167664941140664,"(1.51,Inf]"
G025_R383_C1145,G025_R387_C1133,3.1622776601683795,FALSE,-0.06843666701967548,"(1.51,Inf]"
G025_R383_C1146,G025_R387_C1133,3.400367627183861,FALSE,-0.19079177434014238,"(1.51,Inf]"
G025_R383_C1147,G025_R387_C1133,3.640054944640259,FALSE,-0.2272606435062192,"(1.51,Inf]"
G025_R384_C1132,G025_R387_C1133,0.7905694150420949,FALSE,0.8574360489380518,"(0.76,1.01]"
G025_R384_C1133,G025_R387_C1133,0.75,FALSE,0.8672550511337045,"(0.51,0.76]"
G025_R384_C1134,G025_R387_C1133,0.7905694150420949,FALSE,0.8419008839527237,"(0.76,1.01]"
G025_R384_C1135,G025_R387_C1133,0.9013878188659973,FALSE,0.8506903325102769,"(0.76,1.01]"
G025_R384_C1136,G025_R387_C1133,1.0606601717798212,FALSE,0.8539611521235673,"(1.01,1.51]"
G025_R384_C1137,G025_R387_C1133,1.25,FALSE,0.8449803102416031,"(1.01,1.51]"
G025_R384_C1138,G025_R387_C1133,1.4577379737113252,FALSE,0.8249084035237372,"(1.01,1.51]"
G025_R384_C1139,G025_R387_C1133,1.6770509831248424,FALSE,0.8256105538084809,"(1.51,Inf]"
G025_R384_C1140,G025_R387_C1133,1.9039432764659772,FALSE,0.7227043986458533,"(1.51,Inf]"
G025_R384_C1141,G025_R387_C1133,2.1360009363293826,FALSE,0.5888306583416624,"(1.51,Inf]"
G025_R384_C1142,G025_R387_C1133,2.3717082451262845,FALSE,0.3874769874561245,"(1.51,Inf]"
G025_R385_C1132,G025_R387_C1133,0.5590169943749475,FALSE,0.8737263335244104,"(0.51,0.76]"
G025_R385_C1133,G025_R387_C1133,0.5,FALSE,0.8876733871885694,"(0.26,0.51]"
G025_R385_C1134,G025_R387_C1133,0.5590169943749475,FALSE,0.889355214513735,"(0.51,0.76]"
G025_R385_C1135,G025_R387_C1133,0.7071067811865476,FALSE,0.8823694161350907,"(0.51,0.76]"
G025_R385_C1136,G025_R387_C1133,0.9013878188659973,FALSE,0.8739905473660038,"(0.76,1.01]"
G025_R385_C1137,G025_R387_C1133,1.118033988749895,FALSE,0.8563783362380638,"(1.01,1.51]"
G025_R385_C1138,G025_R387_C1133,1.346291201783626,FALSE,0.8550640931094199,"(1.01,1.51]"
G025_R385_C1139,G025_R387_C1133,1.5811388300841898,FALSE,0.7811032627038448,"(1.51,Inf]"
G025_R385_C1140,G025_R387_C1133,1.8200274723201295,FALSE,0.6641707314846631,"(1.51,Inf]"
G025_R385_C1141,G025_R387_C1133,2.0615528128088303,FALSE,0.5296940876525653,"(1.51,Inf]"
G025_R385_C1142,G025_R387_C1133,2.3048861143232218,FALSE,0.4111735518058657,"(1.51,Inf]"
G025_R386_C1132,G025_R387_C1133,0.3535533905932738,FALSE,0.9194079614944247,"(0.26,0.51]"
G025_R386_C1133,G025_R387_C1133,0.25,TRUE,0.9501978178510416,"[0,0.26]"
G025_R386_C1134,G025_R387_C1133,0.3535533905932738,FALSE,0.9339611902122642,"(0.26,0.51]"
G025_R386_C1135,G025_R387_C1133,0.5590169943749475,FALSE,0.9115588086549181,"(0.51,0.76]"
G025_R386_C1136,G025_R387_C1133,0.7905694150420949,FALSE,0.8935503687681214,"(0.76,1.01]"
G025_R386_C1137,G025_R387_C1133,1.0307764064044151,FALSE,0.846621945411626,"(1.01,1.51]"
G025_R386_C1138,G025_R387_C1133,1.2747548783981961,FALSE,0.8038234979598805,"(1.01,1.51]"
G025_R386_C1139,G025_R387_C1133,1.5206906325745548,FALSE,0.681142684082586,"(1.51,Inf]"
G025_R386_C1141,G025_R387_C1133,2.0155644370746373,FALSE,0.5799219776569315,"(1.51,Inf]"
G025_R387_C1132,G025_R387_C1133,0.25,TRUE,0.9578151579075282,"[0,0.26]"
G025_R380_C1132,G025_R387_C1134,1.8200274723201295,FALSE,0.769970517686638,"(1.51,Inf]"
G025_R380_C1133,G025_R387_C1134,1.7677669529663689,FALSE,0.7556776405312617,"(1.51,Inf]"
G025_R380_C1134,G025_R387_C1134,1.75,FALSE,0.6792597862649137,"(1.51,Inf]"
G025_R380_C1135,G025_R387_C1134,1.7677669529663689,FALSE,0.5911010476517568,"(1.51,Inf]"
G025_R380_C1143,G025_R387_C1134,2.850438562747845,FALSE,0.09042122755741303,"(1.51,Inf]"
G025_R380_C1144,G025_R387_C1134,3.0516389039334255,FALSE,0.2920937236836368,"(1.51,Inf]"
G025_R380_C1145,G025_R387_C1134,3.2596012026013246,FALSE,0.12298421134608296,"(1.51,Inf]"
G025_R380_C1146,G025_R387_C1134,3.473110997362451,FALSE,0.05156508236933942,"(1.51,Inf]"
G025_R380_C1147,G025_R387_C1134,3.69120576505835,FALSE,0.030120681594684548,"(1.51,Inf]"
G025_R381_C1132,G025_R387_C1134,1.5811388300841898,FALSE,0.8057078127788531,"(1.51,Inf]"
G025_R381_C1133,G025_R387_C1134,1.5206906325745548,FALSE,0.807590605189788,"(1.51,Inf]"
G025_R381_C1134,G025_R387_C1134,1.5,FALSE,0.8012644953611229,"(1.01,1.51]"
G025_R381_C1135,G025_R387_C1134,1.5206906325745548,FALSE,0.7729091673855826,"(1.51,Inf]"
G025_R381_C1143,G025_R387_C1134,2.704163456597992,FALSE,0.1405473477840968,"(1.51,Inf]"
G025_R381_C1144,G025_R387_C1134,2.9154759474226504,FALSE,0.3157270741419431,"(1.51,Inf]"
G025_R381_C1145,G025_R387_C1134,3.132491021535417,FALSE,0.18538916701440122,"(1.51,Inf]"
G025_R381_C1146,G025_R387_C1134,3.3541019662496847,FALSE,0.13139835426228932,"(1.51,Inf]"
G025_R381_C1147,G025_R387_C1134,3.5794552658190883,FALSE,0.12194502240621985,"(1.51,Inf]"
G025_R382_C1132,G025_R387_C1134,1.346291201783626,FALSE,0.8372414314033166,"(1.01,1.51]"
G025_R382_C1133,G025_R387_C1134,1.2747548783981961,FALSE,0.8328868501069681,"(1.01,1.51]"
G025_R382_C1134,G025_R387_C1134,1.25,FALSE,0.8346631293683517,"(1.01,1.51]"
G025_R382_C1135,G025_R387_C1134,1.2747548783981961,FALSE,0.8288507795676688,"(1.01,1.51]"
G025_R382_C1136,G025_R387_C1134,1.346291201783626,FALSE,0.7637083008425122,"(1.01,1.51]"
G025_R382_C1138,G025_R387_C1134,1.6007810593582121,FALSE,0.11436442717400593,"(1.51,Inf]"
G025_R382_C1141,G025_R387_C1134,2.1505813167606567,FALSE,0.3600229905223721,"(1.51,Inf]"
G025_R382_C1143,G025_R387_C1134,2.57390753524675,FALSE,0.14311496152218176,"(1.51,Inf]"
G025_R382_C1144,G025_R387_C1134,2.7950849718747373,FALSE,0.15474696229423646,"(1.51,Inf]"
G025_R382_C1145,G025_R387_C1134,3.020761493398643,FALSE,0.06165345263875936,"(1.51,Inf]"
G025_R382_C1146,G025_R387_C1134,3.25,FALSE,0.012973354338908383,"(1.51,Inf]"
G025_R382_C1147,G025_R387_C1134,3.48209706929603,FALSE,-0.006536433421207611,"(1.51,Inf]"
G025_R383_C1132,G025_R387_C1134,1.118033988749895,FALSE,0.8449210153474245,"(1.01,1.51]"
G025_R383_C1133,G025_R387_C1134,1.0307764064044151,FALSE,0.8637061189706264,"(1.01,1.51]"
G025_R383_C1134,G025_R387_C1134,1,FALSE,0.8723621310639099,"(0.76,1.01]"
G025_R383_C1135,G025_R387_C1134,1.0307764064044151,FALSE,0.8577971316473118,"(1.01,1.51]"
G025_R383_C1136,G025_R387_C1134,1.118033988749895,FALSE,0.8444544317341892,"(1.01,1.51]"
G025_R383_C1137,G025_R387_C1134,1.25,FALSE,0.7993891643545247,"(1.01,1.51]"
G025_R383_C1139,G025_R387_C1134,1.6007810593582121,FALSE,0.7730568304760483,"(1.51,Inf]"
G025_R383_C1140,G025_R387_C1134,1.8027756377319946,FALSE,0.7997948270204067,"(1.51,Inf]"
G025_R383_C1141,G025_R387_C1134,2.0155644370746373,FALSE,0.6461069731854594,"(1.51,Inf]"
G025_R383_C1142,G025_R387_C1134,2.23606797749979,FALSE,0.49194934129509926,"(1.51,Inf]"
G025_R383_C1143,G025_R387_C1134,2.462214450449026,FALSE,0.23453950414225536,"(1.51,Inf]"
G025_R383_C1144,G025_R387_C1134,2.692582403567252,FALSE,-0.010323522670784553,"(1.51,Inf]"
G025_R383_C1145,G025_R387_C1134,2.9261749776799064,FALSE,-0.07281751273322108,"(1.51,Inf]"
G025_R383_C1146,G025_R387_C1134,3.1622776601683795,FALSE,-0.19780685159710254,"(1.51,Inf]"
G025_R383_C1147,G025_R387_C1134,3.400367627183861,FALSE,-0.23937378123845474,"(1.51,Inf]"
G025_R384_C1132,G025_R387_C1134,0.9013878188659973,FALSE,0.8464480724993227,"(0.76,1.01]"
G025_R384_C1133,G025_R387_C1134,0.7905694150420949,FALSE,0.8841054094640076,"(0.76,1.01]"
G025_R384_C1134,G025_R387_C1134,0.75,FALSE,0.880827312234573,"(0.51,0.76]"
G025_R384_C1135,G025_R387_C1134,0.7905694150420949,FALSE,0.8829717460975663,"(0.76,1.01]"
G025_R384_C1136,G025_R387_C1134,0.9013878188659973,FALSE,0.8728478966259977,"(0.76,1.01]"
G025_R384_C1137,G025_R387_C1134,1.0606601717798212,FALSE,0.8400395078255131,"(1.01,1.51]"
G025_R384_C1138,G025_R387_C1134,1.25,FALSE,0.8153990603570406,"(1.01,1.51]"
G025_R384_C1139,G025_R387_C1134,1.4577379737113252,FALSE,0.8318033234628813,"(1.01,1.51]"
G025_R384_C1140,G025_R387_C1134,1.6770509831248424,FALSE,0.7464010340967607,"(1.51,Inf]"
G025_R384_C1141,G025_R387_C1134,1.9039432764659772,FALSE,0.5827998703712242,"(1.51,Inf]"
G025_R384_C1142,G025_R387_C1134,2.1360009363293826,FALSE,0.35980248737413373,"(1.51,Inf]"
G025_R385_C1132,G025_R387_C1134,0.7071067811865476,FALSE,0.8936917563856266,"(0.51,0.76]"
G025_R385_C1133,G025_R387_C1134,0.5590169943749475,FALSE,0.90875886157621,"(0.51,0.76]"
G025_R385_C1134,G025_R387_C1134,0.5,FALSE,0.9104232301221726,"(0.26,0.51]"
G025_R385_C1135,G025_R387_C1134,0.5590169943749475,FALSE,0.9216865538577588,"(0.51,0.76]"
G025_R385_C1136,G025_R387_C1134,0.7071067811865476,FALSE,0.8981990804562165,"(0.51,0.76]"
G025_R385_C1137,G025_R387_C1134,0.9013878188659973,FALSE,0.8463385236520835,"(0.76,1.01]"
G025_R385_C1138,G025_R387_C1134,1.118033988749895,FALSE,0.8545909615463246,"(1.01,1.51]"
G025_R385_C1139,G025_R387_C1134,1.346291201783626,FALSE,0.7915410562151262,"(1.01,1.51]"
G025_R385_C1140,G025_R387_C1134,1.5811388300841898,FALSE,0.6450492587677431,"(1.51,Inf]"
G025_R385_C1141,G025_R387_C1134,1.8200274723201295,FALSE,0.49461248851885653,"(1.51,Inf]"
G025_R385_C1142,G025_R387_C1134,2.0615528128088303,FALSE,0.4265533738159028,"(1.51,Inf]"
G025_R386_C1132,G025_R387_C1134,0.5590169943749475,FALSE,0.915457283627757,"(0.51,0.76]"
G025_R386_C1133,G025_R387_C1134,0.3535533905932738,FALSE,0.9498420081279563,"(0.26,0.51]"
G025_R386_C1134,G025_R387_C1134,0.25,TRUE,0.9623794844220418,"[0,0.26]"
G025_R386_C1135,G025_R387_C1134,0.3535533905932738,FALSE,0.9533746861503979,"(0.26,0.51]"
G025_R386_C1136,G025_R387_C1134,0.5590169943749475,FALSE,0.9151046888651077,"(0.51,0.76]"
G025_R386_C1137,G025_R387_C1134,0.7905694150420949,FALSE,0.8441184369373935,"(0.76,1.01]"
G025_R386_C1138,G025_R387_C1134,1.0307764064044151,FALSE,0.8047028340192064,"(1.01,1.51]"
G025_R386_C1139,G025_R387_C1134,1.2747548783981961,FALSE,0.6930096021548121,"(1.01,1.51]"
G025_R386_C1141,G025_R387_C1134,1.7677669529663689,FALSE,0.5783656718629986,"(1.51,Inf]"
G025_R387_C1132,G025_R387_C1134,0.5,FALSE,0.9214657413208571,"(0.26,0.51]"
G025_R387_C1133,G025_R387_C1134,0.25,TRUE,0.9560306939182815,"[0,0.26]"
G025_R380_C1132,G025_R387_C1135,1.9039432764659772,FALSE,0.7696800151427882,"(1.51,Inf]"
G025_R380_C1133,G025_R387_C1135,1.8200274723201295,FALSE,0.755688858261253,"(1.51,Inf]"
G025_R380_C1134,G025_R387_C1135,1.7677669529663689,FALSE,0.6803150921785664,"(1.51,Inf]"
G025_R380_C1135,G025_R387_C1135,1.75,FALSE,0.6116881664796064,"(1.51,Inf]"
G025_R380_C1143,G025_R387_C1135,2.6575364531836625,FALSE,0.0765128764764616,"(1.51,Inf]"
G025_R380_C1144,G025_R387_C1135,2.850438562747845,FALSE,0.2873465878710635,"(1.51,Inf]"
G025_R380_C1145,G025_R387_C1135,3.0516389039334255,FALSE,0.13093895668089436,"(1.51,Inf]"
G025_R380_C1146,G025_R387_C1135,3.2596012026013246,FALSE,0.03668117377794001,"(1.51,Inf]"
G025_R380_C1147,G025_R387_C1135,3.473110997362451,FALSE,0.011984774575003918,"(1.51,Inf]"
G025_R381_C1132,G025_R387_C1135,1.6770509831248424,FALSE,0.8033114758871333,"(1.51,Inf]"
G025_R381_C1133,G025_R387_C1135,1.5811388300841898,FALSE,0.8042450359462657,"(1.51,Inf]"
G025_R381_C1134,G025_R387_C1135,1.5206906325745548,FALSE,0.7971884860055081,"(1.51,Inf]"
G025_R381_C1135,G025_R387_C1135,1.5,FALSE,0.782942160598795,"(1.01,1.51]"
G025_R381_C1143,G025_R387_C1135,2.5,FALSE,0.15613045821955407,"(1.51,Inf]"
G025_R381_C1144,G025_R387_C1135,2.704163456597992,FALSE,0.34385512380706695,"(1.51,Inf]"
G025_R381_C1145,G025_R387_C1135,2.9154759474226504,FALSE,0.19872632855464303,"(1.51,Inf]"
G025_R381_C1146,G025_R387_C1135,3.132491021535417,FALSE,0.14515670807998218,"(1.51,Inf]"
G025_R381_C1147,G025_R387_C1135,3.3541019662496847,FALSE,0.0968596629407749,"(1.51,Inf]"
G025_R382_C1132,G025_R387_C1135,1.4577379737113252,FALSE,0.8245554312074924,"(1.01,1.51]"
G025_R382_C1133,G025_R387_C1135,1.346291201783626,FALSE,0.8278097726457541,"(1.01,1.51]"
G025_R382_C1134,G025_R387_C1135,1.2747548783981961,FALSE,0.8315927890727213,"(1.01,1.51]"
G025_R382_C1135,G025_R387_C1135,1.25,FALSE,0.8329228551484379,"(1.01,1.51]"
G025_R382_C1136,G025_R387_C1135,1.2747548783981961,FALSE,0.7888765384368142,"(1.01,1.51]"
G025_R382_C1138,G025_R387_C1135,1.4577379737113252,FALSE,0.10828213644946932,"(1.01,1.51]"
G025_R382_C1141,G025_R387_C1135,1.9525624189766635,FALSE,0.3889856399113969,"(1.51,Inf]"
G025_R382_C1143,G025_R387_C1135,2.358495283014151,FALSE,0.1741302418345626,"(1.51,Inf]"
G025_R382_C1144,G025_R387_C1135,2.57390753524675,FALSE,0.15428981400170835,"(1.51,Inf]"
G025_R382_C1145,G025_R387_C1135,2.7950849718747373,FALSE,0.05715760023076374,"(1.51,Inf]"
G025_R382_C1146,G025_R387_C1135,3.020761493398643,FALSE,-0.01731622840979363,"(1.51,Inf]"
G025_R382_C1147,G025_R387_C1135,3.25,FALSE,-0.040374592016718544,"(1.51,Inf]"
G025_R383_C1132,G025_R387_C1135,1.25,FALSE,0.834901795884769,"(1.01,1.51]"
G025_R383_C1133,G025_R387_C1135,1.118033988749895,FALSE,0.8610858778513912,"(1.01,1.51]"
G025_R383_C1134,G025_R387_C1135,1.0307764064044151,FALSE,0.8652403067329683,"(1.01,1.51]"
G025_R383_C1135,G025_R387_C1135,1,FALSE,0.8530094859395475,"(0.76,1.01]"
G025_R383_C1136,G025_R387_C1135,1.0307764064044151,FALSE,0.8555926331265249,"(1.01,1.51]"
G025_R383_C1137,G025_R387_C1135,1.118033988749895,FALSE,0.8136574961319415,"(1.01,1.51]"
G025_R383_C1139,G025_R387_C1135,1.4142135623730951,FALSE,0.7714459541420153,"(1.01,1.51]"
G025_R383_C1140,G025_R387_C1135,1.6007810593582121,FALSE,0.8147675159425072,"(1.51,Inf]"
G025_R383_C1141,G025_R387_C1135,1.8027756377319946,FALSE,0.6736709583358567,"(1.51,Inf]"
G025_R383_C1142,G025_R387_C1135,2.0155644370746373,FALSE,0.5212588006840362,"(1.51,Inf]"
G025_R383_C1143,G025_R387_C1135,2.23606797749979,FALSE,0.21208727830998567,"(1.51,Inf]"
G025_R383_C1144,G025_R387_C1135,2.462214450449026,FALSE,-0.003908291796473303,"(1.51,Inf]"
G025_R383_C1145,G025_R387_C1135,2.692582403567252,FALSE,-0.0983652033380679,"(1.51,Inf]"
G025_R383_C1146,G025_R387_C1135,2.9261749776799064,FALSE,-0.17953876428651439,"(1.51,Inf]"
G025_R383_C1147,G025_R387_C1135,3.1622776601683795,FALSE,-0.23985876160956857,"(1.51,Inf]"
G025_R384_C1132,G025_R387_C1135,1.0606601717798212,FALSE,0.8295424789837855,"(1.01,1.51]"
G025_R384_C1133,G025_R387_C1135,0.9013878188659973,FALSE,0.8591556946388996,"(0.76,1.01]"
G025_R384_C1134,G025_R387_C1135,0.7905694150420949,FALSE,0.8681915685721555,"(0.76,1.01]"
G025_R384_C1135,G025_R387_C1135,0.75,FALSE,0.8697099988042725,"(0.51,0.76]"
G025_R384_C1136,G025_R387_C1135,0.7905694150420949,FALSE,0.8817755382762295,"(0.76,1.01]"
G025_R384_C1137,G025_R387_C1135,0.9013878188659973,FALSE,0.8579875515922127,"(0.76,1.01]"
G025_R384_C1138,G025_R387_C1135,1.0606601717798212,FALSE,0.8160242586721208,"(1.01,1.51]"
G025_R384_C1139,G025_R387_C1135,1.25,FALSE,0.8353889708765846,"(1.01,1.51]"
G025_R384_C1140,G025_R387_C1135,1.4577379737113252,FALSE,0.7703320177099879,"(1.01,1.51]"
G025_R384_C1141,G025_R387_C1135,1.6770509831248424,FALSE,0.602492150587707,"(1.51,Inf]"
G025_R384_C1142,G025_R387_C1135,1.9039432764659772,FALSE,0.37024732322517095,"(1.51,Inf]"
G025_R385_C1132,G025_R387_C1135,0.9013878188659973,FALSE,0.8641381752200116,"(0.76,1.01]"
G025_R385_C1133,G025_R387_C1135,0.7071067811865476,FALSE,0.8785708549963124,"(0.51,0.76]"
G025_R385_C1134,G025_R387_C1135,0.5590169943749475,FALSE,0.8872707085459096,"(0.51,0.76]"
G025_R385_C1135,G025_R387_C1135,0.5,FALSE,0.9102452942936781,"(0.26,0.51]"
G025_R385_C1136,G025_R387_C1135,0.5590169943749475,FALSE,0.9124067653205529,"(0.51,0.76]"
G025_R385_C1137,G025_R387_C1135,0.7071067811865476,FALSE,0.8579751180180186,"(0.51,0.76]"
G025_R385_C1138,G025_R387_C1135,0.9013878188659973,FALSE,0.8665483345775428,"(0.76,1.01]"
G025_R385_C1139,G025_R387_C1135,1.118033988749895,FALSE,0.8047035631232999,"(1.01,1.51]"
G025_R385_C1140,G025_R387_C1135,1.346291201783626,FALSE,0.6603349301375034,"(1.01,1.51]"
G025_R385_C1141,G025_R387_C1135,1.5811388300841898,FALSE,0.5200074919114168,"(1.51,Inf]"
G025_R385_C1142,G025_R387_C1135,1.8200274723201295,FALSE,0.43578320628615547,"(1.51,Inf]"
G025_R386_C1132,G025_R387_C1135,0.7905694150420949,FALSE,0.8845988841856365,"(0.76,1.01]"
G025_R386_C1133,G025_R387_C1135,0.5590169943749475,FALSE,0.915329451947033,"(0.51,0.76]"
G025_R386_C1134,G025_R387_C1135,0.3535533905932738,FALSE,0.9394177135279264,"(0.26,0.51]"
G025_R386_C1135,G025_R387_C1135,0.25,TRUE,0.9461143751670392,"[0,0.26]"
G025_R386_C1136,G025_R387_C1135,0.3535533905932738,FALSE,0.9296567086197558,"(0.26,0.51]"
G025_R386_C1137,G025_R387_C1135,0.5590169943749475,FALSE,0.8643746619594246,"(0.51,0.76]"
G025_R386_C1138,G025_R387_C1135,0.7905694150420949,FALSE,0.8337406918129614,"(0.76,1.01]"
G025_R386_C1139,G025_R387_C1135,1.0307764064044151,FALSE,0.7206696677694954,"(1.01,1.51]"
G025_R386_C1141,G025_R387_C1135,1.5206906325745548,FALSE,0.5879072606206444,"(1.51,Inf]"
G025_R387_C1132,G025_R387_C1135,0.75,FALSE,0.8793980327609109,"(0.51,0.76]"
G025_R387_C1133,G025_R387_C1135,0.5,FALSE,0.9155881894163486,"(0.26,0.51]"
G025_R387_C1134,G025_R387_C1135,0.25,TRUE,0.9663241761311718,"[0,0.26]"
G025_R380_C1132,G025_R387_C1136,2.0155644370746373,FALSE,0.7655282521180309,"(1.51,Inf]"
G025_R380_C1133,G025_R387_C1136,1.9039432764659772,FALSE,0.7416938171534039,"(1.51,Inf]"
G025_R380_C1134,G025_R387_C1136,1.8200274723201295,FALSE,0.6601647967585672,"(1.51,Inf]"
G025_R380_C1135,G025_R387_C1136,1.7677669529663689,FALSE,0.5966524510954293,"(1.51,Inf]"
G025_R380_C1143,G025_R387_C1136,2.4748737341529163,FALSE,0.10348852806325931,"(1.51,Inf]"
G025_R380_C1144,G025_R387_C1136,2.6575364531836625,FALSE,0.27944529185501765,"(1.51,Inf]"
G025_R380_C1145,G025_R387_C1136,2.850438562747845,FALSE,0.12477678962607643,"(1.51,Inf]"
G025_R380_C1146,G025_R387_C1136,3.0516389039334255,FALSE,0.025749874171906696,"(1.51,Inf]"
G025_R380_C1147,G025_R387_C1136,3.2596012026013246,FALSE,-0.014722532716302177,"(1.51,Inf]"
G025_R381_C1132,G025_R387_C1136,1.8027756377319946,FALSE,0.7989343668449164,"(1.51,Inf]"
G025_R381_C1133,G025_R387_C1136,1.6770509831248424,FALSE,0.8015409526738243,"(1.51,Inf]"
G025_R381_C1134,G025_R387_C1136,1.5811388300841898,FALSE,0.7740335052058199,"(1.51,Inf]"
G025_R381_C1135,G025_R387_C1136,1.5206906325745548,FALSE,0.7738951863223549,"(1.51,Inf]"
G025_R381_C1143,G025_R387_C1136,2.3048861143232218,FALSE,0.15082057733073212,"(1.51,Inf]"
G025_R381_C1144,G025_R387_C1136,2.5,FALSE,0.32558452035017554,"(1.51,Inf]"
G025_R381_C1145,G025_R387_C1136,2.704163456597992,FALSE,0.18248710287954253,"(1.51,Inf]"
G025_R381_C1146,G025_R387_C1136,2.9154759474226504,FALSE,0.1286810065665579,"(1.51,Inf]"
G025_R381_C1147,G025_R387_C1136,3.132491021535417,FALSE,0.08285541368493818,"(1.51,Inf]"
G025_R382_C1132,G025_R387_C1136,1.6007810593582121,FALSE,0.8141621122354222,"(1.51,Inf]"
G025_R382_C1133,G025_R387_C1136,1.4577379737113252,FALSE,0.820946891670498,"(1.01,1.51]"
G025_R382_C1134,G025_R387_C1136,1.346291201783626,FALSE,0.829904933907967,"(1.01,1.51]"
G025_R382_C1135,G025_R387_C1136,1.2747548783981961,FALSE,0.8374711764745971,"(1.01,1.51]"
G025_R382_C1136,G025_R387_C1136,1.25,FALSE,0.7973548379485367,"(1.01,1.51]"
G025_R382_C1138,G025_R387_C1136,1.346291201783626,FALSE,0.11702166190630338,"(1.01,1.51]"
G025_R382_C1141,G025_R387_C1136,1.7677669529663689,FALSE,0.40742584421257416,"(1.51,Inf]"
G025_R382_C1143,G025_R387_C1136,2.1505813167606567,FALSE,0.22083641724875316,"(1.51,Inf]"
G025_R382_C1144,G025_R387_C1136,2.358495283014151,FALSE,0.16856434027532682,"(1.51,Inf]"
G025_R382_C1145,G025_R387_C1136,2.57390753524675,FALSE,0.05744173633128838,"(1.51,Inf]"
G025_R382_C1146,G025_R387_C1136,2.7950849718747373,FALSE,-0.023636242609716862,"(1.51,Inf]"
G025_R382_C1147,G025_R387_C1136,3.020761493398643,FALSE,-0.06558490342929431,"(1.51,Inf]"
G025_R383_C1132,G025_R387_C1136,1.4142135623730951,FALSE,0.8130896997938512,"(1.01,1.51]"
G025_R383_C1133,G025_R387_C1136,1.25,FALSE,0.8416081735064813,"(1.01,1.51]"
G025_R383_C1134,G025_R387_C1136,1.118033988749895,FALSE,0.8558186416179083,"(1.01,1.51]"
G025_R383_C1135,G025_R387_C1136,1.0307764064044151,FALSE,0.8621932511977947,"(1.01,1.51]"
G025_R383_C1136,G025_R387_C1136,1,FALSE,0.8661308934808173,"(0.76,1.01]"
G025_R383_C1137,G025_R387_C1136,1.0307764064044151,FALSE,0.819530443864387,"(1.01,1.51]"
G025_R383_C1139,G025_R387_C1136,1.25,FALSE,0.7662977487301175,"(1.01,1.51]"
G025_R383_C1140,G025_R387_C1136,1.4142135623730951,FALSE,0.8182641708276889,"(1.01,1.51]"
G025_R383_C1141,G025_R387_C1136,1.6007810593582121,FALSE,0.6976658573233964,"(1.51,Inf]"
G025_R383_C1142,G025_R387_C1136,1.8027756377319946,FALSE,0.5326890975197905,"(1.51,Inf]"
G025_R383_C1143,G025_R387_C1136,2.0155644370746373,FALSE,0.22552850048364104,"(1.51,Inf]"
G025_R383_C1144,G025_R387_C1136,2.23606797749979,FALSE,-0.01664146844125661,"(1.51,Inf]"
G025_R383_C1145,G025_R387_C1136,2.462214450449026,FALSE,-0.05905273225168904,"(1.51,Inf]"
G025_R383_C1146,G025_R387_C1136,2.692582403567252,FALSE,-0.17209392370250162,"(1.51,Inf]"
G025_R383_C1147,G025_R387_C1136,2.9261749776799064,FALSE,-0.24097329944832796,"(1.51,Inf]"
G025_R384_C1132,G025_R387_C1136,1.25,FALSE,0.8002560810872874,"(1.01,1.51]"
G025_R384_C1133,G025_R387_C1136,1.0606601717798212,FALSE,0.8404922992835095,"(1.01,1.51]"
G025_R384_C1134,G025_R387_C1136,0.9013878188659973,FALSE,0.8475374939900869,"(0.76,1.01]"
G025_R384_C1135,G025_R387_C1136,0.7905694150420949,FALSE,0.8608138628205508,"(0.76,1.01]"
G025_R384_C1136,G025_R387_C1136,0.75,FALSE,0.8849780660490774,"(0.51,0.76]"
G025_R384_C1137,G025_R387_C1136,0.7905694150420949,FALSE,0.8697257526814867,"(0.76,1.01]"
G025_R384_C1138,G025_R387_C1136,0.9013878188659973,FALSE,0.8373662846976804,"(0.76,1.01]"
G025_R384_C1139,G025_R387_C1136,1.0606601717798212,FALSE,0.853532651316532,"(1.01,1.51]"
G025_R384_C1140,G025_R387_C1136,1.25,FALSE,0.8020094753263254,"(1.01,1.51]"
G025_R384_C1141,G025_R387_C1136,1.4577379737113252,FALSE,0.6496012235178557,"(1.01,1.51]"
G025_R384_C1142,G025_R387_C1136,1.6770509831248424,FALSE,0.40909285599634304,"(1.51,Inf]"
G025_R385_C1132,G025_R387_C1136,1.118033988749895,FALSE,0.8410856686765149,"(1.01,1.51]"
G025_R385_C1133,G025_R387_C1136,0.9013878188659973,FALSE,0.8578352036121321,"(0.76,1.01]"
G025_R385_C1134,G025_R387_C1136,0.7071067811865476,FALSE,0.8709938761272892,"(0.51,0.76]"
G025_R385_C1135,G025_R387_C1136,0.5590169943749475,FALSE,0.8899766895408798,"(0.51,0.76]"
G025_R385_C1136,G025_R387_C1136,0.5,FALSE,0.9133276232495006,"(0.26,0.51]"
G025_R385_C1137,G025_R387_C1136,0.5590169943749475,FALSE,0.8802487003470485,"(0.51,0.76]"
G025_R385_C1138,G025_R387_C1136,0.7071067811865476,FALSE,0.8823219722213584,"(0.51,0.76]"
G025_R385_C1139,G025_R387_C1136,0.9013878188659973,FALSE,0.8256173769483034,"(0.76,1.01]"
G025_R385_C1140,G025_R387_C1136,1.118033988749895,FALSE,0.7007985486889511,"(1.01,1.51]"
G025_R385_C1141,G025_R387_C1136,1.346291201783626,FALSE,0.5631425019542646,"(1.01,1.51]"
G025_R385_C1142,G025_R387_C1136,1.5811388300841898,FALSE,0.44706497919423377,"(1.51,Inf]"
G025_R386_C1132,G025_R387_C1136,1.0307764064044151,FALSE,0.8460527651568712,"(1.01,1.51]"
G025_R386_C1133,G025_R387_C1136,0.7905694150420949,FALSE,0.871894820059444,"(0.76,1.01]"
G025_R386_C1134,G025_R387_C1136,0.5590169943749475,FALSE,0.8957040072296178,"(0.51,0.76]"
G025_R386_C1135,G025_R387_C1136,0.3535533905932738,FALSE,0.9231231223310548,"(0.26,0.51]"
G025_R386_C1136,G025_R387_C1136,0.25,TRUE,0.9537686533174228,"[0,0.26]"
G025_R386_C1137,G025_R387_C1136,0.3535533905932738,FALSE,0.9102027766614029,"(0.26,0.51]"
G025_R386_C1138,G025_R387_C1136,0.5590169943749475,FALSE,0.8702704122840893,"(0.51,0.76]"
G025_R386_C1139,G025_R387_C1136,0.7905694150420949,FALSE,0.746881794758116,"(0.76,1.01]"
G025_R386_C1141,G025_R387_C1136,1.2747548783981961,FALSE,0.577288499983462,"(1.01,1.51]"
G025_R387_C1132,G025_R387_C1136,1,FALSE,0.8468425970590633,"(0.76,1.01]"
G025_R387_C1133,G025_R387_C1136,0.75,FALSE,0.8769701746457083,"(0.51,0.76]"
G025_R387_C1134,G025_R387_C1136,0.5,FALSE,0.9129386978707669,"(0.26,0.51]"
G025_R387_C1135,G025_R387_C1136,0.25,TRUE,0.9526223623787593,"[0,0.26]"
G025_R380_C1132,G025_R387_C1137,2.1505813167606567,FALSE,0.7182598633484394,"(1.51,Inf]"
G025_R380_C1133,G025_R387_C1137,2.0155644370746373,FALSE,0.7081523459035678,"(1.51,Inf]"
G025_R380_C1134,G025_R387_C1137,1.9039432764659772,FALSE,0.6745486200106435,"(1.51,Inf]"
G025_R380_C1135,G025_R387_C1137,1.8200274723201295,FALSE,0.6065664271203113,"(1.51,Inf]"
G025_R380_C1143,G025_R387_C1137,2.3048861143232218,FALSE,0.08091322486915832,"(1.51,Inf]"
G025_R380_C1144,G025_R387_C1137,2.4748737341529163,FALSE,0.2794505254473237,"(1.51,Inf]"
G025_R380_C1145,G025_R387_C1137,2.6575364531836625,FALSE,0.1469716865466549,"(1.51,Inf]"
G025_R380_C1146,G025_R387_C1137,2.850438562747845,FALSE,0.03518429387489444,"(1.51,Inf]"
G025_R380_C1147,G025_R387_C1137,3.0516389039334255,FALSE,-0.0561284238355068,"(1.51,Inf]"
G025_R381_C1132,G025_R387_C1137,1.9525624189766635,FALSE,0.7644958821522452,"(1.51,Inf]"
G025_R381_C1133,G025_R387_C1137,1.8027756377319946,FALSE,0.7532440443309499,"(1.51,Inf]"
G025_R381_C1134,G025_R387_C1137,1.6770509831248424,FALSE,0.7423580408863124,"(1.51,Inf]"
G025_R381_C1135,G025_R387_C1137,1.5811388300841898,FALSE,0.7603574956065575,"(1.51,Inf]"
G025_R381_C1143,G025_R387_C1137,2.1213203435596424,FALSE,0.18081133860745696,"(1.51,Inf]"
G025_R381_C1144,G025_R387_C1137,2.3048861143232218,FALSE,0.36125643684798164,"(1.51,Inf]"
G025_R381_C1145,G025_R387_C1137,2.5,FALSE,0.20672199849270267,"(1.51,Inf]"
G025_R381_C1146,G025_R387_C1137,2.704163456597992,FALSE,0.1705145016580055,"(1.51,Inf]"
G025_R381_C1147,G025_R387_C1137,2.9154759474226504,FALSE,0.09044049709956933,"(1.51,Inf]"
G025_R382_C1132,G025_R387_C1137,1.7677669529663689,FALSE,0.7841412558707002,"(1.51,Inf]"
G025_R382_C1133,G025_R387_C1137,1.6007810593582121,FALSE,0.784471689021541,"(1.51,Inf]"
G025_R382_C1134,G025_R387_C1137,1.4577379737113252,FALSE,0.7867110190354657,"(1.01,1.51]"
G025_R382_C1135,G025_R387_C1137,1.346291201783626,FALSE,0.7857019261194459,"(1.01,1.51]"
G025_R382_C1136,G025_R387_C1137,1.2747548783981961,FALSE,0.7735903727387107,"(1.01,1.51]"
G025_R382_C1138,G025_R387_C1137,1.2747548783981961,FALSE,0.19145265558916755,"(1.01,1.51]"
G025_R382_C1141,G025_R387_C1137,1.6007810593582121,FALSE,0.41206596415725705,"(1.51,Inf]"
G025_R382_C1143,G025_R387_C1137,1.9525624189766635,FALSE,0.22292775847824345,"(1.51,Inf]"
G025_R382_C1144,G025_R387_C1137,2.1505813167606567,FALSE,0.1921675578503496,"(1.51,Inf]"
G025_R382_C1145,G025_R387_C1137,2.358495283014151,FALSE,0.0699395788089556,"(1.51,Inf]"
G025_R382_C1146,G025_R387_C1137,2.57390753524675,FALSE,-0.051657153172250184,"(1.51,Inf]"
G025_R382_C1147,G025_R387_C1137,2.7950849718747373,FALSE,-0.06553707758365761,"(1.51,Inf]"
G025_R383_C1132,G025_R387_C1137,1.6007810593582121,FALSE,0.7767667105810261,"(1.51,Inf]"
G025_R383_C1133,G025_R387_C1137,1.4142135623730951,FALSE,0.800969748916773,"(1.01,1.51]"
G025_R383_C1134,G025_R387_C1137,1.25,FALSE,0.8149206395025627,"(1.01,1.51]"
G025_R383_C1135,G025_R387_C1137,1.118033988749895,FALSE,0.8184133075372828,"(1.01,1.51]"
G025_R383_C1136,G025_R387_C1137,1.0307764064044151,FALSE,0.8189853005438075,"(1.01,1.51]"
G025_R383_C1137,G025_R387_C1137,1,FALSE,0.7793922029413918,"(0.76,1.01]"
G025_R383_C1139,G025_R387_C1137,1.118033988749895,FALSE,0.7690510959016613,"(1.01,1.51]"
G025_R383_C1140,G025_R387_C1137,1.25,FALSE,0.8162172081483524,"(1.01,1.51]"
G025_R383_C1141,G025_R387_C1137,1.4142135623730951,FALSE,0.7622661727677505,"(1.01,1.51]"
G025_R383_C1142,G025_R387_C1137,1.6007810593582121,FALSE,0.5929186178386686,"(1.51,Inf]"
G025_R383_C1143,G025_R387_C1137,1.8027756377319946,FALSE,0.25918957657529423,"(1.51,Inf]"
G025_R383_C1144,G025_R387_C1137,2.0155644370746373,FALSE,-0.006035956245568665,"(1.51,Inf]"
G025_R383_C1145,G025_R387_C1137,2.23606797749979,FALSE,-0.03282790646701818,"(1.51,Inf]"
G025_R383_C1146,G025_R387_C1137,2.462214450449026,FALSE,-0.1579577878372161,"(1.51,Inf]"
G025_R383_C1147,G025_R387_C1137,2.692582403567252,FALSE,-0.22834755376689286,"(1.51,Inf]"
G025_R384_C1132,G025_R387_C1137,1.4577379737113252,FALSE,0.7545993077842874,"(1.01,1.51]"
G025_R384_C1133,G025_R387_C1137,1.25,FALSE,0.7938342935513961,"(1.01,1.51]"
G025_R384_C1134,G025_R387_C1137,1.0606601717798212,FALSE,0.8037280790316564,"(1.01,1.51]"
G025_R384_C1135,G025_R387_C1137,0.9013878188659973,FALSE,0.8052116597658203,"(0.76,1.01]"
G025_R384_C1136,G025_R387_C1137,0.7905694150420949,FALSE,0.840887693839419,"(0.76,1.01]"
G025_R384_C1137,G025_R387_C1137,0.75,FALSE,0.8446244880221611,"(0.51,0.76]"
G025_R384_C1138,G025_R387_C1137,0.7905694150420949,FALSE,0.8152182258517555,"(0.76,1.01]"
G025_R384_C1139,G025_R387_C1137,0.9013878188659973,FALSE,0.8553691306619192,"(0.76,1.01]"
G025_R384_C1140,G025_R387_C1137,1.0606601717798212,FALSE,0.8332689721005744,"(1.01,1.51]"
G025_R384_C1141,G025_R387_C1137,1.25,FALSE,0.7163334145367504,"(1.01,1.51]"
G025_R384_C1142,G025_R387_C1137,1.4577379737113252,FALSE,0.47820451904949096,"(1.01,1.51]"
G025_R385_C1132,G025_R387_C1137,1.346291201783626,FALSE,0.776295689490848,"(1.01,1.51]"
G025_R385_C1133,G025_R387_C1137,1.118033988749895,FALSE,0.8056819273944664,"(1.01,1.51]"
G025_R385_C1134,G025_R387_C1137,0.9013878188659973,FALSE,0.8164651871260886,"(0.76,1.01]"
G025_R385_C1135,G025_R387_C1137,0.7071067811865476,FALSE,0.8312905419663057,"(0.51,0.76]"
G025_R385_C1136,G025_R387_C1137,0.5590169943749475,FALSE,0.8781561575205321,"(0.51,0.76]"
G025_R385_C1137,G025_R387_C1137,0.5,FALSE,0.8744875143683483,"(0.26,0.51]"
G025_R385_C1138,G025_R387_C1137,0.5590169943749475,FALSE,0.8791048444455727,"(0.51,0.76]"
G025_R385_C1139,G025_R387_C1137,0.7071067811865476,FALSE,0.8644541216241022,"(0.51,0.76]"
G025_R385_C1140,G025_R387_C1137,0.9013878188659973,FALSE,0.7751456161103768,"(0.76,1.01]"
G025_R385_C1141,G025_R387_C1137,1.118033988749895,FALSE,0.6369472281486598,"(1.01,1.51]"
G025_R385_C1142,G025_R387_C1137,1.346291201783626,FALSE,0.4641465566678529,"(1.01,1.51]"
G025_R386_C1132,G025_R387_C1137,1.2747548783981961,FALSE,0.7878541361276076,"(1.01,1.51]"
G025_R386_C1133,G025_R387_C1137,1.0307764064044151,FALSE,0.8182284186622671,"(1.01,1.51]"
G025_R386_C1134,G025_R387_C1137,0.7905694150420949,FALSE,0.8296243989155827,"(0.76,1.01]"
G025_R386_C1135,G025_R387_C1137,0.5590169943749475,FALSE,0.8669164587424172,"(0.51,0.76]"
G025_R386_C1136,G025_R387_C1137,0.3535533905932738,FALSE,0.913242657146208,"(0.26,0.51]"
G025_R386_C1137,G025_R387_C1137,0.25,TRUE,0.9371063956455894,"[0,0.26]"
G025_R386_C1138,G025_R387_C1137,0.3535533905932738,FALSE,0.9155570213978707,"(0.26,0.51]"
G025_R386_C1139,G025_R387_C1137,0.5590169943749475,FALSE,0.8164352888523491,"(0.51,0.76]"
G025_R386_C1141,G025_R387_C1137,1.0307764064044151,FALSE,0.6312906885193218,"(1.01,1.51]"
G025_R387_C1132,G025_R387_C1137,1.25,FALSE,0.8145599496440609,"(1.01,1.51]"
G025_R387_C1133,G025_R387_C1137,1,FALSE,0.8282218912222127,"(0.76,1.01]"
G025_R387_C1134,G025_R387_C1137,0.75,FALSE,0.8440479830197262,"(0.51,0.76]"
G025_R387_C1135,G025_R387_C1137,0.5,FALSE,0.8829525067905192,"(0.26,0.51]"
G025_R387_C1136,G025_R387_C1137,0.25,TRUE,0.9292841908129921,"[0,0.26]"
G025_R380_C1132,G025_R387_C1138,2.3048861143232218,FALSE,0.6793242142765872,"(1.51,Inf]"
G025_R380_C1133,G025_R387_C1138,2.1505813167606567,FALSE,0.6493956640774409,"(1.51,Inf]"
G025_R380_C1134,G025_R387_C1138,2.0155644370746373,FALSE,0.6194724513996499,"(1.51,Inf]"
G025_R380_C1135,G025_R387_C1138,1.9039432764659772,FALSE,0.5560747855802738,"(1.51,Inf]"
G025_R380_C1143,G025_R387_C1138,2.1505813167606567,FALSE,0.13260167770109973,"(1.51,Inf]"
G025_R380_C1144,G025_R387_C1138,2.3048861143232218,FALSE,0.26776235294344924,"(1.51,Inf]"
G025_R380_C1145,G025_R387_C1138,2.4748737341529163,FALSE,0.14030531263299564,"(1.51,Inf]"
G025_R380_C1146,G025_R387_C1138,2.6575364531836625,FALSE,0.001027570843177551,"(1.51,Inf]"
G025_R380_C1147,G025_R387_C1138,2.850438562747845,FALSE,-0.06265364599479316,"(1.51,Inf]"
G025_R381_C1132,G025_R387_C1138,2.1213203435596424,FALSE,0.7299354723846362,"(1.51,Inf]"
G025_R381_C1133,G025_R387_C1138,1.9525624189766635,FALSE,0.7153562387875023,"(1.51,Inf]"
G025_R381_C1134,G025_R387_C1138,1.8027756377319946,FALSE,0.6895861817598291,"(1.51,Inf]"
G025_R381_C1135,G025_R387_C1138,1.6770509831248424,FALSE,0.6825692678706192,"(1.51,Inf]"
G025_R381_C1143,G025_R387_C1138,1.9525624189766635,FALSE,0.18775727166968287,"(1.51,Inf]"
G025_R381_C1144,G025_R387_C1138,2.1213203435596424,FALSE,0.3419197670529974,"(1.51,Inf]"
G025_R381_C1145,G025_R387_C1138,2.3048861143232218,FALSE,0.2197921842144905,"(1.51,Inf]"
G025_R381_C1146,G025_R387_C1138,2.5,FALSE,0.1663718625200663,"(1.51,Inf]"
G025_R381_C1147,G025_R387_C1138,2.704163456597992,FALSE,0.07148640668772276,"(1.51,Inf]"
G025_R382_C1132,G025_R387_C1138,1.9525624189766635,FALSE,0.7319175833183816,"(1.51,Inf]"
G025_R382_C1133,G025_R387_C1138,1.7677669529663689,FALSE,0.7339972687645209,"(1.51,Inf]"
G025_R382_C1134,G025_R387_C1138,1.6007810593582121,FALSE,0.7328826902367135,"(1.51,Inf]"
G025_R382_C1135,G025_R387_C1138,1.4577379737113252,FALSE,0.7315595087037504,"(1.01,1.51]"
G025_R382_C1136,G025_R387_C1138,1.346291201783626,FALSE,0.7078032591433399,"(1.01,1.51]"
G025_R382_C1138,G025_R387_C1138,1.25,FALSE,0.2047425917123445,"(1.01,1.51]"
G025_R382_C1141,G025_R387_C1138,1.4577379737113252,FALSE,0.4024175794279814,"(1.01,1.51]"
G025_R382_C1143,G025_R387_C1138,1.7677669529663689,FALSE,0.2487254032399676,"(1.51,Inf]"
G025_R382_C1144,G025_R387_C1138,1.9525624189766635,FALSE,0.21035126920685943,"(1.51,Inf]"
G025_R382_C1145,G025_R387_C1138,2.1505813167606567,FALSE,0.06320450149589892,"(1.51,Inf]"
G025_R382_C1146,G025_R387_C1138,2.358495283014151,FALSE,-0.07291573405803874,"(1.51,Inf]"
G025_R382_C1147,G025_R387_C1138,2.57390753524675,FALSE,-0.09250054002314702,"(1.51,Inf]"
G025_R383_C1132,G025_R387_C1138,1.8027756377319946,FALSE,0.7278754985932488,"(1.51,Inf]"
G025_R383_C1133,G025_R387_C1138,1.6007810593582121,FALSE,0.7372027579265644,"(1.51,Inf]"
G025_R383_C1134,G025_R387_C1138,1.4142135623730951,FALSE,0.7524107732879332,"(1.01,1.51]"
G025_R383_C1135,G025_R387_C1138,1.25,FALSE,0.7515082100724322,"(1.01,1.51]"
G025_R383_C1136,G025_R387_C1138,1.118033988749895,FALSE,0.7503446611511123,"(1.01,1.51]"
G025_R383_C1137,G025_R387_C1138,1.0307764064044151,FALSE,0.7384398192452644,"(1.01,1.51]"
G025_R383_C1139,G025_R387_C1138,1.0307764064044151,FALSE,0.7402498935770226,"(1.01,1.51]"
G025_R383_C1140,G025_R387_C1138,1.118033988749895,FALSE,0.8112294493326933,"(1.01,1.51]"
G025_R383_C1141,G025_R387_C1138,1.25,FALSE,0.7773148180340685,"(1.01,1.51]"
G025_R383_C1142,G025_R387_C1138,1.4142135623730951,FALSE,0.6007899673346423,"(1.01,1.51]"
G025_R383_C1143,G025_R387_C1138,1.6007810593582121,FALSE,0.31575258198570316,"(1.51,Inf]"
G025_R383_C1144,G025_R387_C1138,1.8027756377319946,FALSE,0.0178010910519121,"(1.51,Inf]"
G025_R383_C1145,G025_R387_C1138,2.0155644370746373,FALSE,-0.01726247796354304,"(1.51,Inf]"
G025_R383_C1146,G025_R387_C1138,2.23606797749979,FALSE,-0.10806885348529574,"(1.51,Inf]"
G025_R383_C1147,G025_R387_C1138,2.462214450449026,FALSE,-0.21474979333427271,"(1.51,Inf]"
G025_R384_C1132,G025_R387_C1138,1.6770509831248424,FALSE,0.7064844748128088,"(1.51,Inf]"
G025_R384_C1133,G025_R387_C1138,1.4577379737113252,FALSE,0.7257664172970348,"(1.01,1.51]"
G025_R384_C1134,G025_R387_C1138,1.25,FALSE,0.7333357529072635,"(1.01,1.51]"
G025_R384_C1135,G025_R387_C1138,1.0606601717798212,FALSE,0.7414154874382185,"(1.01,1.51]"
G025_R384_C1136,G025_R387_C1138,0.9013878188659973,FALSE,0.7781510517169002,"(0.76,1.01]"
G025_R384_C1137,G025_R387_C1138,0.7905694150420949,FALSE,0.7957323834074131,"(0.76,1.01]"
G025_R384_C1138,G025_R387_C1138,0.75,FALSE,0.7533106453505612,"(0.51,0.76]"
G025_R384_C1139,G025_R387_C1138,0.7905694150420949,FALSE,0.8295957623601553,"(0.76,1.01]"
G025_R384_C1140,G025_R387_C1138,0.9013878188659973,FALSE,0.8501925859691802,"(0.76,1.01]"
G025_R384_C1141,G025_R387_C1138,1.0606601717798212,FALSE,0.7424207837573745,"(1.01,1.51]"
G025_R384_C1142,G025_R387_C1138,1.25,FALSE,0.5212542280823765,"(1.01,1.51]"
G025_R385_C1132,G025_R387_C1138,1.5811388300841898,FALSE,0.7190785533321625,"(1.51,Inf]"
G025_R385_C1133,G025_R387_C1138,1.346291201783626,FALSE,0.7378774139452126,"(1.01,1.51]"
G025_R385_C1134,G025_R387_C1138,1.118033988749895,FALSE,0.752305087453657,"(1.01,1.51]"
G025_R385_C1135,G025_R387_C1138,0.9013878188659973,FALSE,0.7859610653128343,"(0.76,1.01]"
G025_R385_C1136,G025_R387_C1138,0.7071067811865476,FALSE,0.8169159306914643,"(0.51,0.76]"
G025_R385_C1137,G025_R387_C1138,0.5590169943749475,FALSE,0.8258849850309079,"(0.51,0.76]"
G025_R385_C1138,G025_R387_C1138,0.5,FALSE,0.8497401480206486,"(0.26,0.51]"
G025_R385_C1139,G025_R387_C1138,0.5590169943749475,FALSE,0.8717479451926874,"(0.51,0.76]"
G025_R385_C1140,G025_R387_C1138,0.7071067811865476,FALSE,0.8128270930463793,"(0.51,0.76]"
G025_R385_C1141,G025_R387_C1138,0.9013878188659973,FALSE,0.6962380586555178,"(0.76,1.01]"
G025_R385_C1142,G025_R387_C1138,1.118033988749895,FALSE,0.4885032405350861,"(1.01,1.51]"
G025_R386_C1132,G025_R387_C1138,1.5206906325745548,FALSE,0.7403823165746537,"(1.51,Inf]"
G025_R386_C1133,G025_R387_C1138,1.2747548783981961,FALSE,0.7637852581458039,"(1.01,1.51]"
G025_R386_C1134,G025_R387_C1138,1.0307764064044151,FALSE,0.7759896222812861,"(1.01,1.51]"
G025_R386_C1135,G025_R387_C1138,0.7905694150420949,FALSE,0.8152545017897943,"(0.76,1.01]"
G025_R386_C1136,G025_R387_C1138,0.5590169943749475,FALSE,0.8438057681618771,"(0.51,0.76]"
G025_R386_C1137,G025_R387_C1138,0.3535533905932738,FALSE,0.8783547522254406,"(0.26,0.51]"
G025_R386_C1138,G025_R387_C1138,0.25,TRUE,0.9197678712330483,"[0,0.26]"
G025_R386_C1139,G025_R387_C1138,0.3535533905932738,FALSE,0.8757685895940491,"(0.26,0.51]"
G025_R386_C1141,G025_R387_C1138,0.7905694150420949,FALSE,0.6758323905232155,"(0.76,1.01]"
G025_R387_C1132,G025_R387_C1138,1.5,FALSE,0.760991464833381,"(1.01,1.51]"
G025_R387_C1133,G025_R387_C1138,1.25,FALSE,0.7797947976915346,"(1.01,1.51]"
G025_R387_C1134,G025_R387_C1138,1,FALSE,0.804665627696324,"(0.76,1.01]"
G025_R387_C1135,G025_R387_C1138,0.75,FALSE,0.8376935340682171,"(0.51,0.76]"
G025_R387_C1136,G025_R387_C1138,0.5,FALSE,0.8631886795371378,"(0.26,0.51]"
G025_R387_C1137,G025_R387_C1138,0.25,TRUE,0.9399519795876115,"[0,0.26]"
G025_R380_C1132,G025_R387_C1139,2.4748737341529163,FALSE,0.6472744220991767,"(1.51,Inf]"
G025_R380_C1133,G025_R387_C1139,2.3048861143232218,FALSE,0.6129148777413993,"(1.51,Inf]"
G025_R380_C1134,G025_R387_C1139,2.1505813167606567,FALSE,0.599703067005547,"(1.51,Inf]"
G025_R380_C1135,G025_R387_C1139,2.0155644370746373,FALSE,0.5382316140667429,"(1.51,Inf]"
G025_R380_C1143,G025_R387_C1139,2.0155644370746373,FALSE,0.14333685262656715,"(1.51,Inf]"
G025_R380_C1144,G025_R387_C1139,2.1505813167606567,FALSE,0.2551502176949438,"(1.51,Inf]"
G025_R380_C1145,G025_R387_C1139,2.3048861143232218,FALSE,0.13071588079519153,"(1.51,Inf]"
G025_R380_C1146,G025_R387_C1139,2.4748737341529163,FALSE,-0.011070406508529876,"(1.51,Inf]"
G025_R380_C1147,G025_R387_C1139,2.6575364531836625,FALSE,-0.08694649724224437,"(1.51,Inf]"
G025_R381_C1132,G025_R387_C1139,2.3048861143232218,FALSE,0.705013842887519,"(1.51,Inf]"
G025_R381_C1133,G025_R387_C1139,2.1213203435596424,FALSE,0.6892343858073635,"(1.51,Inf]"
G025_R381_C1134,G025_R387_C1139,1.9525624189766635,FALSE,0.6626715304952975,"(1.51,Inf]"
G025_R381_C1135,G025_R387_C1139,1.8027756377319946,FALSE,0.6517562980213459,"(1.51,Inf]"
G025_R381_C1143,G025_R387_C1139,1.8027756377319946,FALSE,0.19487266755418609,"(1.51,Inf]"
G025_R381_C1144,G025_R387_C1139,1.9525624189766635,FALSE,0.3603143744006363,"(1.51,Inf]"
G025_R381_C1145,G025_R387_C1139,2.1213203435596424,FALSE,0.22507707818976044,"(1.51,Inf]"
G025_R381_C1146,G025_R387_C1139,2.3048861143232218,FALSE,0.16231956244890616,"(1.51,Inf]"
G025_R381_C1147,G025_R387_C1139,2.5,FALSE,0.07338291692326113,"(1.51,Inf]"
G025_R382_C1132,G025_R387_C1139,2.1505813167606567,FALSE,0.7128213473796707,"(1.51,Inf]"
G025_R382_C1133,G025_R387_C1139,1.9525624189766635,FALSE,0.7125117394322807,"(1.51,Inf]"
G025_R382_C1134,G025_R387_C1139,1.7677669529663689,FALSE,0.7097893847306096,"(1.51,Inf]"
G025_R382_C1135,G025_R387_C1139,1.6007810593582121,FALSE,0.706459933049683,"(1.51,Inf]"
G025_R382_C1136,G025_R387_C1139,1.4577379737113252,FALSE,0.6745968088168027,"(1.01,1.51]"
G025_R382_C1138,G025_R387_C1139,1.2747548783981961,FALSE,0.21771893898297592,"(1.01,1.51]"
G025_R382_C1141,G025_R387_C1139,1.346291201783626,FALSE,0.3991602353592355,"(1.01,1.51]"
G025_R382_C1143,G025_R387_C1139,1.6007810593582121,FALSE,0.2948598767698911,"(1.51,Inf]"
G025_R382_C1144,G025_R387_C1139,1.7677669529663689,FALSE,0.20202642344519128,"(1.51,Inf]"
G025_R382_C1145,G025_R387_C1139,1.9525624189766635,FALSE,0.060590015646715845,"(1.51,Inf]"
G025_R382_C1146,G025_R387_C1139,2.1505813167606567,FALSE,-0.07091724495275327,"(1.51,Inf]"
G025_R382_C1147,G025_R387_C1139,2.358495283014151,FALSE,-0.11616358175262877,"(1.51,Inf]"
G025_R383_C1132,G025_R387_C1139,2.0155644370746373,FALSE,0.6919104468479506,"(1.51,Inf]"
G025_R383_C1133,G025_R387_C1139,1.8027756377319946,FALSE,0.7024514741440386,"(1.51,Inf]"
G025_R383_C1134,G025_R387_C1139,1.6007810593582121,FALSE,0.7194847555804814,"(1.51,Inf]"
G025_R383_C1135,G025_R387_C1139,1.4142135623730951,FALSE,0.7247892124700632,"(1.01,1.51]"
G025_R383_C1136,G025_R387_C1139,1.25,FALSE,0.7166667678471128,"(1.01,1.51]"
G025_R383_C1137,G025_R387_C1139,1.118033988749895,FALSE,0.6833609753685875,"(1.01,1.51]"
G025_R383_C1139,G025_R387_C1139,1,FALSE,0.699759014564605,"(0.76,1.01]"
G025_R383_C1140,G025_R387_C1139,1.0307764064044151,FALSE,0.7865442227313415,"(1.01,1.51]"
G025_R383_C1141,G025_R387_C1139,1.118033988749895,FALSE,0.754081148497404,"(1.01,1.51]"
G025_R383_C1142,G025_R387_C1139,1.25,FALSE,0.6207562598152532,"(1.01,1.51]"
G025_R383_C1143,G025_R387_C1139,1.4142135623730951,FALSE,0.38912531560865876,"(1.01,1.51]"
G025_R383_C1144,G025_R387_C1139,1.6007810593582121,FALSE,0.03553864401956515,"(1.51,Inf]"
G025_R383_C1145,G025_R387_C1139,1.8027756377319946,FALSE,0.0029773570670342453,"(1.51,Inf]"
G025_R383_C1146,G025_R387_C1139,2.0155644370746373,FALSE,-0.09165387428990585,"(1.51,Inf]"
G025_R383_C1147,G025_R387_C1139,2.23606797749979,FALSE,-0.22031399888777276,"(1.51,Inf]"
G025_R384_C1132,G025_R387_C1139,1.9039432764659772,FALSE,0.6788868380404552,"(1.51,Inf]"
G025_R384_C1133,G025_R387_C1139,1.6770509831248424,FALSE,0.6897910957539329,"(1.51,Inf]"
G025_R384_C1134,G025_R387_C1139,1.4577379737113252,FALSE,0.709528200961445,"(1.01,1.51]"
G025_R384_C1135,G025_R387_C1139,1.25,FALSE,0.7188738514659596,"(1.01,1.51]"
G025_R384_C1136,G025_R387_C1139,1.0606601717798212,FALSE,0.7451923694394698,"(1.01,1.51]"
G025_R384_C1137,G025_R387_C1139,0.9013878188659973,FALSE,0.7527912019372832,"(0.76,1.01]"
G025_R384_C1138,G025_R387_C1139,0.7905694150420949,FALSE,0.7143191923628721,"(0.76,1.01]"
G025_R384_C1139,G025_R387_C1139,0.75,FALSE,0.798741589936327,"(0.51,0.76]"
G025_R384_C1140,G025_R387_C1139,0.7905694150420949,FALSE,0.8532416426525826,"(0.76,1.01]"
G025_R384_C1141,G025_R387_C1139,0.9013878188659973,FALSE,0.7588382129848854,"(0.76,1.01]"
G025_R384_C1142,G025_R387_C1139,1.0606601717798212,FALSE,0.5727715539765922,"(1.01,1.51]"
G025_R385_C1132,G025_R387_C1139,1.8200274723201295,FALSE,0.6904701114492092,"(1.51,Inf]"
G025_R385_C1133,G025_R387_C1139,1.5811388300841898,FALSE,0.7019013338974238,"(1.51,Inf]"
G025_R385_C1134,G025_R387_C1139,1.346291201783626,FALSE,0.7245042736467469,"(1.01,1.51]"
G025_R385_C1135,G025_R387_C1139,1.118033988749895,FALSE,0.7430793910749178,"(1.01,1.51]"
G025_R385_C1136,G025_R387_C1139,0.9013878188659973,FALSE,0.7720682387533907,"(0.76,1.01]"
G025_R385_C1137,G025_R387_C1139,0.7071067811865476,FALSE,0.7789270914536778,"(0.51,0.76]"
G025_R385_C1138,G025_R387_C1139,0.5590169943749475,FALSE,0.8125846306860364,"(0.51,0.76]"
G025_R385_C1139,G025_R387_C1139,0.5,FALSE,0.8731630852568127,"(0.26,0.51]"
G025_R385_C1140,G025_R387_C1139,0.5590169943749475,FALSE,0.8466798389936846,"(0.51,0.76]"
G025_R385_C1141,G025_R387_C1139,0.7071067811865476,FALSE,0.7459485624210895,"(0.51,0.76]"
G025_R385_C1142,G025_R387_C1139,0.9013878188659973,FALSE,0.5337253199860007,"(0.76,1.01]"
G025_R386_C1132,G025_R387_C1139,1.7677669529663689,FALSE,0.7053582275559376,"(1.51,Inf]"
G025_R386_C1133,G025_R387_C1139,1.5206906325745548,FALSE,0.7253493558005859,"(1.51,Inf]"
G025_R386_C1134,G025_R387_C1139,1.2747548783981961,FALSE,0.736507694702712,"(1.01,1.51]"
G025_R386_C1135,G025_R387_C1139,1.0307764064044151,FALSE,0.7632542791971236,"(1.01,1.51]"
G025_R386_C1136,G025_R387_C1139,0.7905694150420949,FALSE,0.8060399157129038,"(0.76,1.01]"
G025_R386_C1137,G025_R387_C1139,0.5590169943749475,FALSE,0.8265816524808374,"(0.51,0.76]"
G025_R386_C1138,G025_R387_C1139,0.3535533905932738,FALSE,0.8793111653460767,"(0.26,0.51]"
G025_R386_C1139,G025_R387_C1139,0.25,TRUE,0.9275164057831916,"[0,0.26]"
G025_R386_C1141,G025_R387_C1139,0.5590169943749475,FALSE,0.7231323620315966,"(0.51,0.76]"
G025_R387_C1132,G025_R387_C1139,1.75,FALSE,0.7354739509014495,"(1.51,Inf]"
G025_R387_C1133,G025_R387_C1139,1.5,FALSE,0.7481679283739878,"(1.01,1.51]"
G025_R387_C1134,G025_R387_C1139,1.25,FALSE,0.7668018507193117,"(1.01,1.51]"
G025_R387_C1135,G025_R387_C1139,1,FALSE,0.7865444947468292,"(0.76,1.01]"
G025_R387_C1136,G025_R387_C1139,0.75,FALSE,0.8038971119512482,"(0.51,0.76]"
G025_R387_C1137,G025_R387_C1139,0.5,FALSE,0.8537014088785908,"(0.26,0.51]"
G025_R387_C1138,G025_R387_C1139,0.25,TRUE,0.92429421676160906,"[0,0.26]"
G025_R380_C1132,G025_R387_C1140,2.6575364531836625,FALSE,0.6107490580965841,"(1.51,Inf]"
G025_R380_C1133,G025_R387_C1140,2.4748737341529163,FALSE,0.5831498258038145,"(1.51,Inf]"
G025_R380_C1134,G025_R387_C1140,2.3048861143232218,FALSE,0.5491858273317681,"(1.51,Inf]"
G025_R380_C1135,G025_R387_C1140,2.1505813167606567,FALSE,0.49036447030601593,"(1.51,Inf]"
G025_R380_C1143,G025_R387_C1140,1.9039432764659772,FALSE,0.12990435218449023,"(1.51,Inf]"
G025_R380_C1144,G025_R387_C1140,2.0155644370746373,FALSE,0.2313721100330012,"(1.51,Inf]"
G025_R380_C1145,G025_R387_C1140,2.1505813167606567,FALSE,0.1465779002229826,"(1.51,Inf]"
G025_R380_C1146,G025_R387_C1140,2.3048861143232218,FALSE,-0.020033058289493217,"(1.51,Inf]"
G025_R380_C1147,G025_R387_C1140,2.4748737341529163,FALSE,-0.08698540174526423,"(1.51,Inf]"
G025_R381_C1132,G025_R387_C1140,2.5,FALSE,0.666760802957186,"(1.51,Inf]"
G025_R381_C1133,G025_R387_C1140,2.3048861143232218,FALSE,0.6577149936507382,"(1.51,Inf]"
G025_R381_C1134,G025_R387_C1140,2.1213203435596424,FALSE,0.6213451011490304,"(1.51,Inf]"
G025_R381_C1135,G025_R387_C1140,1.9525624189766635,FALSE,0.60380706959357,"(1.51,Inf]"
G025_R381_C1143,G025_R387_C1140,1.6770509831248424,FALSE,0.10776809635062629,"(1.51,Inf]"
G025_R381_C1144,G025_R387_C1140,1.8027756377319946,FALSE,0.3155508114917269,"(1.51,Inf]"
G025_R381_C1145,G025_R387_C1140,1.9525624189766635,FALSE,0.1921428728421783,"(1.51,Inf]"
G025_R381_C1146,G025_R387_C1140,2.1213203435596424,FALSE,0.15005935404965748,"(1.51,Inf]"
G025_R381_C1147,G025_R387_C1140,2.3048861143232218,FALSE,0.056207813925041296,"(1.51,Inf]"
G025_R382_C1132,G025_R387_C1140,2.358495283014151,FALSE,0.6701248956602558,"(1.51,Inf]"
G025_R382_C1133,G025_R387_C1140,2.1505813167606567,FALSE,0.6727754418900892,"(1.51,Inf]"
G025_R382_C1134,G025_R387_C1140,1.9525624189766635,FALSE,0.6715372492255756,"(1.51,Inf]"
G025_R382_C1135,G025_R387_C1140,1.7677669529663689,FALSE,0.6713257030776951,"(1.51,Inf]"
G025_R382_C1136,G025_R387_C1140,1.6007810593582121,FALSE,0.6563240362728716,"(1.51,Inf]"
G025_R382_C1138,G025_R387_C1140,1.346291201783626,FALSE,0.09267519834109988,"(1.01,1.51]"
G025_R382_C1141,G025_R387_C1140,1.2747548783981961,FALSE,0.33081452758678387,"(1.01,1.51]"
G025_R382_C1143,G025_R387_C1140,1.4577379737113252,FALSE,0.25810521327426816,"(1.01,1.51]"
G025_R382_C1144,G025_R387_C1140,1.6007810593582121,FALSE,0.19401821142340128,"(1.51,Inf]"
G025_R382_C1145,G025_R387_C1140,1.7677669529663689,FALSE,0.06936558201167423,"(1.51,Inf]"
G025_R382_C1146,G025_R387_C1140,1.9525624189766635,FALSE,-0.07282899761538453,"(1.51,Inf]"
G025_R382_C1147,G025_R387_C1140,2.1505813167606567,FALSE,-0.1311933812775461,"(1.51,Inf]"
G025_R383_C1132,G025_R387_C1140,2.23606797749979,FALSE,0.6638228039940293,"(1.51,Inf]"
G025_R383_C1133,G025_R387_C1140,2.0155644370746373,FALSE,0.6758230504160323,"(1.51,Inf]"
G025_R383_C1134,G025_R387_C1140,1.8027756377319946,FALSE,0.6867704232287349,"(1.51,Inf]"
G025_R383_C1135,G025_R387_C1140,1.6007810593582121,FALSE,0.6975423409747165,"(1.51,Inf]"
G025_R383_C1136,G025_R387_C1140,1.4142135623730951,FALSE,0.701727441569632,"(1.01,1.51]"
G025_R383_C1137,G025_R387_C1140,1.25,FALSE,0.671804474686721,"(1.01,1.51]"
G025_R383_C1139,G025_R387_C1140,1.0307764064044151,FALSE,0.6595367540898651,"(1.01,1.51]"
G025_R383_C1140,G025_R387_C1140,1,FALSE,0.7326981104617138,"(0.76,1.01]"
G025_R383_C1141,G025_R387_C1140,1.0307764064044151,FALSE,0.6959762307153844,"(1.01,1.51]"
G025_R383_C1142,G025_R387_C1140,1.118033988749895,FALSE,0.5963391386914981,"(1.01,1.51]"
G025_R383_C1143,G025_R387_C1140,1.25,FALSE,0.35756847198754776,"(1.01,1.51]"
G025_R383_C1144,G025_R387_C1140,1.4142135623730951,FALSE,0.034500773115277945,"(1.01,1.51]"
G025_R383_C1145,G025_R387_C1140,1.6007810593582121,FALSE,-0.060152063003787684,"(1.51,Inf]"
G025_R383_C1146,G025_R387_C1140,1.8027756377319946,FALSE,-0.11167043818038266,"(1.51,Inf]"
G025_R383_C1147,G025_R387_C1140,2.0155644370746373,FALSE,-0.2149730698588689,"(1.51,Inf]"
G025_R384_C1132,G025_R387_C1140,2.1360009363293826,FALSE,0.6581130537725568,"(1.51,Inf]"
G025_R384_C1133,G025_R387_C1140,1.9039432764659772,FALSE,0.67015621403514,"(1.51,Inf]"
G025_R384_C1134,G025_R387_C1140,1.6770509831248424,FALSE,0.6898793272925738,"(1.51,Inf]"
G025_R384_C1135,G025_R387_C1140,1.4577379737113252,FALSE,0.6993116370378475,"(1.01,1.51]"
G025_R384_C1136,G025_R387_C1140,1.25,FALSE,0.7128616320461901,"(1.01,1.51]"
G025_R384_C1137,G025_R387_C1140,1.0606601717798212,FALSE,0.7202162298712244,"(1.01,1.51]"
G025_R384_C1138,G025_R387_C1140,0.9013878188659973,FALSE,0.6389939528374268,"(0.76,1.01]"
G025_R384_C1139,G025_R387_C1140,0.7905694150420949,FALSE,0.7379704534677134,"(0.76,1.01]"
G025_R384_C1140,G025_R387_C1140,0.75,FALSE,0.7884634307429123,"(0.51,0.76]"
G025_R384_C1141,G025_R387_C1140,0.7905694150420949,FALSE,0.719988211459744,"(0.76,1.01]"
G025_R384_C1142,G025_R387_C1140,0.9013878188659973,FALSE,0.5788353751702398,"(0.76,1.01]"
G025_R385_C1132,G025_R387_C1140,2.0615528128088303,FALSE,0.6772917001399662,"(1.51,Inf]"
G025_R385_C1133,G025_R387_C1140,1.8200274723201295,FALSE,0.6889216193211603,"(1.51,Inf]"
G025_R385_C1134,G025_R387_C1140,1.5811388300841898,FALSE,0.7091624141836682,"(1.51,Inf]"
G025_R385_C1135,G025_R387_C1140,1.346291201783626,FALSE,0.7161799814553235,"(1.01,1.51]"
G025_R385_C1136,G025_R387_C1140,1.118033988749895,FALSE,0.7369495794232137,"(1.01,1.51]"
G025_R385_C1137,G025_R387_C1140,0.9013878188659973,FALSE,0.7271708627114207,"(0.76,1.01]"
G025_R385_C1138,G025_R387_C1140,0.7071067811865476,FALSE,0.7506770615392843,"(0.51,0.76]"
G025_R385_C1139,G025_R387_C1140,0.5590169943749475,FALSE,0.8062421876928236,"(0.51,0.76]"
G025_R385_C1140,G025_R387_C1140,0.5,FALSE,0.7999587717511336,"(0.26,0.51]"
G025_R385_C1141,G025_R387_C1140,0.5590169943749475,FALSE,0.7173127310153062,"(0.51,0.76]"
G025_R385_C1142,G025_R387_C1140,0.7071067811865476,FALSE,0.5865711150630304,"(0.51,0.76]"
G025_R386_C1132,G025_R387_C1140,2.0155644370746373,FALSE,0.683656272922489,"(1.51,Inf]"
G025_R386_C1133,G025_R387_C1140,1.7677669529663689,FALSE,0.7009238885052921,"(1.51,Inf]"
G025_R386_C1134,G025_R387_C1140,1.5206906325745548,FALSE,0.7093876541485625,"(1.51,Inf]"
G025_R386_C1135,G025_R387_C1140,1.2747548783981961,FALSE,0.7344618630026067,"(1.01,1.51]"
G025_R386_C1136,G025_R387_C1140,1.0307764064044151,FALSE,0.7646564500014055,"(1.01,1.51]"
G025_R386_C1137,G025_R387_C1140,0.7905694150420949,FALSE,0.7535148785521214,"(0.76,1.01]"
G025_R386_C1138,G025_R387_C1140,0.5590169943749475,FALSE,0.7896086522878399,"(0.51,0.76]"
G025_R386_C1139,G025_R387_C1140,0.3535533905932738,FALSE,0.847156106913886,"(0.26,0.51]"
G025_R386_C1141,G025_R387_C1140,0.3535533905932738,FALSE,0.7379416315655277,"(0.26,0.51]"
G025_R387_C1132,G025_R387_C1140,2,FALSE,0.6967577211999937,"(1.51,Inf]"
G025_R387_C1133,G025_R387_C1140,1.75,FALSE,0.7173028352719307,"(1.51,Inf]"
G025_R387_C1134,G025_R387_C1140,1.5,FALSE,0.7396158582034441,"(1.01,1.51]"
G025_R387_C1135,G025_R387_C1140,1.25,FALSE,0.7436859044940585,"(1.01,1.51]"
G025_R387_C1136,G025_R387_C1140,1,FALSE,0.7519372828306609,"(0.76,1.01]"
G025_R387_C1137,G025_R387_C1140,0.75,FALSE,0.7673799925952546,"(0.51,0.76]"
G025_R387_C1138,G025_R387_C1140,0.5,FALSE,0.8294556105283336,"(0.26,0.51]"
G025_R387_C1139,G025_R387_C1140,0.25,TRUE,0.9083389801659395,"[0,0.26]"
G025_R380_C1132,G025_R387_C1141,2.850438562747845,FALSE,0.5577587918162928,"(1.51,Inf]"
G025_R380_C1133,G025_R387_C1141,2.6575364531836625,FALSE,0.5789078659113782,"(1.51,Inf]"
G025_R380_C1134,G025_R387_C1141,2.4748737341529163,FALSE,0.5423110394891173,"(1.51,Inf]"
G025_R380_C1135,G025_R387_C1141,2.3048861143232218,FALSE,0.4811579918163357,"(1.51,Inf]"
G025_R380_C1143,G025_R387_C1141,1.8200274723201295,FALSE,0.04000336744302252,"(1.51,Inf]"
G025_R380_C1144,G025_R387_C1141,1.9039432764659772,FALSE,0.23775754942787705,"(1.51,Inf]"
G025_R380_C1145,G025_R387_C1141,2.0155644370746373,FALSE,0.08609810320842179,"(1.51,Inf]"
G025_R380_C1146,G025_R387_C1141,2.1505813167606567,FALSE,0.004680812835523438,"(1.51,Inf]"
G025_R380_C1147,G025_R387_C1141,2.3048861143232218,FALSE,-0.02165081437272804,"(1.51,Inf]"
G025_R381_C1132,G025_R387_C1141,2.704163456597992,FALSE,0.5872219678174604,"(1.51,Inf]"
G025_R381_C1133,G025_R387_C1141,2.5,FALSE,0.6027371587189121,"(1.51,Inf]"
G025_R381_C1134,G025_R387_C1141,2.3048861143232218,FALSE,0.5988461320309216,"(1.51,Inf]"
G025_R381_C1135,G025_R387_C1141,2.1213203435596424,FALSE,0.5794716670996931,"(1.51,Inf]"
G025_R381_C1143,G025_R387_C1141,1.5811388300841898,FALSE,0.012500926657116945,"(1.51,Inf]"
G025_R381_C1144,G025_R387_C1141,1.6770509831248424,FALSE,0.24005830226133465,"(1.51,Inf]"
G025_R381_C1145,G025_R387_C1141,1.8027756377319946,FALSE,0.08027779833234118,"(1.51,Inf]"
G025_R381_C1146,G025_R387_C1141,1.9525624189766635,FALSE,0.04133663761216561,"(1.51,Inf]"
G025_R381_C1147,G025_R387_C1141,2.1213203435596424,FALSE,-0.042596839063616346,"(1.51,Inf]"
G025_R382_C1132,G025_R387_C1141,2.57390753524675,FALSE,0.5874480049766976,"(1.51,Inf]"
G025_R382_C1133,G025_R387_C1141,2.358495283014151,FALSE,0.6068341035250949,"(1.51,Inf]"
G025_R382_C1134,G025_R387_C1141,2.1505813167606567,FALSE,0.6402534193423368,"(1.51,Inf]"
G025_R382_C1135,G025_R387_C1141,1.9525624189766635,FALSE,0.6451913837315635,"(1.51,Inf]"
G025_R382_C1136,G025_R387_C1141,1.7677669529663689,FALSE,0.6370817192240789,"(1.51,Inf]"
G025_R382_C1138,G025_R387_C1141,1.4577379737113252,FALSE,0.0801984106591678,"(1.01,1.51]"
G025_R382_C1141,G025_R387_C1141,1.25,FALSE,0.26642808581887645,"(1.01,1.51]"
G025_R382_C1143,G025_R387_C1141,1.346291201783626,FALSE,0.05142474734238377,"(1.01,1.51]"
G025_R382_C1144,G025_R387_C1141,1.4577379737113252,FALSE,0.0740823870776401,"(1.01,1.51]"
G025_R382_C1145,G025_R387_C1141,1.6007810593582121,FALSE,-0.018767930659232775,"(1.51,Inf]"
G025_R382_C1146,G025_R387_C1141,1.7677669529663689,FALSE,-0.08445202883251887,"(1.51,Inf]"
G025_R382_C1147,G025_R387_C1141,1.9525624189766635,FALSE,-0.08138305951389324,"(1.51,Inf]"
G025_R383_C1132,G025_R387_C1141,2.462214450449026,FALSE,0.6187880885450137,"(1.51,Inf]"
G025_R383_C1133,G025_R387_C1141,2.23606797749979,FALSE,0.6354212478456591,"(1.51,Inf]"
G025_R383_C1134,G025_R387_C1141,2.0155644370746373,FALSE,0.6496775768512322,"(1.51,Inf]"
G025_R383_C1135,G025_R387_C1141,1.8027756377319946,FALSE,0.6658464586190027,"(1.51,Inf]"
G025_R383_C1136,G025_R387_C1141,1.6007810593582121,FALSE,0.6684225013484014,"(1.51,Inf]"
G025_R383_C1137,G025_R387_C1141,1.4142135623730951,FALSE,0.6262673168954885,"(1.01,1.51]"
G025_R383_C1139,G025_R387_C1141,1.118033988749895,FALSE,0.557340923697823,"(1.01,1.51]"
G025_R383_C1140,G025_R387_C1141,1.0307764064044151,FALSE,0.5467770271779026,"(1.01,1.51]"
G025_R383_C1141,G025_R387_C1141,1,FALSE,0.48534147106573594,"(0.76,1.01]"
G025_R383_C1142,G025_R387_C1141,1.0307764064044151,FALSE,0.3327963440791694,"(1.01,1.51]"
G025_R383_C1143,G025_R387_C1141,1.118033988749895,FALSE,0.1383165884347546,"(1.01,1.51]"
G025_R383_C1144,G025_R387_C1141,1.25,FALSE,-5.402662122321773e-4,"(1.01,1.51]"
G025_R383_C1145,G025_R387_C1141,1.4142135623730951,FALSE,-0.06532325240248557,"(1.01,1.51]"
G025_R383_C1146,G025_R387_C1141,1.6007810593582121,FALSE,-0.16519854078935814,"(1.51,Inf]"
G025_R383_C1147,G025_R387_C1141,1.8027756377319946,FALSE,-0.22404598437161252,"(1.51,Inf]"
G025_R384_C1132,G025_R387_C1141,2.3717082451262845,FALSE,0.5983568084300479,"(1.51,Inf]"
G025_R384_C1133,G025_R387_C1141,2.1360009363293826,FALSE,0.626262822756297,"(1.51,Inf]"
G025_R384_C1134,G025_R387_C1141,1.9039432764659772,FALSE,0.6225349863091004,"(1.51,Inf]"
G025_R384_C1135,G025_R387_C1141,1.6770509831248424,FALSE,0.6257428816359052,"(1.51,Inf]"
G025_R384_C1136,G025_R387_C1141,1.4577379737113252,FALSE,0.64523170894472,"(1.01,1.51]"
G025_R384_C1137,G025_R387_C1141,1.25,FALSE,0.6298330590607044,"(1.01,1.51]"
G025_R384_C1138,G025_R387_C1141,1.0606601717798212,FALSE,0.6073178825755634,"(1.01,1.51]"
G025_R384_C1139,G025_R387_C1141,0.9013878188659973,FALSE,0.5996281711131978,"(0.76,1.01]"
G025_R384_C1140,G025_R387_C1141,0.7905694150420949,FALSE,0.538242112669193,"(0.76,1.01]"
G025_R384_C1141,G025_R387_C1141,0.75,FALSE,0.4380590477184763,"(0.51,0.76]"
G025_R384_C1142,G025_R387_C1141,0.7905694150420949,FALSE,0.2942826384481497,"(0.76,1.01]"
G025_R385_C1132,G025_R387_C1141,2.3048861143232218,FALSE,0.6082317577693306,"(1.51,Inf]"
G025_R385_C1133,G025_R387_C1141,2.0615528128088303,FALSE,0.6128774323853415,"(1.51,Inf]"
G025_R385_C1134,G025_R387_C1141,1.8200274723201295,FALSE,0.6342504421582159,"(1.51,Inf]"
G025_R385_C1135,G025_R387_C1141,1.5811388300841898,FALSE,0.6700113554299306,"(1.51,Inf]"
G025_R385_C1136,G025_R387_C1141,1.346291201783626,FALSE,0.6457113605842979,"(1.01,1.51]"
G025_R385_C1137,G025_R387_C1141,1.118033988749895,FALSE,0.6217980024510351,"(1.01,1.51]"
G025_R385_C1138,G025_R387_C1141,0.9013878188659973,FALSE,0.6236456964919775,"(0.76,1.01]"
G025_R385_C1139,G025_R387_C1141,0.7071067811865476,FALSE,0.5758301066190593,"(0.51,0.76]"
G025_R385_C1140,G025_R387_C1141,0.5590169943749475,FALSE,0.4885813459016573,"(0.51,0.76]"
G025_R385_C1141,G025_R387_C1141,0.5,FALSE,0.3977315234970908,"(0.26,0.51]"
G025_R385_C1142,G025_R387_C1141,0.5590169943749475,FALSE,0.4781498684859621,"(0.51,0.76]"
G025_R386_C1132,G025_R387_C1141,2.2638462845343543,FALSE,0.6003367619872084,"(1.51,Inf]"
G025_R386_C1133,G025_R387_C1141,2.0155644370746373,FALSE,0.6222402106963284,"(1.51,Inf]"
G025_R386_C1134,G025_R387_C1141,1.7677669529663689,FALSE,0.6284630752927847,"(1.51,Inf]"
G025_R386_C1135,G025_R387_C1141,1.5206906325745548,FALSE,0.6527439437281309,"(1.51,Inf]"
G025_R386_C1136,G025_R387_C1141,1.2747548783981961,FALSE,0.6437070068514041,"(1.01,1.51]"
G025_R386_C1137,G025_R387_C1141,1.0307764064044151,FALSE,0.6096576719933833,"(1.01,1.51]"
G025_R386_C1138,G025_R387_C1141,0.7905694150420949,FALSE,0.5879949826276984,"(0.76,1.01]"
G025_R386_C1139,G025_R387_C1141,0.5590169943749475,FALSE,0.5161410481212901,"(0.51,0.76]"
G025_R386_C1141,G025_R387_C1141,0.25,TRUE,0.5824232701714291,"[0,0.26]"
G025_R387_C1132,G025_R387_C1141,2.25,FALSE,0.6075970519412599,"(1.51,Inf]"
G025_R387_C1133,G025_R387_C1141,2,FALSE,0.6219927873794524,"(1.51,Inf]"
G025_R387_C1134,G025_R387_C1141,1.75,FALSE,0.6479734875487339,"(1.51,Inf]"
G025_R387_C1135,G025_R387_C1141,1.5,FALSE,0.6317224527281585,"(1.01,1.51]"
G025_R387_C1136,G025_R387_C1141,1.25,FALSE,0.6151756393095179,"(1.01,1.51]"
G025_R387_C1137,G025_R387_C1141,1,FALSE,0.5798993500514997,"(0.76,1.01]"
G025_R387_C1138,G025_R387_C1141,0.75,FALSE,0.5986171444273314,"(0.51,0.76]"
G025_R387_C1139,G025_R387_C1141,0.5,FALSE,0.587287678644237,"(0.26,0.51]"
G025_R387_C1140,G025_R387_C1141,0.25,TRUE,0.6702774101547804,"[0,0.26]"
G025_R380_C1132,G025_R387_C1142,3.0516389039334255,FALSE,0.48002165141111086,"(1.51,Inf]"
G025_R380_C1133,G025_R387_C1142,2.850438562747845,FALSE,0.5123844158507426,"(1.51,Inf]"
G025_R380_C1134,G025_R387_C1142,2.6575364531836625,FALSE,0.4528603798233346,"(1.51,Inf]"
G025_R380_C1135,G025_R387_C1142,2.4748737341529163,FALSE,0.37912011337355267,"(1.51,Inf]"
G025_R380_C1143,G025_R387_C1142,1.7677669529663689,FALSE,0.05616908893860928,"(1.51,Inf]"
G025_R380_C1144,G025_R387_C1142,1.8200274723201295,FALSE,0.10581229231112171,"(1.51,Inf]"
G025_R380_C1145,G025_R387_C1142,1.9039432764659772,FALSE,0.07392311899495622,"(1.51,Inf]"
G025_R380_C1146,G025_R387_C1142,2.0155644370746373,FALSE,-0.017655842231873695,"(1.51,Inf]"
G025_R380_C1147,G025_R387_C1142,2.1505813167606567,FALSE,-0.07014940629542663,"(1.51,Inf]"
G025_R381_C1132,G025_R387_C1142,2.9154759474226504,FALSE,0.48700245606127013,"(1.51,Inf]"
G025_R381_C1133,G025_R387_C1142,2.704163456597992,FALSE,0.5015036656640042,"(1.51,Inf]"
G025_R381_C1134,G025_R387_C1142,2.5,FALSE,0.5029086188851659,"(1.51,Inf]"
G025_R381_C1135,G025_R387_C1142,2.3048861143232218,FALSE,0.46821134392753505,"(1.51,Inf]"
G025_R381_C1143,G025_R387_C1142,1.5206906325745548,FALSE,-0.07065248545352626,"(1.51,Inf]"
G025_R381_C1144,G025_R387_C1142,1.5811388300841898,FALSE,0.14790747928633022,"(1.51,Inf]"
G025_R381_C1145,G025_R387_C1142,1.6770509831248424,FALSE,0.021652005478311087,"(1.51,Inf]"
G025_R381_C1146,G025_R387_C1142,1.8027756377319946,FALSE,0.08093807158708254,"(1.51,Inf]"
G025_R381_C1147,G025_R387_C1142,1.9525624189766635,FALSE,-0.06859530318964398,"(1.51,Inf]"
G025_R382_C1132,G025_R387_C1142,2.7950849718747373,FALSE,0.4806410209185181,"(1.51,Inf]"
G025_R382_C1133,G025_R387_C1142,2.57390753524675,FALSE,0.49290504236395255,"(1.51,Inf]"
G025_R382_C1134,G025_R387_C1142,2.358495283014151,FALSE,0.5101586805004626,"(1.51,Inf]"
G025_R382_C1135,G025_R387_C1142,2.1505813167606567,FALSE,0.5120517493548639,"(1.51,Inf]"
G025_R382_C1136,G025_R387_C1142,1.9525624189766635,FALSE,0.5133536478820718,"(1.51,Inf]"
G025_R382_C1138,G025_R387_C1142,1.6007810593582121,FALSE,0.056872109031692035,"(1.51,Inf]"
G025_R382_C1141,G025_R387_C1142,1.2747548783981961,FALSE,0.21067567540628518,"(1.01,1.51]"
G025_R382_C1143,G025_R387_C1142,1.2747548783981961,FALSE,0.043706349234901375,"(1.01,1.51]"
G025_R382_C1144,G025_R387_C1142,1.346291201783626,FALSE,0.0424314618072456,"(1.01,1.51]"
G025_R382_C1145,G025_R387_C1142,1.4577379737113252,FALSE,-0.011900169419304427,"(1.01,1.51]"
G025_R382_C1146,G025_R387_C1142,1.6007810593582121,FALSE,-0.015404907652442472,"(1.51,Inf]"
G025_R382_C1147,G025_R387_C1142,1.7677669529663689,FALSE,-0.03511377824233976,"(1.51,Inf]"
G025_R383_C1132,G025_R387_C1142,2.692582403567252,FALSE,0.4741325301874611,"(1.51,Inf]"
G025_R383_C1133,G025_R387_C1142,2.462214450449026,FALSE,0.4815172642328885,"(1.51,Inf]"
G025_R383_C1134,G025_R387_C1142,2.23606797749979,FALSE,0.5005259634741265,"(1.51,Inf]"
G025_R383_C1135,G025_R387_C1142,2.0155644370746373,FALSE,0.5043815132982786,"(1.51,Inf]"
G025_R383_C1136,G025_R387_C1142,1.8027756377319946,FALSE,0.5289311851253036,"(1.51,Inf]"
G025_R383_C1137,G025_R387_C1142,1.6007810593582121,FALSE,0.514318084244796,"(1.51,Inf]"
G025_R383_C1139,G025_R387_C1142,1.25,FALSE,0.5103247132465007,"(1.01,1.51]"
G025_R383_C1140,G025_R387_C1142,1.118033988749895,FALSE,0.43598444612762155,"(1.01,1.51]"
G025_R383_C1141,G025_R387_C1142,1.0307764064044151,FALSE,0.30280711882426103,"(1.01,1.51]"
G025_R383_C1142,G025_R387_C1142,1,FALSE,0.20117109267202846,"(0.76,1.01]"
G025_R383_C1143,G025_R387_C1142,1.0307764064044151,FALSE,0.11306930495778614,"(1.01,1.51]"
G025_R383_C1144,G025_R387_C1142,1.118033988749895,FALSE,0.01133745944989359,"(1.01,1.51]"
G025_R383_C1145,G025_R387_C1142,1.25,FALSE,-0.11943220959570115,"(1.01,1.51]"
G025_R383_C1146,G025_R387_C1142,1.4142135623730951,FALSE,-0.10913865825271203,"(1.01,1.51]"
G025_R383_C1147,G025_R387_C1142,1.6007810593582121,FALSE,-0.15599574300466015,"(1.51,Inf]"
G025_R384_C1132,G025_R387_C1142,2.6100766272276377,FALSE,0.472001009272728,"(1.51,Inf]"
G025_R384_C1133,G025_R387_C1142,2.3717082451262845,FALSE,0.4729276119548209,"(1.51,Inf]"
G025_R384_C1134,G025_R387_C1142,2.1360009363293826,FALSE,0.48087296421038,"(1.51,Inf]"
G025_R384_C1135,G025_R387_C1142,1.9039432764659772,FALSE,0.48958698796515043,"(1.51,Inf]"
G025_R384_C1136,G025_R387_C1142,1.6770509831248424,FALSE,0.4898239859302042,"(1.51,Inf]"
G025_R384_C1137,G025_R387_C1142,1.4577379737113252,FALSE,0.49228937818753443,"(1.01,1.51]"
G025_R384_C1138,G025_R387_C1142,1.25,FALSE,0.4800061124243708,"(1.01,1.51]"
G025_R384_C1139,G025_R387_C1142,1.0606601717798212,FALSE,0.46813158429899904,"(1.01,1.51]"
G025_R384_C1140,G025_R387_C1142,0.9013878188659973,FALSE,0.37968275325694634,"(0.76,1.01]"
G025_R384_C1141,G025_R387_C1142,0.7905694150420949,FALSE,0.22513895545954546,"(0.76,1.01]"
G025_R384_C1142,G025_R387_C1142,0.75,FALSE,0.15804007522534305,"(0.51,0.76]"
G025_R385_C1132,G025_R387_C1142,2.5495097567963922,FALSE,0.4412082078849755,"(1.51,Inf]"
G025_R385_C1133,G025_R387_C1142,2.3048861143232218,FALSE,0.45760287334589095,"(1.51,Inf]"
G025_R385_C1134,G025_R387_C1142,2.0615528128088303,FALSE,0.4889480472696419,"(1.51,Inf]"
G025_R385_C1135,G025_R387_C1142,1.8200274723201295,FALSE,0.5167346519928839,"(1.51,Inf]"
G025_R385_C1136,G025_R387_C1142,1.5811388300841898,FALSE,0.5053807544708111,"(1.51,Inf]"
G025_R385_C1137,G025_R387_C1142,1.346291201783626,FALSE,0.4745256225924351,"(1.01,1.51]"
G025_R385_C1138,G025_R387_C1142,1.118033988749895,FALSE,0.4700789878578022,"(1.01,1.51]"
G025_R385_C1139,G025_R387_C1142,0.9013878188659973,FALSE,0.4143347210040903,"(0.76,1.01]"
G025_R385_C1140,G025_R387_C1142,0.7071067811865476,FALSE,0.2839031028411524,"(0.51,0.76]"
G025_R385_C1141,G025_R387_C1142,0.5590169943749475,FALSE,0.2177539602340871,"(0.51,0.76]"
G025_R385_C1142,G025_R387_C1142,0.5,FALSE,0.37813601402130675,"(0.26,0.51]"
G025_R386_C1132,G025_R387_C1142,2.5124689052802225,FALSE,0.44620474995227905,"(1.51,Inf]"
G025_R386_C1133,G025_R387_C1142,2.2638462845343543,FALSE,0.4602172144469804,"(1.51,Inf]"
G025_R386_C1134,G025_R387_C1142,2.0155644370746373,FALSE,0.48119701706565327,"(1.51,Inf]"
G025_R386_C1135,G025_R387_C1142,1.7677669529663689,FALSE,0.5170614112987463,"(1.51,Inf]"
G025_R386_C1136,G025_R387_C1142,1.5206906325745548,FALSE,0.48541863255915824,"(1.51,Inf]"
G025_R386_C1137,G025_R387_C1142,1.2747548783981961,FALSE,0.43727563884382686,"(1.01,1.51]"
G025_R386_C1138,G025_R387_C1142,1.0307764064044151,FALSE,0.4290239938665832,"(1.01,1.51]"
G025_R386_C1139,G025_R387_C1142,0.7905694150420949,FALSE,0.33373298648311595,"(0.76,1.01]"
G025_R386_C1141,G025_R387_C1142,0.3535533905932738,FALSE,0.44064355844208425,"(0.26,0.51]"
G025_R387_C1132,G025_R387_C1142,2.5,FALSE,0.46304812859424255,"(1.51,Inf]"
G025_R387_C1133,G025_R387_C1142,2.25,FALSE,0.4679195626220871,"(1.51,Inf]"
G025_R387_C1134,G025_R387_C1142,2,FALSE,0.4914762172800547,"(1.51,Inf]"
G025_R387_C1135,G025_R387_C1142,1.75,FALSE,0.4958238055905014,"(1.51,Inf]"
G025_R387_C1136,G025_R387_C1142,1.5,FALSE,0.467452015772033,"(1.01,1.51]"
G025_R387_C1137,G025_R387_C1142,1.25,FALSE,0.4258282541101852,"(1.01,1.51]"
G025_R387_C1138,G025_R387_C1142,1,FALSE,0.4456363791400901,"(0.76,1.01]"
G025_R387_C1139,G025_R387_C1142,0.75,FALSE,0.39439128570713405,"(0.51,0.76]"
G025_R387_C1140,G025_R387_C1142,0.5,FALSE,0.4558193443134119,"(0.26,0.51]"
G025_R387_C1141,G025_R387_C1142,0.25,TRUE,0.7063860981598159,"[0,0.26]"
G025_R380_C1132,G025_R387_C1143,3.2596012026013246,FALSE,0.5051156156914559,"(1.51,Inf]"
G025_R380_C1133,G025_R387_C1143,3.0516389039334255,FALSE,0.5476144616349118,"(1.51,Inf]"
G025_R380_C1134,G025_R387_C1143,2.850438562747845,FALSE,0.4777867079759642,"(1.51,Inf]"
G025_R380_C1135,G025_R387_C1143,2.6575364531836625,FALSE,0.39757159389535196,"(1.51,Inf]"
G025_R380_C1143,G025_R387_C1143,1.75,FALSE,0.045267905905710254,"(1.51,Inf]"
G025_R380_C1144,G025_R387_C1143,1.7677669529663689,FALSE,0.10196017231671943,"(1.51,Inf]"
G025_R380_C1145,G025_R387_C1143,1.8200274723201295,FALSE,0.01357605207814473,"(1.51,Inf]"
G025_R380_C1146,G025_R387_C1143,1.9039432764659772,FALSE,-0.006932416999608164,"(1.51,Inf]"
G025_R380_C1147,G025_R387_C1143,2.0155644370746373,FALSE,-0.03188410118497595,"(1.51,Inf]"
G025_R381_C1132,G025_R387_C1143,3.132491021535417,FALSE,0.4901399239293772,"(1.51,Inf]"
G025_R381_C1133,G025_R387_C1143,2.9154759474226504,FALSE,0.5162491847229356,"(1.51,Inf]"
G025_R381_C1134,G025_R387_C1143,2.704163456597992,FALSE,0.523372280419948,"(1.51,Inf]"
G025_R381_C1135,G025_R387_C1143,2.5,FALSE,0.502515015145418,"(1.51,Inf]"
G025_R381_C1143,G025_R387_C1143,1.5,FALSE,0.025612836926044682,"(1.01,1.51]"
G025_R381_C1144,G025_R387_C1143,1.5206906325745548,FALSE,0.12908464539275585,"(1.51,Inf]"
G025_R381_C1145,G025_R387_C1143,1.5811388300841898,FALSE,0.006405714283158957,"(1.51,Inf]"
G025_R381_C1146,G025_R387_C1143,1.6770509831248424,FALSE,0.00813287205629535,"(1.51,Inf]"
G025_R381_C1147,G025_R387_C1143,1.8027756377319946,FALSE,-0.10140400393593649,"(1.51,Inf]"
G025_R382_C1132,G025_R387_C1143,3.020761493398643,FALSE,0.507619018133432,"(1.51,Inf]"
G025_R382_C1133,G025_R387_C1143,2.7950849718747373,FALSE,0.5220337186637494,"(1.51,Inf]"
G025_R382_C1134,G025_R387_C1143,2.57390753524675,FALSE,0.5366765590467775,"(1.51,Inf]"
G025_R382_C1135,G025_R387_C1143,2.358495283014151,FALSE,0.5318647590918636,"(1.51,Inf]"
G025_R382_C1136,G025_R387_C1143,2.1505813167606567,FALSE,0.5253178954667186,"(1.51,Inf]"
G025_R382_C1138,G025_R387_C1143,1.7677669529663689,FALSE,0.07621962050538245,"(1.51,Inf]"
G025_R382_C1141,G025_R387_C1143,1.346291201783626,FALSE,0.20174148177413798,"(1.01,1.51]"
G025_R382_C1143,G025_R387_C1143,1.25,FALSE,0.05490659855242404,"(1.01,1.51]"
G025_R382_C1144,G025_R387_C1143,1.2747548783981961,FALSE,0.013925274139372262,"(1.01,1.51]"
G025_R382_C1145,G025_R387_C1143,1.346291201783626,FALSE,-0.06739276665822501,"(1.01,1.51]"
G025_R382_C1146,G025_R387_C1143,1.4577379737113252,FALSE,-0.06870785291672789,"(1.01,1.51]"
G025_R382_C1147,G025_R387_C1143,1.6007810593582121,FALSE,-0.03216653517913539,"(1.51,Inf]"
G025_R383_C1132,G025_R387_C1143,2.9261749776799064,FALSE,0.4733982956407201,"(1.51,Inf]"
G025_R383_C1133,G025_R387_C1143,2.692582403567252,FALSE,0.4973905863631246,"(1.51,Inf]"
G025_R383_C1134,G025_R387_C1143,2.462214450449026,FALSE,0.5341776136660652,"(1.51,Inf]"
G025_R383_C1135,G025_R387_C1143,2.23606797749979,FALSE,0.5508973423354834,"(1.51,Inf]"
G025_R383_C1136,G025_R387_C1143,2.0155644370746373,FALSE,0.5519239765973324,"(1.51,Inf]"
G025_R383_C1137,G025_R387_C1143,1.8027756377319946,FALSE,0.5247215610175779,"(1.51,Inf]"
G025_R383_C1139,G025_R387_C1143,1.4142135623730951,FALSE,0.4840454172602478,"(1.01,1.51]"
G025_R383_C1140,G025_R387_C1143,1.25,FALSE,0.45357683356742873,"(1.01,1.51]"
G025_R383_C1141,G025_R387_C1143,1.118033988749895,FALSE,0.284984113286626,"(1.01,1.51]"
G025_R383_C1142,G025_R387_C1143,1.0307764064044151,FALSE,0.2196528178724234,"(1.01,1.51]"
G025_R383_C1143,G025_R387_C1143,1,FALSE,0.04921984321759311,"(0.76,1.01]"
G025_R383_C1144,G025_R387_C1143,1.0307764064044151,FALSE,0.020135558666624323,"(1.01,1.51]"
G025_R383_C1145,G025_R387_C1143,1.118033988749895,FALSE,-0.030688505231537655,"(1.01,1.51]"
G025_R383_C1146,G025_R387_C1143,1.25,FALSE,-0.13785344007091513,"(1.01,1.51]"
G025_R383_C1147,G025_R387_C1143,1.4142135623730951,FALSE,-0.16721042144979054,"(1.01,1.51]"
G025_R384_C1132,G025_R387_C1143,2.850438562747845,FALSE,0.4683258490636326,"(1.51,Inf]"
G025_R384_C1133,G025_R387_C1143,2.6100766272276377,FALSE,0.4648236379833772,"(1.51,Inf]"
G025_R384_C1134,G025_R387_C1143,2.3717082451262845,FALSE,0.5077116314572583,"(1.51,Inf]"
G025_R384_C1135,G025_R387_C1143,2.1360009363293826,FALSE,0.5231206661253855,"(1.51,Inf]"
G025_R384_C1136,G025_R387_C1143,1.9039432764659772,FALSE,0.5150031128537117,"(1.51,Inf]"
G025_R384_C1137,G025_R387_C1143,1.6770509831248424,FALSE,0.5117673139276424,"(1.51,Inf]"
G025_R384_C1138,G025_R387_C1143,1.4577379737113252,FALSE,0.4878454411789082,"(1.01,1.51]"
G025_R384_C1139,G025_R387_C1143,1.25,FALSE,0.4859425931835769,"(1.01,1.51]"
G025_R384_C1140,G025_R387_C1143,1.0606601717798212,FALSE,0.3813598673586372,"(1.01,1.51]"
G025_R384_C1141,G025_R387_C1143,0.9013878188659973,FALSE,0.20233009734841392,"(0.76,1.01]"
G025_R384_C1142,G025_R387_C1143,0.7905694150420949,FALSE,0.05317046120738812,"(0.76,1.01]"
G025_R385_C1132,G025_R387_C1143,2.7950849718747373,FALSE,0.46266730632679,"(1.51,Inf]"
G025_R385_C1133,G025_R387_C1143,2.5495097567963922,FALSE,0.4664212492997697,"(1.51,Inf]"
G025_R385_C1134,G025_R387_C1143,2.3048861143232218,FALSE,0.49914661692872186,"(1.51,Inf]"
G025_R385_C1135,G025_R387_C1143,2.0615528128088303,FALSE,0.5299340263204797,"(1.51,Inf]"
G025_R385_C1136,G025_R387_C1143,1.8200274723201295,FALSE,0.5252975752423574,"(1.51,Inf]"
G025_R385_C1137,G025_R387_C1143,1.5811388300841898,FALSE,0.4881271649744227,"(1.51,Inf]"
G025_R385_C1138,G025_R387_C1143,1.346291201783626,FALSE,0.47712135647711246,"(1.01,1.51]"
G025_R385_C1139,G025_R387_C1143,1.118033988749895,FALSE,0.38471874476382917,"(1.01,1.51]"
G025_R385_C1140,G025_R387_C1143,0.9013878188659973,FALSE,0.2563383255125897,"(0.76,1.01]"
G025_R385_C1141,G025_R387_C1143,0.7071067811865476,FALSE,0.1341537426829148,"(0.51,0.76]"
G025_R385_C1142,G025_R387_C1143,0.5590169943749475,FALSE,0.29046487693557116,"(0.51,0.76]"
G025_R386_C1132,G025_R387_C1143,2.7613402542968153,FALSE,0.49972090876702346,"(1.51,Inf]"
G025_R386_C1133,G025_R387_C1143,2.5124689052802225,FALSE,0.49178153219848003,"(1.51,Inf]"
G025_R386_C1134,G025_R387_C1143,2.2638462845343543,FALSE,0.503781049668757,"(1.51,Inf]"
G025_R386_C1135,G025_R387_C1143,2.0155644370746373,FALSE,0.5108168929762111,"(1.51,Inf]"
G025_R386_C1136,G025_R387_C1143,1.7677669529663689,FALSE,0.48968322552995347,"(1.51,Inf]"
G025_R386_C1137,G025_R387_C1143,1.5206906325745548,FALSE,0.4341206611189116,"(1.51,Inf]"
G025_R386_C1138,G025_R387_C1143,1.2747548783981961,FALSE,0.3839805277618067,"(1.01,1.51]"
G025_R386_C1139,G025_R387_C1143,1.0307764064044151,FALSE,0.27644264738047963,"(1.01,1.51]"
G025_R386_C1141,G025_R387_C1143,0.5590169943749475,FALSE,0.3895440158939615,"(0.51,0.76]"
G025_R387_C1132,G025_R387_C1143,2.75,FALSE,0.4609591684916302,"(1.51,Inf]"
G025_R387_C1133,G025_R387_C1143,2.5,FALSE,0.47751992010264516,"(1.51,Inf]"
G025_R387_C1134,G025_R387_C1143,2.25,FALSE,0.5059120723825766,"(1.51,Inf]"
G025_R387_C1135,G025_R387_C1143,2,FALSE,0.529004198290908,"(1.51,Inf]"
G025_R387_C1136,G025_R387_C1143,1.75,FALSE,0.4820028897243242,"(1.51,Inf]"
G025_R387_C1137,G025_R387_C1143,1.5,FALSE,0.418835369362252,"(1.01,1.51]"
G025_R387_C1138,G025_R387_C1143,1.25,FALSE,0.3798948779457102,"(1.01,1.51]"
G025_R387_C1139,G025_R387_C1143,1,FALSE,0.351944949204006,"(0.76,1.01]"
G025_R387_C1140,G025_R387_C1143,0.75,FALSE,0.40086295322096693,"(0.51,0.76]"
G025_R387_C1141,G025_R387_C1143,0.5,FALSE,0.6321077869058447,"(0.26,0.51]"
G025_R387_C1142,G025_R387_C1143,0.25,TRUE,0.7435207082271474,"[0,0.26]"
G025_R380_C1132,G025_R388_C1132,2,FALSE,0.792888817178803,"(1.51,Inf]"
G025_R380_C1133,G025_R388_C1132,2.0155644370746373,FALSE,0.7805160767894065,"(1.51,Inf]"
G025_R380_C1134,G025_R388_C1132,2.0615528128088303,FALSE,0.7384578301647092,"(1.51,Inf]"
G025_R380_C1135,G025_R388_C1132,2.1360009363293826,FALSE,0.6382879760566829,"(1.51,Inf]"
G025_R380_C1143,G025_R388_C1132,3.400367627183861,FALSE,0.06315177965894966,"(1.51,Inf]"
G025_R380_C1144,G025_R388_C1132,3.605551275463989,FALSE,0.2221384718986855,"(1.51,Inf]"
G025_R380_C1145,G025_R388_C1132,3.816084380618437,FALSE,0.11276621654664354,"(1.51,Inf]"
G025_R380_C1146,G025_R388_C1132,4.031128874149275,FALSE,-0.0029372439238676577,"(1.51,Inf]"
G025_R380_C1147,G025_R388_C1132,4.25,FALSE,-0.01668715728813939,"(1.51,Inf]"
G025_R381_C1132,G025_R388_C1132,1.75,FALSE,0.8239816579479395,"(1.51,Inf]"
G025_R381_C1133,G025_R388_C1132,1.7677669529663689,FALSE,0.8160329926161889,"(1.51,Inf]"
G025_R381_C1134,G025_R388_C1132,1.8200274723201295,FALSE,0.8149823581021911,"(1.51,Inf]"
G025_R381_C1135,G025_R388_C1132,1.9039432764659772,FALSE,0.7910040151444118,"(1.51,Inf]"
G025_R381_C1143,G025_R388_C1132,3.2596012026013246,FALSE,0.13633573316146866,"(1.51,Inf]"
G025_R381_C1144,G025_R388_C1132,3.473110997362451,FALSE,0.27554944869356285,"(1.51,Inf]"
G025_R381_C1145,G025_R388_C1132,3.69120576505835,FALSE,0.17029099685032223,"(1.51,Inf]"
G025_R381_C1146,G025_R388_C1132,3.913118960624632,FALSE,0.11530206249900182,"(1.51,Inf]"
G025_R381_C1147,G025_R388_C1132,4.138236339311712,FALSE,0.05869953648138615,"(1.51,Inf]"
G025_R382_C1132,G025_R388_C1132,1.5,FALSE,0.8521122556761186,"(1.01,1.51]"
G025_R382_C1133,G025_R388_C1132,1.5206906325745548,FALSE,0.8306903968390041,"(1.51,Inf]"
G025_R382_C1134,G025_R388_C1132,1.5811388300841898,FALSE,0.8241216515967509,"(1.51,Inf]"
G025_R382_C1135,G025_R388_C1132,1.6770509831248424,FALSE,0.8127513093383071,"(1.51,Inf]"
G025_R382_C1136,G025_R388_C1132,1.8027756377319946,FALSE,0.7686895982589063,"(1.51,Inf]"
G025_R382_C1138,G025_R388_C1132,2.1213203435596424,FALSE,0.15793114773945266,"(1.51,Inf]"
G025_R382_C1141,G025_R388_C1132,2.704163456597992,FALSE,0.31410987455194417,"(1.51,Inf]"
G025_R382_C1143,G025_R388_C1132,3.132491021535417,FALSE,0.11959074391982874,"(1.51,Inf]"
G025_R382_C1144,G025_R388_C1132,3.3541019662496847,FALSE,0.10386935411052821,"(1.51,Inf]"
G025_R382_C1145,G025_R388_C1132,3.5794552658190883,FALSE,0.012019569057379519,"(1.51,Inf]"
G025_R382_C1146,G025_R388_C1132,3.8078865529319543,FALSE,-0.05059028024787039,"(1.51,Inf]"
G025_R382_C1147,G025_R388_C1132,4.038873605350878,FALSE,-0.06391826776443026,"(1.51,Inf]"
G025_R383_C1132,G025_R388_C1132,1.25,FALSE,0.8400952729416157,"(1.01,1.51]"
G025_R383_C1133,G025_R388_C1132,1.2747548783981961,FALSE,0.8447650918749523,"(1.01,1.51]"
G025_R383_C1134,G025_R388_C1132,1.346291201783626,FALSE,0.8421783152822293,"(1.01,1.51]"
G025_R383_C1135,G025_R388_C1132,1.4577379737113252,FALSE,0.8286256508010815,"(1.01,1.51]"
G025_R383_C1136,G025_R388_C1132,1.6007810593582121,FALSE,0.8138194310297587,"(1.51,Inf]"
G025_R383_C1137,G025_R388_C1132,1.7677669529663689,FALSE,0.7528050700164487,"(1.51,Inf]"
G025_R383_C1139,G025_R388_C1132,2.1505813167606567,FALSE,0.7679709126574501,"(1.51,Inf]"
G025_R383_C1140,G025_R388_C1132,2.358495283014151,FALSE,0.7703694480456136,"(1.51,Inf]"
G025_R383_C1141,G025_R388_C1132,2.57390753524675,FALSE,0.6739872321478796,"(1.51,Inf]"
G025_R383_C1142,G025_R388_C1132,2.7950849718747373,FALSE,0.5247582145803852,"(1.51,Inf]"
G025_R383_C1143,G025_R388_C1132,3.020761493398643,FALSE,0.27064030818835577,"(1.51,Inf]"
G025_R383_C1144,G025_R388_C1132,3.25,FALSE,-0.006146133689865466,"(1.51,Inf]"
G025_R383_C1145,G025_R388_C1132,3.48209706929603,FALSE,-0.0358556648758941,"(1.51,Inf]"
G025_R383_C1146,G025_R388_C1132,3.7165171868296265,FALSE,-0.17841072562110155,"(1.51,Inf]"
G025_R383_C1147,G025_R388_C1132,3.952847075210474,FALSE,-0.2661361150829665,"(1.51,Inf]"
G025_R384_C1132,G025_R388_C1132,1,FALSE,0.8504512625505793,"(0.76,1.01]"
G025_R384_C1133,G025_R388_C1132,1.0307764064044151,FALSE,0.8524791804480257,"(1.01,1.51]"
G025_R384_C1134,G025_R388_C1132,1.118033988749895,FALSE,0.8459571501079296,"(1.01,1.51]"
G025_R384_C1135,G025_R388_C1132,1.25,FALSE,0.84258981735748,"(1.01,1.51]"
G025_R384_C1136,G025_R388_C1132,1.4142135623730951,FALSE,0.8364049388452675,"(1.01,1.51]"
G025_R384_C1137,G025_R388_C1132,1.6007810593582121,FALSE,0.8008809233223472,"(1.51,Inf]"
G025_R384_C1138,G025_R388_C1132,1.8027756377319946,FALSE,0.797218571992362,"(1.51,Inf]"
G025_R384_C1139,G025_R388_C1132,2.0155644370746373,FALSE,0.8188476526361887,"(1.51,Inf]"
G025_R384_C1140,G025_R388_C1132,2.23606797749979,FALSE,0.7393092918877479,"(1.51,Inf]"
G025_R384_C1141,G025_R388_C1132,2.462214450449026,FALSE,0.6265513944260122,"(1.51,Inf]"
G025_R384_C1142,G025_R388_C1132,2.692582403567252,FALSE,0.41500365447411336,"(1.51,Inf]"
G025_R385_C1132,G025_R388_C1132,0.75,FALSE,0.8778761104653514,"(0.51,0.76]"
G025_R385_C1133,G025_R388_C1132,0.7905694150420949,FALSE,0.8789112946516533,"(0.76,1.01]"
G025_R385_C1134,G025_R388_C1132,0.9013878188659973,FALSE,0.8716884750792889,"(0.76,1.01]"
G025_R385_C1135,G025_R388_C1132,1.0606601717798212,FALSE,0.8576161999568951,"(1.01,1.51]"
G025_R385_C1136,G025_R388_C1132,1.25,FALSE,0.8424262949388365,"(1.01,1.51]"
G025_R385_C1137,G025_R388_C1132,1.4577379737113252,FALSE,0.8125118692842174,"(1.01,1.51]"
G025_R385_C1138,G025_R388_C1132,1.6770509831248424,FALSE,0.8246438958141574,"(1.51,Inf]"
G025_R385_C1139,G025_R388_C1132,1.9039432764659772,FALSE,0.7982985162105862,"(1.51,Inf]"
G025_R385_C1140,G025_R388_C1132,2.1360009363293826,FALSE,0.6857127312691846,"(1.51,Inf]"
G025_R385_C1141,G025_R388_C1132,2.3717082451262845,FALSE,0.5411849348869024,"(1.51,Inf]"
G025_R385_C1142,G025_R388_C1132,2.6100766272276377,FALSE,0.4303893067193583,"(1.51,Inf]"
G025_R386_C1132,G025_R388_C1132,0.5,FALSE,0.8919152042938506,"(0.26,0.51]"
G025_R386_C1133,G025_R388_C1132,0.5590169943749475,FALSE,0.8995936763738092,"(0.51,0.76]"
G025_R386_C1134,G025_R388_C1132,0.7071067811865476,FALSE,0.8767320376155152,"(0.51,0.76]"
G025_R386_C1135,G025_R388_C1132,0.9013878188659973,FALSE,0.8674225771652349,"(0.76,1.01]"
G025_R386_C1136,G025_R388_C1132,1.118033988749895,FALSE,0.8525233479098165,"(1.01,1.51]"
G025_R386_C1137,G025_R388_C1132,1.346291201783626,FALSE,0.8225269040170498,"(1.01,1.51]"
G025_R386_C1138,G025_R388_C1132,1.5811388300841898,FALSE,0.7775809144953548,"(1.51,Inf]"
G025_R386_C1139,G025_R388_C1132,1.8200274723201295,FALSE,0.6984937177161898,"(1.51,Inf]"
G025_R386_C1141,G025_R388_C1132,2.3048861143232218,FALSE,0.60893861223445,"(1.51,Inf]"
G025_R387_C1132,G025_R388_C1132,0.25,TRUE,0.948989910695832,"[0,0.26]"
G025_R387_C1133,G025_R388_C1132,0.3535533905932738,FALSE,0.9205860950579436,"(0.26,0.51]"
G025_R387_C1134,G025_R388_C1132,0.5590169943749475,FALSE,0.8994592207869019,"(0.51,0.76]"
G025_R387_C1135,G025_R388_C1132,0.7905694150420949,FALSE,0.8657312605607722,"(0.76,1.01]"
G025_R387_C1136,G025_R388_C1132,1.0307764064044151,FALSE,0.8300577651173925,"(1.01,1.51]"
G025_R387_C1137,G025_R388_C1132,1.2747548783981961,FALSE,0.8267375927722228,"(1.01,1.51]"
G025_R387_C1138,G025_R388_C1132,1.5206906325745548,FALSE,0.7832939774527085,"(1.51,Inf]"
G025_R387_C1139,G025_R388_C1132,1.7677669529663689,FALSE,0.757315951317537,"(1.51,Inf]"
G025_R387_C1140,G025_R388_C1132,2.0155644370746373,FALSE,0.7162414592456402,"(1.51,Inf]"
G025_R387_C1141,G025_R388_C1132,2.2638462845343543,FALSE,0.6164978213982478,"(1.51,Inf]"
G025_R387_C1142,G025_R388_C1132,2.5124689052802225,FALSE,0.46670452461827705,"(1.51,Inf]"
G025_R387_C1143,G025_R388_C1132,2.7613402542968153,FALSE,0.48756198474468165,"(1.51,Inf]"
G025_R380_C1132,G025_R388_C1133,2.0155644370746373,FALSE,0.7735102812579447,"(1.51,Inf]"
G025_R380_C1133,G025_R388_C1133,2,FALSE,0.760937792723927,"(1.51,Inf]"
G025_R380_C1134,G025_R388_C1133,2.0155644370746373,FALSE,0.6947496614667584,"(1.51,Inf]"
G025_R380_C1135,G025_R388_C1133,2.0615528128088303,FALSE,0.6189237570337317,"(1.51,Inf]"
G025_R380_C1143,G025_R388_C1133,3.2015621187164243,FALSE,0.058965790128696405,"(1.51,Inf]"
G025_R380_C1144,G025_R388_C1133,3.400367627183861,FALSE,0.24701711508391788,"(1.51,Inf]"
G025_R380_C1145,G025_R388_C1133,3.605551275463989,FALSE,0.11291749215665775,"(1.51,Inf]"
G025_R380_C1146,G025_R388_C1133,3.816084380618437,FALSE,0.036957555461760064,"(1.51,Inf]"
G025_R380_C1147,G025_R388_C1133,4.031128874149275,FALSE,-0.003947080554083814,"(1.51,Inf]"
G025_R381_C1132,G025_R388_C1133,1.7677669529663689,FALSE,0.809095041114671,"(1.51,Inf]"
G025_R381_C1133,G025_R388_C1133,1.75,FALSE,0.8032260035280396,"(1.51,Inf]"
G025_R381_C1134,G025_R388_C1133,1.7677669529663689,FALSE,0.7955379618507527,"(1.51,Inf]"
G025_R381_C1135,G025_R388_C1133,1.8200274723201295,FALSE,0.7781100543180349,"(1.51,Inf]"
G025_R381_C1143,G025_R388_C1133,3.0516389039334255,FALSE,0.15157271237382486,"(1.51,Inf]"
G025_R381_C1144,G025_R388_C1133,3.2596012026013246,FALSE,0.28554886637238647,"(1.51,Inf]"
G025_R381_C1145,G025_R388_C1133,3.473110997362451,FALSE,0.18692879753033256,"(1.51,Inf]"
G025_R381_C1146,G025_R388_C1133,3.69120576505835,FALSE,0.12275377094949323,"(1.51,Inf]"
G025_R381_C1147,G025_R388_C1133,3.913118960624632,FALSE,0.0702739656980137,"(1.51,Inf]"
G025_R382_C1132,G025_R388_C1133,1.5206906325745548,FALSE,0.8291763348610219,"(1.51,Inf]"
G025_R382_C1133,G025_R388_C1133,1.5,FALSE,0.8235055660533066,"(1.01,1.51]"
G025_R382_C1134,G025_R388_C1133,1.5206906325745548,FALSE,0.8294377772137833,"(1.51,Inf]"
G025_R382_C1135,G025_R388_C1133,1.5811388300841898,FALSE,0.8264658312974477,"(1.51,Inf]"
G025_R382_C1136,G025_R388_C1133,1.6770509831248424,FALSE,0.7615873544955667,"(1.51,Inf]"
G025_R382_C1138,G025_R388_C1133,1.9525624189766635,FALSE,0.13895298609668438,"(1.51,Inf]"
G025_R382_C1141,G025_R388_C1133,2.5,FALSE,0.345405293574155,"(1.51,Inf]"
G025_R382_C1143,G025_R388_C1133,2.9154759474226504,FALSE,0.06600089602505935,"(1.51,Inf]"
G025_R382_C1144,G025_R388_C1133,3.132491021535417,FALSE,0.12570951576617273,"(1.51,Inf]"
G025_R382_C1145,G025_R388_C1133,3.3541019662496847,FALSE,0.018836562159760723,"(1.51,Inf]"
G025_R382_C1146,G025_R388_C1133,3.5794552658190883,FALSE,-0.05594534827166731,"(1.51,Inf]"
G025_R382_C1147,G025_R388_C1133,3.8078865529319543,FALSE,-0.03512763247989248,"(1.51,Inf]"
G025_R383_C1132,G025_R388_C1133,1.2747548783981961,FALSE,0.8254843295233049,"(1.01,1.51]"
G025_R383_C1133,G025_R388_C1133,1.25,FALSE,0.8417583238109189,"(1.01,1.51]"
G025_R383_C1134,G025_R388_C1133,1.2747548783981961,FALSE,0.8449958144080523,"(1.01,1.51]"
G025_R383_C1135,G025_R388_C1133,1.346291201783626,FALSE,0.8301433067719332,"(1.01,1.51]"
G025_R383_C1136,G025_R388_C1133,1.4577379737113252,FALSE,0.8103137174114413,"(1.01,1.51]"
G025_R383_C1137,G025_R388_C1133,1.6007810593582121,FALSE,0.7515605106692314,"(1.51,Inf]"
G025_R383_C1139,G025_R388_C1133,1.9525624189766635,FALSE,0.7507606496436708,"(1.51,Inf]"
G025_R383_C1140,G025_R388_C1133,2.1505813167606567,FALSE,0.7798654147253052,"(1.51,Inf]"
G025_R383_C1141,G025_R388_C1133,2.358495283014151,FALSE,0.6785239666635331,"(1.51,Inf]"
G025_R383_C1142,G025_R388_C1133,2.57390753524675,FALSE,0.5274936805177792,"(1.51,Inf]"
G025_R383_C1143,G025_R388_C1133,2.7950849718747373,FALSE,0.20281876506797447,"(1.51,Inf]"
G025_R383_C1144,G025_R388_C1133,3.020761493398643,FALSE,-0.015691297296068375,"(1.51,Inf]"
G025_R383_C1145,G025_R388_C1133,3.25,FALSE,-0.06622563550565311,"(1.51,Inf]"
G025_R383_C1146,G025_R388_C1133,3.48209706929603,FALSE,-0.19657340377030008,"(1.51,Inf]"
G025_R383_C1147,G025_R388_C1133,3.7165171868296265,FALSE,-0.24809784966444934,"(1.51,Inf]"
G025_R384_C1132,G025_R388_C1133,1.0307764064044151,FALSE,0.8240698903248334,"(1.01,1.51]"
G025_R384_C1133,G025_R388_C1133,1,FALSE,0.8436704177241554,"(0.76,1.01]"
G025_R384_C1134,G025_R388_C1133,1.0307764064044151,FALSE,0.838679213077619,"(1.01,1.51]"
G025_R384_C1135,G025_R388_C1133,1.118033988749895,FALSE,0.8421802375030912,"(1.01,1.51]"
G025_R384_C1136,G025_R388_C1133,1.25,FALSE,0.8396853189734059,"(1.01,1.51]"
G025_R384_C1137,G025_R388_C1133,1.4142135623730951,FALSE,0.8069009267643236,"(1.01,1.51]"
G025_R384_C1138,G025_R388_C1133,1.6007810593582121,FALSE,0.807017190894436,"(1.51,Inf]"
G025_R384_C1139,G025_R388_C1133,1.8027756377319946,FALSE,0.8152034208205197,"(1.51,Inf]"
G025_R384_C1140,G025_R388_C1133,2.0155644370746373,FALSE,0.727891655082697,"(1.51,Inf]"
G025_R384_C1141,G025_R388_C1133,2.23606797749979,FALSE,0.607461551755889,"(1.51,Inf]"
G025_R384_C1142,G025_R388_C1133,2.462214450449026,FALSE,0.4189930697669591,"(1.51,Inf]"
G025_R385_C1132,G025_R388_C1133,0.7905694150420949,FALSE,0.8368314424235509,"(0.76,1.01]"
G025_R385_C1133,G025_R388_C1133,0.75,FALSE,0.8594416923641434,"(0.51,0.76]"
G025_R385_C1134,G025_R388_C1133,0.7905694150420949,FALSE,0.8634462027687048,"(0.76,1.01]"
G025_R385_C1135,G025_R388_C1133,0.9013878188659973,FALSE,0.8523392618415528,"(0.76,1.01]"
G025_R385_C1136,G025_R388_C1133,1.0606601717798212,FALSE,0.8480278980040128,"(1.01,1.51]"
G025_R385_C1137,G025_R388_C1133,1.25,FALSE,0.819613665291186,"(1.01,1.51]"
G025_R385_C1138,G025_R388_C1133,1.4577379737113252,FALSE,0.8397753552373466,"(1.01,1.51]"
G025_R385_C1139,G025_R388_C1133,1.6770509831248424,FALSE,0.7908019838929804,"(1.51,Inf]"
G025_R385_C1140,G025_R388_C1133,1.9039432764659772,FALSE,0.6716050505940497,"(1.51,Inf]"
G025_R385_C1141,G025_R388_C1133,2.1360009363293826,FALSE,0.546428160961203,"(1.51,Inf]"
G025_R385_C1142,G025_R388_C1133,2.3717082451262845,FALSE,0.4176803920872737,"(1.51,Inf]"
G025_R386_C1132,G025_R388_C1133,0.5590169943749475,FALSE,0.8672132106389173,"(0.51,0.76]"
G025_R386_C1133,G025_R388_C1133,0.5,FALSE,0.8932638641932497,"(0.26,0.51]"
G025_R386_C1134,G025_R388_C1133,0.5590169943749475,FALSE,0.880692602557299,"(0.51,0.76]"
G025_R386_C1135,G025_R388_C1133,0.7071067811865476,FALSE,0.8781812527041254,"(0.51,0.76]"
G025_R386_C1136,G025_R388_C1133,0.9013878188659973,FALSE,0.8640401286403627,"(0.76,1.01]"
G025_R386_C1137,G025_R388_C1133,1.118033988749895,FALSE,0.8323832461793785,"(1.01,1.51]"
G025_R386_C1138,G025_R388_C1133,1.346291201783626,FALSE,0.8026381852087258,"(1.01,1.51]"
G025_R386_C1139,G025_R388_C1133,1.5811388300841898,FALSE,0.7020455277916825,"(1.51,Inf]"
G025_R386_C1141,G025_R388_C1133,2.0615528128088303,FALSE,0.5957285851581283,"(1.51,Inf]"
G025_R387_C1132,G025_R388_C1133,0.3535533905932738,FALSE,0.9281443487705475,"(0.26,0.51]"
G025_R387_C1133,G025_R388_C1133,0.25,TRUE,0.9465639855290592,"[0,0.26]"
G025_R387_C1134,G025_R388_C1133,0.3535533905932738,FALSE,0.9204682673659715,"(0.26,0.51]"
G025_R387_C1135,G025_R388_C1133,0.5590169943749475,FALSE,0.8978308174604384,"(0.51,0.76]"
G025_R387_C1136,G025_R388_C1133,0.7905694150420949,FALSE,0.8665793547357215,"(0.76,1.01]"
G025_R387_C1137,G025_R388_C1133,1.0307764064044151,FALSE,0.8410885599616543,"(1.01,1.51]"
G025_R387_C1138,G025_R388_C1133,1.2747548783981961,FALSE,0.7919351312873694,"(1.01,1.51]"
G025_R387_C1139,G025_R388_C1133,1.5206906325745548,FALSE,0.7560748976393248,"(1.51,Inf]"
G025_R387_C1140,G025_R388_C1133,1.7677669529663689,FALSE,0.7185021159360389,"(1.51,Inf]"
G025_R387_C1141,G025_R388_C1133,2.0155644370746373,FALSE,0.6213732062427227,"(1.51,Inf]"
G025_R387_C1142,G025_R388_C1133,2.2638462845343543,FALSE,0.46717739219318055,"(1.51,Inf]"
G025_R387_C1143,G025_R388_C1133,2.5124689052802225,FALSE,0.46027376780944224,"(1.51,Inf]"
G025_R388_C1132,G025_R388_C1133,0.25,TRUE,0.9524928012655336,"[0,0.26]"
G025_R380_C1132,G025_R388_C1134,2.0615528128088303,FALSE,0.782891710989777,"(1.51,Inf]"
G025_R380_C1133,G025_R388_C1134,2.0155644370746373,FALSE,0.7583861838067055,"(1.51,Inf]"
G025_R380_C1134,G025_R388_C1134,2,FALSE,0.6899499748482854,"(1.51,Inf]"
G025_R380_C1135,G025_R388_C1134,2.0155644370746373,FALSE,0.6271247774647379,"(1.51,Inf]"
G025_R380_C1143,G025_R388_C1134,3.010398644698074,FALSE,0.06883190655890388,"(1.51,Inf]"
G025_R380_C1144,G025_R388_C1134,3.2015621187164243,FALSE,0.24416574674687622,"(1.51,Inf]"
G025_R380_C1145,G025_R388_C1134,3.400367627183861,FALSE,0.11906924878310898,"(1.51,Inf]"
G025_R380_C1146,G025_R388_C1134,3.605551275463989,FALSE,0.03501200835267496,"(1.51,Inf]"
G025_R380_C1147,G025_R388_C1134,3.816084380618437,FALSE,0.019779412590711008,"(1.51,Inf]"
G025_R381_C1132,G025_R388_C1134,1.8200274723201295,FALSE,0.8079566983503578,"(1.51,Inf]"
G025_R381_C1133,G025_R388_C1134,1.7677669529663689,FALSE,0.8047045830093056,"(1.51,Inf]"
G025_R381_C1134,G025_R388_C1134,1.75,FALSE,0.7945620458569054,"(1.51,Inf]"
G025_R381_C1135,G025_R388_C1134,1.7677669529663689,FALSE,0.7762260538892212,"(1.51,Inf]"
G025_R381_C1143,G025_R388_C1134,2.850438562747845,FALSE,0.13184903682718485,"(1.51,Inf]"
G025_R381_C1144,G025_R388_C1134,3.0516389039334255,FALSE,0.3057373576865018,"(1.51,Inf]"
G025_R381_C1145,G025_R388_C1134,3.2596012026013246,FALSE,0.18581021985752158,"(1.51,Inf]"
G025_R381_C1146,G025_R388_C1134,3.473110997362451,FALSE,0.12736711538292994,"(1.51,Inf]"
G025_R381_C1147,G025_R388_C1134,3.69120576505835,FALSE,0.09610193194652737,"(1.51,Inf]"
G025_R382_C1132,G025_R388_C1134,1.5811388300841898,FALSE,0.8178764067328307,"(1.51,Inf]"
G025_R382_C1133,G025_R388_C1134,1.5206906325745548,FALSE,0.8170958024903165,"(1.51,Inf]"
G025_R382_C1134,G025_R388_C1134,1.5,FALSE,0.8278008911465975,"(1.01,1.51]"
G025_R382_C1135,G025_R388_C1134,1.5206906325745548,FALSE,0.8194655404001495,"(1.51,Inf]"
G025_R382_C1136,G025_R388_C1134,1.5811388300841898,FALSE,0.7542591394170383,"(1.51,Inf]"
G025_R382_C1138,G025_R388_C1134,1.8027756377319946,FALSE,0.10241527553873045,"(1.51,Inf]"
G025_R382_C1141,G025_R388_C1134,2.3048861143232218,FALSE,0.36640785954001154,"(1.51,Inf]"
G025_R382_C1143,G025_R388_C1134,2.704163456597992,FALSE,0.1134452274142644,"(1.51,Inf]"
G025_R382_C1144,G025_R388_C1134,2.9154759474226504,FALSE,0.14409021266448013,"(1.51,Inf]"
G025_R382_C1145,G025_R388_C1134,3.132491021535417,FALSE,0.02336605168268656,"(1.51,Inf]"
G025_R382_C1146,G025_R388_C1134,3.3541019662496847,FALSE,-0.03636537881060032,"(1.51,Inf]"
G025_R382_C1147,G025_R388_C1134,3.5794552658190883,FALSE,-0.04908236513599504,"(1.51,Inf]"
G025_R383_C1132,G025_R388_C1134,1.346291201783626,FALSE,0.8038474615454448,"(1.01,1.51]"
G025_R383_C1133,G025_R388_C1134,1.2747548783981961,FALSE,0.8309613550252253,"(1.01,1.51]"
G025_R383_C1134,G025_R388_C1134,1.25,FALSE,0.8361376332161821,"(1.01,1.51]"
G025_R383_C1135,G025_R388_C1134,1.2747548783981961,FALSE,0.8345966858044971,"(1.01,1.51]"
G025_R383_C1136,G025_R388_C1134,1.346291201783626,FALSE,0.8246647458474708,"(1.01,1.51]"
G025_R383_C1137,G025_R388_C1134,1.4577379737113252,FALSE,0.7723819493891971,"(1.01,1.51]"
G025_R383_C1139,G025_R388_C1134,1.7677669529663689,FALSE,0.7568935504440786,"(1.51,Inf]"
G025_R383_C1140,G025_R388_C1134,1.9525624189766635,FALSE,0.8047942392314527,"(1.51,Inf]"
G025_R383_C1141,G025_R388_C1134,2.1505813167606567,FALSE,0.6757922950868822,"(1.51,Inf]"
G025_R383_C1142,G025_R388_C1134,2.358495283014151,FALSE,0.522632254026052,"(1.51,Inf]"
G025_R383_C1143,G025_R388_C1134,2.57390753524675,FALSE,0.20633735239418852,"(1.51,Inf]"
G025_R383_C1144,G025_R388_C1134,2.7950849718747373,FALSE,0.002932594591602879,"(1.51,Inf]"
G025_R383_C1145,G025_R388_C1134,3.020761493398643,FALSE,-0.04473494893230154,"(1.51,Inf]"
G025_R383_C1146,G025_R388_C1134,3.25,FALSE,-0.19188304591189184,"(1.51,Inf]"
G025_R383_C1147,G025_R388_C1134,3.48209706929603,FALSE,-0.2372110883768687,"(1.51,Inf]"
G025_R384_C1132,G025_R388_C1134,1.118033988749895,FALSE,0.806150700209715,"(1.01,1.51]"
G025_R384_C1133,G025_R388_C1134,1.0307764064044151,FALSE,0.8354257672348713,"(1.01,1.51]"
G025_R384_C1134,G025_R388_C1134,1,FALSE,0.8410387917027988,"(0.76,1.01]"
G025_R384_C1135,G025_R388_C1134,1.0307764064044151,FALSE,0.8421460090849597,"(1.01,1.51]"
G025_R384_C1136,G025_R388_C1134,1.118033988749895,FALSE,0.8443013519178919,"(1.01,1.51]"
G025_R384_C1137,G025_R388_C1134,1.25,FALSE,0.8080368782537273,"(1.01,1.51]"
G025_R384_C1138,G025_R388_C1134,1.4142135623730951,FALSE,0.8095458171849683,"(1.01,1.51]"
G025_R384_C1139,G025_R388_C1134,1.6007810593582121,FALSE,0.8283903481274437,"(1.51,Inf]"
G025_R384_C1140,G025_R388_C1134,1.8027756377319946,FALSE,0.7516818733280548,"(1.51,Inf]"
G025_R384_C1141,G025_R388_C1134,2.0155644370746373,FALSE,0.6118781667022557,"(1.51,Inf]"
G025_R384_C1142,G025_R388_C1134,2.23606797749979,FALSE,0.3931866306902916,"(1.51,Inf]"
G025_R385_C1132,G025_R388_C1134,0.9013878188659973,FALSE,0.8461439689224456,"(0.76,1.01]"
G025_R385_C1133,G025_R388_C1134,0.7905694150420949,FALSE,0.8570444773207672,"(0.76,1.01]"
G025_R385_C1134,G025_R388_C1134,0.75,FALSE,0.8548239317878019,"(0.51,0.76]"
G025_R385_C1135,G025_R388_C1134,0.7905694150420949,FALSE,0.8634693780888567,"(0.76,1.01]"
G025_R385_C1136,G025_R388_C1134,0.9013878188659973,FALSE,0.8557437939813181,"(0.76,1.01]"
G025_R385_C1137,G025_R388_C1134,1.0606601717798212,FALSE,0.827924647647292,"(1.01,1.51]"
G025_R385_C1138,G025_R388_C1134,1.25,FALSE,0.8508498626453369,"(1.01,1.51]"
G025_R385_C1139,G025_R388_C1134,1.4577379737113252,FALSE,0.7944491052952345,"(1.01,1.51]"
G025_R385_C1140,G025_R388_C1134,1.6770509831248424,FALSE,0.6696446963324418,"(1.51,Inf]"
G025_R385_C1141,G025_R388_C1134,1.9039432764659772,FALSE,0.5422690793870638,"(1.51,Inf]"
G025_R385_C1142,G025_R388_C1134,2.1360009363293826,FALSE,0.4347012332852559,"(1.51,Inf]"
G025_R386_C1132,G025_R388_C1134,0.7071067811865476,FALSE,0.8651571525487858,"(0.51,0.76]"
G025_R386_C1133,G025_R388_C1134,0.5590169943749475,FALSE,0.8858170852405369,"(0.51,0.76]"
G025_R386_C1134,G025_R388_C1134,0.5,FALSE,0.887331100862094,"(0.26,0.51]"
G025_R386_C1135,G025_R388_C1134,0.5590169943749475,FALSE,0.894530954836756,"(0.51,0.76]"
G025_R386_C1136,G025_R388_C1134,0.7071067811865476,FALSE,0.8781170093318769,"(0.51,0.76]"
G025_R386_C1137,G025_R388_C1134,0.9013878188659973,FALSE,0.8323807046764804,"(0.76,1.01]"
G025_R386_C1138,G025_R388_C1134,1.118033988749895,FALSE,0.8040125439574821,"(1.01,1.51]"
G025_R386_C1139,G025_R388_C1134,1.346291201783626,FALSE,0.7083726236236026,"(1.01,1.51]"
G025_R386_C1141,G025_R388_C1134,1.8200274723201295,FALSE,0.6157532044225202,"(1.51,Inf]"
G025_R387_C1132,G025_R388_C1134,0.5590169943749475,FALSE,0.8902956700964169,"(0.51,0.76]"
G025_R387_C1133,G025_R388_C1134,0.3535533905932738,FALSE,0.9244308572645118,"(0.26,0.51]"
G025_R387_C1134,G025_R388_C1134,0.25,TRUE,0.9421787751450721,"[0,0.26]"
G025_R387_C1135,G025_R388_C1134,0.3535533905932738,FALSE,0.9231583304598657,"(0.26,0.51]"
G025_R387_C1136,G025_R388_C1134,0.5590169943749475,FALSE,0.8940899244701269,"(0.51,0.76]"
G025_R387_C1137,G025_R388_C1134,0.7905694150420949,FALSE,0.8441930776666333,"(0.76,1.01]"
G025_R387_C1138,G025_R388_C1134,1.0307764064044151,FALSE,0.8093452520349788,"(1.01,1.51]"
G025_R387_C1139,G025_R388_C1134,1.2747548783981961,FALSE,0.7710697733863783,"(1.01,1.51]"
G025_R387_C1140,G025_R388_C1134,1.5206906325745548,FALSE,0.7330088696034516,"(1.51,Inf]"
G025_R387_C1141,G025_R388_C1134,1.7677669529663689,FALSE,0.6204277441362676,"(1.51,Inf]"
G025_R387_C1142,G025_R388_C1134,2.0155644370746373,FALSE,0.46336936444991594,"(1.51,Inf]"
G025_R387_C1143,G025_R388_C1134,2.2638462845343543,FALSE,0.49382881471869355,"(1.51,Inf]"
G025_R388_C1132,G025_R388_C1134,0.5,FALSE,0.9199595586806937,"(0.26,0.51]"
G025_R388_C1133,G025_R388_C1134,0.25,TRUE,0.9593128038212598,"[0,0.26]"
G025_R380_C1132,G025_R388_C1135,2.1360009363293826,FALSE,0.7715441181544158,"(1.51,Inf]"
G025_R380_C1133,G025_R388_C1135,2.0615528128088303,FALSE,0.7470897017187267,"(1.51,Inf]"
G025_R380_C1134,G025_R388_C1135,2.0155644370746373,FALSE,0.6757522726488931,"(1.51,Inf]"
G025_R380_C1135,G025_R388_C1135,2,FALSE,0.6137749598113952,"(1.51,Inf]"
G025_R380_C1143,G025_R388_C1135,2.8284271247461903,FALSE,0.0721709107428033,"(1.51,Inf]"
G025_R380_C1144,G025_R388_C1135,3.010398644698074,FALSE,0.27177434087019037,"(1.51,Inf]"
G025_R380_C1145,G025_R388_C1135,3.2015621187164243,FALSE,0.12435628774828113,"(1.51,Inf]"
G025_R380_C1146,G025_R388_C1135,3.400367627183861,FALSE,0.04736443368594808,"(1.51,Inf]"
G025_R380_C1147,G025_R388_C1135,3.605551275463989,FALSE,0.0162115527999075,"(1.51,Inf]"
G025_R381_C1132,G025_R388_C1135,1.9039432764659772,FALSE,0.8036746624778909,"(1.51,Inf]"
G025_R381_C1133,G025_R388_C1135,1.8200274723201295,FALSE,0.7964620339091806,"(1.51,Inf]"
G025_R381_C1134,G025_R388_C1135,1.7677669529663689,FALSE,0.788785590885784,"(1.51,Inf]"
G025_R381_C1135,G025_R388_C1135,1.75,FALSE,0.7685960335516904,"(1.51,Inf]"
G025_R381_C1143,G025_R388_C1135,2.6575364531836625,FALSE,0.12918281050949523,"(1.51,Inf]"
G025_R381_C1144,G025_R388_C1135,2.850438562747845,FALSE,0.3331186105802521,"(1.51,Inf]"
G025_R381_C1145,G025_R388_C1135,3.0516389039334255,FALSE,0.19703506482034833,"(1.51,Inf]"
G025_R381_C1146,G025_R388_C1135,3.2596012026013246,FALSE,0.14797022302518667,"(1.51,Inf]"
G025_R381_C1147,G025_R388_C1135,3.473110997362451,FALSE,0.09367725704840059,"(1.51,Inf]"
G025_R382_C1132,G025_R388_C1135,1.6770509831248424,FALSE,0.8195345041277976,"(1.51,Inf]"
G025_R382_C1133,G025_R388_C1135,1.5811388300841898,FALSE,0.8148248661788129,"(1.51,Inf]"
G025_R382_C1134,G025_R388_C1135,1.5206906325745548,FALSE,0.8220091643463323,"(1.51,Inf]"
G025_R382_C1135,G025_R388_C1135,1.5,FALSE,0.8136967380426537,"(1.01,1.51]"
G025_R382_C1136,G025_R388_C1135,1.5206906325745548,FALSE,0.7598591937554883,"(1.51,Inf]"
G025_R382_C1138,G025_R388_C1135,1.6770509831248424,FALSE,0.1149657363560567,"(1.51,Inf]"
G025_R382_C1141,G025_R388_C1135,2.1213203435596424,FALSE,0.3891009597153333,"(1.51,Inf]"
G025_R382_C1143,G025_R388_C1135,2.5,FALSE,0.13354374066539126,"(1.51,Inf]"
G025_R382_C1144,G025_R388_C1135,2.704163456597992,FALSE,0.1585054405159594,"(1.51,Inf]"
G025_R382_C1145,G025_R388_C1135,2.9154759474226504,FALSE,0.04898371134953565,"(1.51,Inf]"
G025_R382_C1146,G025_R388_C1135,3.132491021535417,FALSE,-0.024703221447628435,"(1.51,Inf]"
G025_R382_C1147,G025_R388_C1135,3.3541019662496847,FALSE,-0.05326906361012754,"(1.51,Inf]"
G025_R383_C1132,G025_R388_C1135,1.4577379737113252,FALSE,0.8096560608455521,"(1.01,1.51]"
G025_R383_C1133,G025_R388_C1135,1.346291201783626,FALSE,0.8351862154901918,"(1.01,1.51]"
G025_R383_C1134,G025_R388_C1135,1.2747548783981961,FALSE,0.8353822398802453,"(1.01,1.51]"
G025_R383_C1135,G025_R388_C1135,1.25,FALSE,0.8364137196459852,"(1.01,1.51]"
G025_R383_C1136,G025_R388_C1135,1.2747548783981961,FALSE,0.8367993751018133,"(1.01,1.51]"
G025_R383_C1137,G025_R388_C1135,1.346291201783626,FALSE,0.7874941569823388,"(1.01,1.51]"
G025_R383_C1139,G025_R388_C1135,1.6007810593582121,FALSE,0.7742123618082254,"(1.51,Inf]"
G025_R383_C1140,G025_R388_C1135,1.7677669529663689,FALSE,0.8191892633930588,"(1.51,Inf]"
G025_R383_C1141,G025_R388_C1135,1.9525624189766635,FALSE,0.6872748178900626,"(1.51,Inf]"
G025_R383_C1142,G025_R388_C1135,2.1505813167606567,FALSE,0.5213990736527608,"(1.51,Inf]"
G025_R383_C1143,G025_R388_C1135,2.358495283014151,FALSE,0.2142145644615003,"(1.51,Inf]"
G025_R383_C1144,G025_R388_C1135,2.57390753524675,FALSE,-0.027505623599793857,"(1.51,Inf]"
G025_R383_C1145,G025_R388_C1135,2.7950849718747373,FALSE,-0.043581138799913786,"(1.51,Inf]"
G025_R383_C1146,G025_R388_C1135,3.020761493398643,FALSE,-0.18295564747996124,"(1.51,Inf]"
G025_R383_C1147,G025_R388_C1135,3.25,FALSE,-0.23186338047782995,"(1.51,Inf]"
G025_R384_C1132,G025_R388_C1135,1.25,FALSE,0.8031969325543251,"(1.01,1.51]"
G025_R384_C1133,G025_R388_C1135,1.118033988749895,FALSE,0.8353580460285527,"(1.01,1.51]"
G025_R384_C1134,G025_R388_C1135,1.0307764064044151,FALSE,0.8413890467203514,"(1.01,1.51]"
G025_R384_C1135,G025_R388_C1135,1,FALSE,0.8414319851488696,"(0.76,1.01]"
G025_R384_C1136,G025_R388_C1135,1.0307764064044151,FALSE,0.8521784500766737,"(1.01,1.51]"
G025_R384_C1137,G025_R388_C1135,1.118033988749895,FALSE,0.8277905948789497,"(1.01,1.51]"
G025_R384_C1138,G025_R388_C1135,1.25,FALSE,0.8225610669978786,"(1.01,1.51]"
G025_R384_C1139,G025_R388_C1135,1.4142135623730951,FALSE,0.8403100770718974,"(1.01,1.51]"
G025_R384_C1140,G025_R388_C1135,1.6007810593582121,FALSE,0.7755226312944383,"(1.51,Inf]"
G025_R384_C1141,G025_R388_C1135,1.8027756377319946,FALSE,0.6273907432868064,"(1.51,Inf]"
G025_R384_C1142,G025_R388_C1135,2.0155644370746373,FALSE,0.41090155866576145,"(1.51,Inf]"
G025_R385_C1132,G025_R388_C1135,1.0606601717798212,FALSE,0.8444286423091457,"(1.01,1.51]"
G025_R385_C1133,G025_R388_C1135,0.9013878188659973,FALSE,0.8483468062244914,"(0.76,1.01]"
G025_R385_C1134,G025_R388_C1135,0.7905694150420949,FALSE,0.8473268344390996,"(0.76,1.01]"
G025_R385_C1135,G025_R388_C1135,0.75,FALSE,0.8691936964729592,"(0.51,0.76]"
G025_R385_C1136,G025_R388_C1135,0.7905694150420949,FALSE,0.8741134015652574,"(0.76,1.01]"
G025_R385_C1137,G025_R388_C1135,0.9013878188659973,FALSE,0.8449469172657249,"(0.76,1.01]"
G025_R385_C1138,G025_R388_C1135,1.0606601717798212,FALSE,0.8613317071277566,"(1.01,1.51]"
G025_R385_C1139,G025_R388_C1135,1.25,FALSE,0.807211240872372,"(1.01,1.51]"
G025_R385_C1140,G025_R388_C1135,1.4577379737113252,FALSE,0.6848734109889419,"(1.01,1.51]"
G025_R385_C1141,G025_R388_C1135,1.6770509831248424,FALSE,0.5475807212038569,"(1.51,Inf]"
G025_R385_C1142,G025_R388_C1135,1.9039432764659772,FALSE,0.42241632612955715,"(1.51,Inf]"
G025_R386_C1132,G025_R388_C1135,0.9013878188659973,FALSE,0.8543457252132561,"(0.76,1.01]"
G025_R386_C1133,G025_R388_C1135,0.7071067811865476,FALSE,0.8754199550515555,"(0.51,0.76]"
G025_R386_C1134,G025_R388_C1135,0.5590169943749475,FALSE,0.8914804499361784,"(0.51,0.76]"
G025_R386_C1135,G025_R388_C1135,0.5,FALSE,0.9007749103643582,"(0.26,0.51]"
G025_R386_C1136,G025_R388_C1135,0.5590169943749475,FALSE,0.8976312371750205,"(0.51,0.76]"
G025_R386_C1137,G025_R388_C1135,0.7071067811865476,FALSE,0.861127693358929,"(0.51,0.76]"
G025_R386_C1138,G025_R388_C1135,0.9013878188659973,FALSE,0.8236867125592356,"(0.76,1.01]"
G025_R386_C1139,G025_R388_C1135,1.118033988749895,FALSE,0.7212405464165796,"(1.01,1.51]"
G025_R386_C1141,G025_R388_C1135,1.5811388300841898,FALSE,0.6115147481875112,"(1.51,Inf]"
G025_R387_C1132,G025_R388_C1135,0.7905694150420949,FALSE,0.8663086651642892,"(0.76,1.01]"
G025_R387_C1133,G025_R388_C1135,0.5590169943749475,FALSE,0.9003787743558147,"(0.51,0.76]"
G025_R387_C1134,G025_R388_C1135,0.3535533905932738,FALSE,0.9317029647654153,"(0.26,0.51]"
G025_R387_C1135,G025_R388_C1135,0.25,TRUE,0.9351732555954946,"[0,0.26]"
G025_R387_C1136,G025_R388_C1135,0.3535533905932738,FALSE,0.9235175531955601,"(0.26,0.51]"
G025_R387_C1137,G025_R388_C1135,0.5590169943749475,FALSE,0.8821376758130801,"(0.51,0.76]"
G025_R387_C1138,G025_R388_C1135,0.7905694150420949,FALSE,0.8362880771682062,"(0.76,1.01]"
G025_R387_C1139,G025_R388_C1135,1.0307764064044151,FALSE,0.7892843045671988,"(1.01,1.51]"
G025_R387_C1140,G025_R388_C1135,1.2747548783981961,FALSE,0.7427700351854092,"(1.01,1.51]"
G025_R387_C1141,G025_R388_C1135,1.5206906325745548,FALSE,0.6001282632886754,"(1.51,Inf]"
G025_R387_C1142,G025_R388_C1135,1.7677669529663689,FALSE,0.4462214127144918,"(1.51,Inf]"
G025_R387_C1143,G025_R388_C1135,2.0155644370746373,FALSE,0.4844311472317672,"(1.51,Inf]"
G025_R388_C1132,G025_R388_C1135,0.75,FALSE,0.890619869652221,"(0.51,0.76]"
G025_R388_C1133,G025_R388_C1135,0.5,FALSE,0.9148937468999282,"(0.26,0.51]"
G025_R388_C1134,G025_R388_C1135,0.25,TRUE,0.9625773286946641,"[0,0.26]"
G025_R380_C1132,G025_R388_C1136,2.23606797749979,FALSE,0.7243569323151483,"(1.51,Inf]"
G025_R380_C1133,G025_R388_C1136,2.1360009363293826,FALSE,0.7102059783761296,"(1.51,Inf]"
G025_R380_C1134,G025_R388_C1136,2.0615528128088303,FALSE,0.6549385337253094,"(1.51,Inf]"
G025_R380_C1135,G025_R388_C1136,2.0155644370746373,FALSE,0.5891381780186067,"(1.51,Inf]"
G025_R380_C1143,G025_R388_C1136,2.6575364531836625,FALSE,0.08877482161051746,"(1.51,Inf]"
G025_R380_C1144,G025_R388_C1136,2.8284271247461903,FALSE,0.2653463689311918,"(1.51,Inf]"
G025_R380_C1145,G025_R388_C1136,3.010398644698074,FALSE,0.11009151649616446,"(1.51,Inf]"
G025_R380_C1146,G025_R388_C1136,3.2015621187164243,FALSE,0.004506517780017814,"(1.51,Inf]"
G025_R380_C1147,G025_R388_C1136,3.400367627183861,FALSE,-0.026954842140675894,"(1.51,Inf]"
G025_R381_C1132,G025_R388_C1136,2.0155644370746373,FALSE,0.7708918444189979,"(1.51,Inf]"
G025_R381_C1133,G025_R388_C1136,1.9039432764659772,FALSE,0.7556360820249856,"(1.51,Inf]"
G025_R381_C1134,G025_R388_C1136,1.8200274723201295,FALSE,0.7485854640965232,"(1.51,Inf]"
G025_R381_C1135,G025_R388_C1136,1.7677669529663689,FALSE,0.7532131393644138,"(1.51,Inf]"
G025_R381_C1143,G025_R388_C1136,2.4748737341529163,FALSE,0.1768294808658924,"(1.51,Inf]"
G025_R381_C1144,G025_R388_C1136,2.6575364531836625,FALSE,0.3424575539869121,"(1.51,Inf]"
G025_R381_C1145,G025_R388_C1136,2.850438562747845,FALSE,0.1716560274121517,"(1.51,Inf]"
G025_R381_C1146,G025_R388_C1136,3.0516389039334255,FALSE,0.13638065036032518,"(1.51,Inf]"
G025_R381_C1147,G025_R388_C1136,3.2596012026013246,FALSE,0.08048908775161273,"(1.51,Inf]"
G025_R382_C1132,G025_R388_C1136,1.8027756377319946,FALSE,0.7896430540572551,"(1.51,Inf]"
G025_R382_C1133,G025_R388_C1136,1.6770509831248424,FALSE,0.778932414838836,"(1.51,Inf]"
G025_R382_C1134,G025_R388_C1136,1.5811388300841898,FALSE,0.7821784277899435,"(1.51,Inf]"
G025_R382_C1135,G025_R388_C1136,1.5206906325745548,FALSE,0.7870729168319175,"(1.51,Inf]"
G025_R382_C1136,G025_R388_C1136,1.5,FALSE,0.7586715376347949,"(1.01,1.51]"
G025_R382_C1138,G025_R388_C1136,1.5811388300841898,FALSE,0.1276986770209457,"(1.51,Inf]"
G025_R382_C1141,G025_R388_C1136,1.9525624189766635,FALSE,0.4199477124791274,"(1.51,Inf]"
G025_R382_C1143,G025_R388_C1136,2.3048861143232218,FALSE,0.17847119482764218,"(1.51,Inf]"
G025_R382_C1144,G025_R388_C1136,2.5,FALSE,0.17776627398038986,"(1.51,Inf]"
G025_R382_C1145,G025_R388_C1136,2.704163456597992,FALSE,0.05339866631571481,"(1.51,Inf]"
G025_R382_C1146,G025_R388_C1136,2.9154759474226504,FALSE,-0.028342212948892435,"(1.51,Inf]"
G025_R382_C1147,G025_R388_C1136,3.132491021535417,FALSE,-0.06950192348061604,"(1.51,Inf]"
G025_R383_C1132,G025_R388_C1136,1.6007810593582121,FALSE,0.7821491557315523,"(1.51,Inf]"
G025_R383_C1133,G025_R388_C1136,1.4577379737113252,FALSE,0.801074434843567,"(1.01,1.51]"
G025_R383_C1134,G025_R388_C1136,1.346291201783626,FALSE,0.807804284637411,"(1.01,1.51]"
G025_R383_C1135,G025_R388_C1136,1.2747548783981961,FALSE,0.8154459204011703,"(1.01,1.51]"
G025_R383_C1136,G025_R388_C1136,1.25,FALSE,0.8114534215401469,"(1.01,1.51]"
G025_R383_C1137,G025_R388_C1136,1.2747548783981961,FALSE,0.7784757522163267,"(1.01,1.51]"
G025_R383_C1139,G025_R388_C1136,1.4577379737113252,FALSE,0.7597532245210877,"(1.01,1.51]"
G025_R383_C1140,G025_R388_C1136,1.6007810593582121,FALSE,0.8099155304909006,"(1.51,Inf]"
G025_R383_C1141,G025_R388_C1136,1.7677669529663689,FALSE,0.7149000028500611,"(1.51,Inf]"
G025_R383_C1142,G025_R388_C1136,1.9525624189766635,FALSE,0.5345979804368669,"(1.51,Inf]"
G025_R383_C1143,G025_R388_C1136,2.1505813167606567,FALSE,0.23358014836591884,"(1.51,Inf]"
G025_R383_C1144,G025_R388_C1136,2.358495283014151,FALSE,-0.05742010324219193,"(1.51,Inf]"
G025_R383_C1145,G025_R388_C1136,2.57390753524675,FALSE,-0.07913596545600157,"(1.51,Inf]"
G025_R383_C1146,G025_R388_C1136,2.7950849718747373,FALSE,-0.19113911604799522,"(1.51,Inf]"
G025_R383_C1147,G025_R388_C1136,3.020761493398643,FALSE,-0.251379277590054,"(1.51,Inf]"
G025_R384_C1132,G025_R388_C1136,1.4142135623730951,FALSE,0.7778220849760958,"(1.01,1.51]"
G025_R384_C1133,G025_R388_C1136,1.25,FALSE,0.8108073601574323,"(1.01,1.51]"
G025_R384_C1134,G025_R388_C1136,1.118033988749895,FALSE,0.8319239740751256,"(1.01,1.51]"
G025_R384_C1135,G025_R388_C1136,1.0307764064044151,FALSE,0.8383540225224605,"(1.01,1.51]"
G025_R384_C1136,G025_R388_C1136,1,FALSE,0.8554160073714685,"(0.76,1.01]"
G025_R384_C1137,G025_R388_C1136,1.0307764064044151,FALSE,0.8307912601052397,"(1.01,1.51]"
G025_R384_C1138,G025_R388_C1136,1.118033988749895,FALSE,0.8037284837046015,"(1.01,1.51]"
G025_R384_C1139,G025_R388_C1136,1.25,FALSE,0.8379976313476296,"(1.01,1.51]"
G025_R384_C1140,G025_R388_C1136,1.4142135623730951,FALSE,0.7966736373405704,"(1.01,1.51]"
G025_R384_C1141,G025_R388_C1136,1.6007810593582121,FALSE,0.6713443454033725,"(1.51,Inf]"
G025_R384_C1142,G025_R388_C1136,1.8027756377319946,FALSE,0.44636195023432584,"(1.51,Inf]"
G025_R385_C1132,G025_R388_C1136,1.25,FALSE,0.811457068902662,"(1.01,1.51]"
G025_R385_C1133,G025_R388_C1136,1.0606601717798212,FALSE,0.8225275685926613,"(1.01,1.51]"
G025_R385_C1134,G025_R388_C1136,0.9013878188659973,FALSE,0.8361409448927213,"(0.76,1.01]"
G025_R385_C1135,G025_R388_C1136,0.7905694150420949,FALSE,0.856281072488372,"(0.76,1.01]"
G025_R385_C1136,G025_R388_C1136,0.75,FALSE,0.8719930386367594,"(0.51,0.76]"
G025_R385_C1137,G025_R388_C1136,0.7905694150420949,FALSE,0.8552596277139504,"(0.76,1.01]"
G025_R385_C1138,G025_R388_C1136,0.9013878188659973,FALSE,0.8574508390881906,"(0.76,1.01]"
G025_R385_C1139,G025_R388_C1136,1.0606601717798212,FALSE,0.815076424893193,"(1.01,1.51]"
G025_R385_C1140,G025_R388_C1136,1.25,FALSE,0.704273154742175,"(1.01,1.51]"
G025_R385_C1141,G025_R388_C1136,1.4577379737113252,FALSE,0.5858611943036154,"(1.01,1.51]"
G025_R385_C1142,G025_R388_C1136,1.6770509831248424,FALSE,0.43358223307516924,"(1.51,Inf]"
G025_R386_C1132,G025_R388_C1136,1.118033988749895,FALSE,0.8291186398040276,"(1.01,1.51]"
G025_R386_C1133,G025_R388_C1136,0.9013878188659973,FALSE,0.8511471485319648,"(0.76,1.01]"
G025_R386_C1134,G025_R388_C1136,0.7071067811865476,FALSE,0.8650391195719729,"(0.51,0.76]"
G025_R386_C1135,G025_R388_C1136,0.5590169943749475,FALSE,0.8682525229058017,"(0.51,0.76]"
G025_R386_C1136,G025_R388_C1136,0.5,FALSE,0.8958973485314939,"(0.26,0.51]"
G025_R386_C1137,G025_R388_C1136,0.5590169943749475,FALSE,0.8591737307896963,"(0.51,0.76]"
G025_R386_C1138,G025_R388_C1136,0.7071067811865476,FALSE,0.8318519920765272,"(0.51,0.76]"
G025_R386_C1139,G025_R388_C1136,0.9013878188659973,FALSE,0.7396843348800406,"(0.76,1.01]"
G025_R386_C1141,G025_R388_C1136,1.346291201783626,FALSE,0.6159851944810335,"(1.01,1.51]"
G025_R387_C1132,G025_R388_C1136,1.0307764064044151,FALSE,0.8425199043820771,"(1.01,1.51]"
G025_R387_C1133,G025_R388_C1136,0.7905694150420949,FALSE,0.8668065381692395,"(0.76,1.01]"
G025_R387_C1134,G025_R388_C1136,0.5590169943749475,FALSE,0.8825428747869656,"(0.51,0.76]"
G025_R387_C1135,G025_R388_C1136,0.3535533905932738,FALSE,0.9014603036629826,"(0.26,0.51]"
G025_R387_C1136,G025_R388_C1136,0.25,TRUE,0.924387492294977,"[0,0.26]"
G025_R387_C1137,G025_R388_C1136,0.3535533905932738,FALSE,0.9094257171166106,"(0.26,0.51]"
G025_R387_C1138,G025_R388_C1136,0.5590169943749475,FALSE,0.862240427750537,"(0.51,0.76]"
G025_R387_C1139,G025_R388_C1136,0.7905694150420949,FALSE,0.8077012544561855,"(0.76,1.01]"
G025_R387_C1140,G025_R388_C1136,1.0307764064044151,FALSE,0.7522899474261028,"(1.01,1.51]"
G025_R387_C1141,G025_R388_C1136,1.2747548783981961,FALSE,0.5934391358373581,"(1.01,1.51]"
G025_R387_C1142,G025_R388_C1136,1.5206906325745548,FALSE,0.4611915394466491,"(1.51,Inf]"
G025_R387_C1143,G025_R388_C1136,1.7677669529663689,FALSE,0.44427195184495105,"(1.51,Inf]"
G025_R388_C1132,G025_R388_C1136,1,FALSE,0.8519553836456246,"(0.76,1.01]"
G025_R388_C1133,G025_R388_C1136,0.75,FALSE,0.8701135228451351,"(0.51,0.76]"
G025_R388_C1134,G025_R388_C1136,0.5,FALSE,0.8939103119833464,"(0.26,0.51]"
G025_R388_C1135,G025_R388_C1136,0.25,TRUE,0.9465863566577716,"[0,0.26]"
G025_R380_C1132,G025_R388_C1137,2.358495283014151,FALSE,0.709388977180843,"(1.51,Inf]"
G025_R380_C1133,G025_R388_C1137,2.23606797749979,FALSE,0.6892194360271702,"(1.51,Inf]"
G025_R380_C1134,G025_R388_C1137,2.1360009363293826,FALSE,0.6318768808281235,"(1.51,Inf]"
G025_R380_C1135,G025_R388_C1137,2.0615528128088303,FALSE,0.579632989935479,"(1.51,Inf]"
G025_R380_C1143,G025_R388_C1137,2.5,FALSE,0.08244588024290167,"(1.51,Inf]"
G025_R380_C1144,G025_R388_C1137,2.6575364531836625,FALSE,0.2667502719679754,"(1.51,Inf]"
G025_R380_C1145,G025_R388_C1137,2.8284271247461903,FALSE,0.12180304863203158,"(1.51,Inf]"
G025_R380_C1146,G025_R388_C1137,3.010398644698074,FALSE,-0.008879675510691598,"(1.51,Inf]"
G025_R380_C1147,G025_R388_C1137,3.2015621187164243,FALSE,-0.04513625605817816,"(1.51,Inf]"
G025_R381_C1132,G025_R388_C1137,2.1505813167606567,FALSE,0.7486719897765932,"(1.51,Inf]"
G025_R381_C1133,G025_R388_C1137,2.0155644370746373,FALSE,0.7350295369232056,"(1.51,Inf]"
G025_R381_C1134,G025_R388_C1137,1.9039432764659772,FALSE,0.727152748846184,"(1.51,Inf]"
G025_R381_C1135,G025_R388_C1137,1.8200274723201295,FALSE,0.7212241873567032,"(1.51,Inf]"
G025_R381_C1143,G025_R388_C1137,2.3048861143232218,FALSE,0.19637730387008998,"(1.51,Inf]"
G025_R381_C1144,G025_R388_C1137,2.4748737341529163,FALSE,0.35682477213688685,"(1.51,Inf]"
G025_R381_C1145,G025_R388_C1137,2.6575364531836625,FALSE,0.1798551492875948,"(1.51,Inf]"
G025_R381_C1146,G025_R388_C1137,2.850438562747845,FALSE,0.132828562278606,"(1.51,Inf]"
G025_R381_C1147,G025_R388_C1137,3.0516389039334255,FALSE,0.06862632205406309,"(1.51,Inf]"
G025_R382_C1132,G025_R388_C1137,1.9525624189766635,FALSE,0.7679410899047382,"(1.51,Inf]"
G025_R382_C1133,G025_R388_C1137,1.8027756377319946,FALSE,0.760023003650986,"(1.51,Inf]"
G025_R382_C1134,G025_R388_C1137,1.6770509831248424,FALSE,0.7597295720978282,"(1.51,Inf]"
G025_R382_C1135,G025_R388_C1137,1.5811388300841898,FALSE,0.760143970113142,"(1.51,Inf]"
G025_R382_C1136,G025_R388_C1137,1.5206906325745548,FALSE,0.7346082519799918,"(1.51,Inf]"
G025_R382_C1138,G025_R388_C1137,1.5206906325745548,FALSE,0.185199457468388,"(1.51,Inf]"
G025_R382_C1141,G025_R388_C1137,1.8027756377319946,FALSE,0.43037730276619196,"(1.51,Inf]"
G025_R382_C1143,G025_R388_C1137,2.1213203435596424,FALSE,0.23381029816198395,"(1.51,Inf]"
G025_R382_C1144,G025_R388_C1137,2.3048861143232218,FALSE,0.18877731594865976,"(1.51,Inf]"
G025_R382_C1145,G025_R388_C1137,2.5,FALSE,0.05977889670928812,"(1.51,Inf]"
G025_R382_C1146,G025_R388_C1137,2.704163456597992,FALSE,-0.023041097812070765,"(1.51,Inf]"
G025_R382_C1147,G025_R388_C1137,2.9154759474226504,FALSE,-0.05704208085501348,"(1.51,Inf]"
G025_R383_C1132,G025_R388_C1137,1.7677669529663689,FALSE,0.7598648346723298,"(1.51,Inf]"
G025_R383_C1133,G025_R388_C1137,1.6007810593582121,FALSE,0.7762790341480228,"(1.51,Inf]"
G025_R383_C1134,G025_R388_C1137,1.4577379737113252,FALSE,0.7903408443996561,"(1.01,1.51]"
G025_R383_C1135,G025_R388_C1137,1.346291201783626,FALSE,0.7935960584023845,"(1.01,1.51]"
G025_R383_C1136,G025_R388_C1137,1.2747548783981961,FALSE,0.7959223966188816,"(1.01,1.51]"
G025_R383_C1137,G025_R388_C1137,1.25,FALSE,0.7686976784355972,"(1.01,1.51]"
G025_R383_C1139,G025_R388_C1137,1.346291201783626,FALSE,0.7682541944253308,"(1.01,1.51]"
G025_R383_C1140,G025_R388_C1137,1.4577379737113252,FALSE,0.8215228008771285,"(1.01,1.51]"
G025_R383_C1141,G025_R388_C1137,1.6007810593582121,FALSE,0.7394072689335888,"(1.51,Inf]"
G025_R383_C1142,G025_R388_C1137,1.7677669529663689,FALSE,0.5589795759721093,"(1.51,Inf]"
G025_R383_C1143,G025_R388_C1137,1.9525624189766635,FALSE,0.2654462517219052,"(1.51,Inf]"
G025_R383_C1144,G025_R388_C1137,2.1505813167606567,FALSE,-0.004413149182466197,"(1.51,Inf]"
G025_R383_C1145,G025_R388_C1137,2.358495283014151,FALSE,-0.03420676006425665,"(1.51,Inf]"
G025_R383_C1146,G025_R388_C1137,2.57390753524675,FALSE,-0.1588585845799869,"(1.51,Inf]"
G025_R383_C1147,G025_R388_C1137,2.7950849718747373,FALSE,-0.23877668632646132,"(1.51,Inf]"
G025_R384_C1132,G025_R388_C1137,1.6007810593582121,FALSE,0.7515767200000766,"(1.51,Inf]"
G025_R384_C1133,G025_R388_C1137,1.4142135623730951,FALSE,0.7805614794402851,"(1.01,1.51]"
G025_R384_C1134,G025_R388_C1137,1.25,FALSE,0.796137076192786,"(1.01,1.51]"
G025_R384_C1135,G025_R388_C1137,1.118033988749895,FALSE,0.8031958132743572,"(1.01,1.51]"
G025_R384_C1136,G025_R388_C1137,1.0307764064044151,FALSE,0.8284862513560978,"(1.01,1.51]"
G025_R384_C1137,G025_R388_C1137,1,FALSE,0.8164190925813782,"(0.76,1.01]"
G025_R384_C1138,G025_R388_C1137,1.0307764064044151,FALSE,0.7915214478937126,"(1.01,1.51]"
G025_R384_C1139,G025_R388_C1137,1.118033988749895,FALSE,0.8478581791585702,"(1.01,1.51]"
G025_R384_C1140,G025_R388_C1137,1.25,FALSE,0.8326293556636133,"(1.01,1.51]"
G025_R384_C1141,G025_R388_C1137,1.4142135623730951,FALSE,0.695847078065008,"(1.01,1.51]"
G025_R384_C1142,G025_R388_C1137,1.6007810593582121,FALSE,0.4547796335807867,"(1.51,Inf]"
G025_R385_C1132,G025_R388_C1137,1.4577379737113252,FALSE,0.7796626854101443,"(1.01,1.51]"
G025_R385_C1133,G025_R388_C1137,1.25,FALSE,0.795890156995077,"(1.01,1.51]"
G025_R385_C1134,G025_R388_C1137,1.0606601717798212,FALSE,0.8073402933317484,"(1.01,1.51]"
G025_R385_C1135,G025_R388_C1137,0.9013878188659973,FALSE,0.8295282342813933,"(0.76,1.01]"
G025_R385_C1136,G025_R388_C1137,0.7905694150420949,FALSE,0.8511195704237557,"(0.76,1.01]"
G025_R385_C1137,G025_R388_C1137,0.75,FALSE,0.8481056633867998,"(0.51,0.76]"
G025_R385_C1138,G025_R388_C1137,0.7905694150420949,FALSE,0.8542207397041475,"(0.76,1.01]"
G025_R385_C1139,G025_R388_C1137,0.9013878188659973,FALSE,0.8370525039853445,"(0.76,1.01]"
G025_R385_C1140,G025_R388_C1137,1.0606601717798212,FALSE,0.7434426391460819,"(1.01,1.51]"
G025_R385_C1141,G025_R388_C1137,1.25,FALSE,0.6194960319104761,"(1.01,1.51]"
G025_R385_C1142,G025_R388_C1137,1.4577379737113252,FALSE,0.41387768349059145,"(1.01,1.51]"
G025_R386_C1132,G025_R388_C1137,1.346291201783626,FALSE,0.7973914890734959,"(1.01,1.51]"
G025_R386_C1133,G025_R388_C1137,1.118033988749895,FALSE,0.8202000565908536,"(1.01,1.51]"
G025_R386_C1134,G025_R388_C1137,0.9013878188659973,FALSE,0.8355810408828342,"(0.76,1.01]"
G025_R386_C1135,G025_R388_C1137,0.7071067811865476,FALSE,0.8603437775987062,"(0.51,0.76]"
G025_R386_C1136,G025_R388_C1137,0.5590169943749475,FALSE,0.884567002716519,"(0.51,0.76]"
G025_R386_C1137,G025_R388_C1137,0.5,FALSE,0.879319749090522,"(0.26,0.51]"
G025_R386_C1138,G025_R388_C1137,0.5590169943749475,FALSE,0.8573434091648161,"(0.51,0.76]"
G025_R386_C1139,G025_R388_C1137,0.7071067811865476,FALSE,0.7738636054238512,"(0.51,0.76]"
G025_R386_C1141,G025_R388_C1137,1.118033988749895,FALSE,0.6238419486729557,"(1.01,1.51]"
G025_R387_C1132,G025_R388_C1137,1.2747548783981961,FALSE,0.8131180250904619,"(1.01,1.51]"
G025_R387_C1133,G025_R388_C1137,1.0307764064044151,FALSE,0.8275805153599954,"(1.01,1.51]"
G025_R387_C1134,G025_R388_C1137,0.7905694150420949,FALSE,0.8554869482699984,"(0.76,1.01]"
G025_R387_C1135,G025_R388_C1137,0.5590169943749475,FALSE,0.8845795450165893,"(0.51,0.76]"
G025_R387_C1136,G025_R388_C1137,0.3535533905932738,FALSE,0.9047900544590755,"(0.26,0.51]"
G025_R387_C1137,G025_R388_C1137,0.25,TRUE,0.9364233991000752,"[0,0.26]"
G025_R387_C1138,G025_R388_C1137,0.3535533905932738,FALSE,0.9090964042877301,"(0.26,0.51]"
G025_R387_C1139,G025_R388_C1137,0.5590169943749475,FALSE,0.8478197915928295,"(0.51,0.76]"
G025_R387_C1140,G025_R388_C1137,0.7905694150420949,FALSE,0.78081037040288,"(0.76,1.01]"
G025_R387_C1141,G025_R388_C1137,1.0307764064044151,FALSE,0.5848009814272629,"(1.01,1.51]"
G025_R387_C1142,G025_R388_C1137,1.2747548783981961,FALSE,0.45492039097171905,"(1.01,1.51]"
G025_R387_C1143,G025_R388_C1137,1.5206906325745548,FALSE,0.435394206753982,"(1.51,Inf]"
G025_R388_C1132,G025_R388_C1137,1.25,FALSE,0.8284500524558666,"(1.01,1.51]"
G025_R388_C1133,G025_R388_C1137,1,FALSE,0.8388155634999903,"(0.76,1.01]"
G025_R388_C1134,G025_R388_C1137,0.75,FALSE,0.8563623689596153,"(0.51,0.76]"
G025_R388_C1135,G025_R388_C1137,0.5,FALSE,0.903025018405865,"(0.26,0.51]"
G025_R388_C1136,G025_R388_C1137,0.25,TRUE,0.952538638654854,"[0,0.26]"
G025_R380_C1132,G025_R388_C1138,2.5,FALSE,0.6991004572187588,"(1.51,Inf]"
G025_R380_C1133,G025_R388_C1138,2.358495283014151,FALSE,0.6741207848601944,"(1.51,Inf]"
G025_R380_C1134,G025_R388_C1138,2.23606797749979,FALSE,0.624677878801112,"(1.51,Inf]"
G025_R380_C1135,G025_R388_C1138,2.1360009363293826,FALSE,0.5711056450712565,"(1.51,Inf]"
G025_R380_C1143,G025_R388_C1138,2.358495283014151,FALSE,0.05829486303244142,"(1.51,Inf]"
G025_R380_C1144,G025_R388_C1138,2.5,FALSE,0.22189456355339057,"(1.51,Inf]"
G025_R380_C1145,G025_R388_C1138,2.6575364531836625,FALSE,0.10509527227528856,"(1.51,Inf]"
G025_R380_C1146,G025_R388_C1138,2.8284271247461903,FALSE,-0.012596658535445381,"(1.51,Inf]"
G025_R380_C1147,G025_R388_C1138,3.010398644698074,FALSE,-0.08679688788115594,"(1.51,Inf]"
G025_R381_C1132,G025_R388_C1138,2.3048861143232218,FALSE,0.7391552694156229,"(1.51,Inf]"
G025_R381_C1133,G025_R388_C1138,2.1505813167606567,FALSE,0.7175001832324647,"(1.51,Inf]"
G025_R381_C1134,G025_R388_C1138,2.0155644370746373,FALSE,0.6931995196685967,"(1.51,Inf]"
G025_R381_C1135,G025_R388_C1138,1.9039432764659772,FALSE,0.682120113526081,"(1.51,Inf]"
G025_R381_C1143,G025_R388_C1138,2.1505813167606567,FALSE,0.1923395671618384,"(1.51,Inf]"
G025_R381_C1144,G025_R388_C1138,2.3048861143232218,FALSE,0.3164355493586621,"(1.51,Inf]"
G025_R381_C1145,G025_R388_C1138,2.4748737341529163,FALSE,0.1781875679959974,"(1.51,Inf]"
G025_R381_C1146,G025_R388_C1138,2.6575364531836625,FALSE,0.14434435681927157,"(1.51,Inf]"
G025_R381_C1147,G025_R388_C1138,2.850438562747845,FALSE,0.0778383184829934,"(1.51,Inf]"
G025_R382_C1132,G025_R388_C1138,2.1213203435596424,FALSE,0.7471524888608426,"(1.51,Inf]"
G025_R382_C1133,G025_R388_C1138,1.9525624189766635,FALSE,0.7393400474491469,"(1.51,Inf]"
G025_R382_C1134,G025_R388_C1138,1.8027756377319946,FALSE,0.7400179074207064,"(1.51,Inf]"
G025_R382_C1135,G025_R388_C1138,1.6770509831248424,FALSE,0.7401767713895033,"(1.51,Inf]"
G025_R382_C1136,G025_R388_C1138,1.5811388300841898,FALSE,0.7123345183633777,"(1.51,Inf]"
G025_R382_C1138,G025_R388_C1138,1.5,FALSE,0.2035993173376543,"(1.01,1.51]"
G025_R382_C1141,G025_R388_C1138,1.6770509831248424,FALSE,0.40387857375019526,"(1.51,Inf]"
G025_R382_C1143,G025_R388_C1138,1.9525624189766635,FALSE,0.2505368634840897,"(1.51,Inf]"
G025_R382_C1144,G025_R388_C1138,2.1213203435596424,FALSE,0.2295025770031243,"(1.51,Inf]"
G025_R382_C1145,G025_R388_C1138,2.3048861143232218,FALSE,0.07903003097996841,"(1.51,Inf]"
G025_R382_C1146,G025_R388_C1138,2.5,FALSE,-0.04216510028400784,"(1.51,Inf]"
G025_R382_C1147,G025_R388_C1138,2.704163456597992,FALSE,-0.07394745886201759,"(1.51,Inf]"
G025_R383_C1132,G025_R388_C1138,1.9525624189766635,FALSE,0.7397792853806923,"(1.51,Inf]"
G025_R383_C1133,G025_R388_C1138,1.7677669529663689,FALSE,0.7441382365419223,"(1.51,Inf]"
G025_R383_C1134,G025_R388_C1138,1.6007810593582121,FALSE,0.7548984313212684,"(1.51,Inf]"
G025_R383_C1135,G025_R388_C1138,1.4577379737113252,FALSE,0.762499513112802,"(1.01,1.51]"
G025_R383_C1136,G025_R388_C1138,1.346291201783626,FALSE,0.7739919076402294,"(1.01,1.51]"
G025_R383_C1137,G025_R388_C1138,1.2747548783981961,FALSE,0.7528361702705891,"(1.01,1.51]"
G025_R383_C1139,G025_R388_C1138,1.2747548783981961,FALSE,0.7427773762545439,"(1.01,1.51]"
G025_R383_C1140,G025_R388_C1138,1.346291201783626,FALSE,0.8152224512114619,"(1.01,1.51]"
G025_R383_C1141,G025_R388_C1138,1.4577379737113252,FALSE,0.7409594048472588,"(1.01,1.51]"
G025_R383_C1142,G025_R388_C1138,1.6007810593582121,FALSE,0.5971217651315024,"(1.51,Inf]"
G025_R383_C1143,G025_R388_C1138,1.7677669529663689,FALSE,0.31894116965168706,"(1.51,Inf]"
G025_R383_C1144,G025_R388_C1138,1.9525624189766635,FALSE,0.0599252687926734,"(1.51,Inf]"
G025_R383_C1145,G025_R388_C1138,2.1505813167606567,FALSE,-0.003483529810085135,"(1.51,Inf]"
G025_R383_C1146,G025_R388_C1138,2.358495283014151,FALSE,-0.13105851489213338,"(1.51,Inf]"
G025_R383_C1147,G025_R388_C1138,2.57390753524675,FALSE,-0.2308614170195987,"(1.51,Inf]"
G025_R384_C1132,G025_R388_C1138,1.8027756377319946,FALSE,0.7346788292647588,"(1.51,Inf]"
G025_R384_C1133,G025_R388_C1138,1.6007810593582121,FALSE,0.7488480316004065,"(1.51,Inf]"
G025_R384_C1134,G025_R388_C1138,1.4142135623730951,FALSE,0.7617038227788232,"(1.01,1.51]"
G025_R384_C1135,G025_R388_C1138,1.25,FALSE,0.7704824431219038,"(1.01,1.51]"
G025_R384_C1136,G025_R388_C1138,1.118033988749895,FALSE,0.7919512279161828,"(1.01,1.51]"
G025_R384_C1137,G025_R388_C1138,1.0307764064044151,FALSE,0.7861182232120861,"(1.01,1.51]"
G025_R384_C1138,G025_R388_C1138,1,FALSE,0.7528323132002079,"(0.76,1.01]"
G025_R384_C1139,G025_R388_C1138,1.0307764064044151,FALSE,0.8267124647675361,"(1.01,1.51]"
G025_R384_C1140,G025_R388_C1138,1.118033988749895,FALSE,0.8424335886211244,"(1.01,1.51]"
G025_R384_C1141,G025_R388_C1138,1.25,FALSE,0.7236622518625718,"(1.01,1.51]"
G025_R384_C1142,G025_R388_C1138,1.4142135623730951,FALSE,0.4989371167992539,"(1.01,1.51]"
G025_R385_C1132,G025_R388_C1138,1.6770509831248424,FALSE,0.7561913457587262,"(1.51,Inf]"
G025_R385_C1133,G025_R388_C1138,1.4577379737113252,FALSE,0.7690999755978415,"(1.01,1.51]"
G025_R385_C1134,G025_R388_C1138,1.25,FALSE,0.7854760543131389,"(1.01,1.51]"
G025_R385_C1135,G025_R388_C1138,1.0606601717798212,FALSE,0.8057967950292927,"(1.01,1.51]"
G025_R385_C1136,G025_R388_C1138,0.9013878188659973,FALSE,0.8200973059672708,"(0.76,1.01]"
G025_R385_C1137,G025_R388_C1138,0.7905694150420949,FALSE,0.8177910391870529,"(0.76,1.01]"
G025_R385_C1138,G025_R388_C1138,0.75,FALSE,0.8354630987828287,"(0.51,0.76]"
G025_R385_C1139,G025_R388_C1138,0.7905694150420949,FALSE,0.8472518803270047,"(0.76,1.01]"
G025_R385_C1140,G025_R388_C1138,0.9013878188659973,FALSE,0.7875046416601943,"(0.76,1.01]"
G025_R385_C1141,G025_R388_C1138,1.0606601717798212,FALSE,0.6647138843674154,"(1.01,1.51]"
G025_R385_C1142,G025_R388_C1138,1.25,FALSE,0.4508479112565569,"(1.01,1.51]"
G025_R386_C1132,G025_R388_C1138,1.5811388300841898,FALSE,0.7751429695822721,"(1.51,Inf]"
G025_R386_C1133,G025_R388_C1138,1.346291201783626,FALSE,0.7941372688743499,"(1.01,1.51]"
G025_R386_C1134,G025_R388_C1138,1.118033988749895,FALSE,0.8051249479266718,"(1.01,1.51]"
G025_R386_C1135,G025_R388_C1138,0.9013878188659973,FALSE,0.8346393751639656,"(0.76,1.01]"
G025_R386_C1136,G025_R388_C1138,0.7071067811865476,FALSE,0.8539449313351952,"(0.51,0.76]"
G025_R386_C1137,G025_R388_C1138,0.5590169943749475,FALSE,0.863651010856702,"(0.51,0.76]"
G025_R386_C1138,G025_R388_C1138,0.5,FALSE,0.8669969628143945,"(0.26,0.51]"
G025_R386_C1139,G025_R388_C1138,0.5590169943749475,FALSE,0.8188867422160212,"(0.51,0.76]"
G025_R386_C1141,G025_R388_C1138,0.9013878188659973,FALSE,0.6704248959161277,"(0.76,1.01]"
G025_R387_C1132,G025_R388_C1138,1.5206906325745548,FALSE,0.7894362134512105,"(1.51,Inf]"
G025_R387_C1133,G025_R388_C1138,1.2747548783981961,FALSE,0.8025598211592255,"(1.01,1.51]"
G025_R387_C1134,G025_R388_C1138,1.0307764064044151,FALSE,0.8265889396622156,"(1.01,1.51]"
G025_R387_C1135,G025_R388_C1138,0.7905694150420949,FALSE,0.8507373088084111,"(0.76,1.01]"
G025_R387_C1136,G025_R388_C1138,0.5590169943749475,FALSE,0.8677836975029465,"(0.51,0.76]"
G025_R387_C1137,G025_R388_C1138,0.3535533905932738,FALSE,0.9143587686445955,"(0.26,0.51]"
G025_R387_C1138,G025_R388_C1138,0.25,TRUE,0.9372163447673297,"[0,0.26]"
G025_R387_C1139,G025_R388_C1138,0.3535533905932738,FALSE,0.8852806600564391,"(0.26,0.51]"
G025_R387_C1140,G025_R388_C1138,0.5590169943749475,FALSE,0.8171560057526434,"(0.51,0.76]"
G025_R387_C1141,G025_R388_C1138,0.7905694150420949,FALSE,0.5887406234866114,"(0.76,1.01]"
G025_R387_C1142,G025_R388_C1138,1.0307764064044151,FALSE,0.4354400650014448,"(1.01,1.51]"
G025_R387_C1143,G025_R388_C1138,1.2747548783981961,FALSE,0.42655567536779715,"(1.01,1.51]"
G025_R388_C1132,G025_R388_C1138,1.5,FALSE,0.8098962443477081,"(1.01,1.51]"
G025_R388_C1133,G025_R388_C1138,1.25,FALSE,0.8091322199617978,"(1.01,1.51]"
G025_R388_C1134,G025_R388_C1138,1,FALSE,0.8346474435182144,"(0.76,1.01]"
G025_R388_C1135,G025_R388_C1138,0.75,FALSE,0.8630116933089785,"(0.51,0.76]"
G025_R388_C1136,G025_R388_C1138,0.5,FALSE,0.8968833271556809,"(0.26,0.51]"
G025_R388_C1137,G025_R388_C1138,0.25,TRUE,0.9548478286999018,"[0,0.26]"
G025_R380_C1132,G025_R388_C1139,2.6575364531836625,FALSE,0.7151141979191183,"(1.51,Inf]"
G025_R380_C1133,G025_R388_C1139,2.5,FALSE,0.6852450978556925,"(1.51,Inf]"
G025_R380_C1134,G025_R388_C1139,2.358495283014151,FALSE,0.6369913199075062,"(1.51,Inf]"
G025_R380_C1135,G025_R388_C1139,2.23606797749979,FALSE,0.5803153840754155,"(1.51,Inf]"
G025_R380_C1143,G025_R388_C1139,2.23606797749979,FALSE,0.11093932561594082,"(1.51,Inf]"
G025_R380_C1144,G025_R388_C1139,2.358495283014151,FALSE,0.21028393613532112,"(1.51,Inf]"
G025_R380_C1145,G025_R388_C1139,2.5,FALSE,0.10455767269091916,"(1.51,Inf]"
G025_R380_C1146,G025_R388_C1139,2.6575364531836625,FALSE,-0.029772721481701184,"(1.51,Inf]"
G025_R380_C1147,G025_R388_C1139,2.8284271247461903,FALSE,-0.10404857236104081,"(1.51,Inf]"
G025_R381_C1132,G025_R388_C1139,2.4748737341529163,FALSE,0.7479463147797817,"(1.51,Inf]"
G025_R381_C1133,G025_R388_C1139,2.3048861143232218,FALSE,0.740557711314499,"(1.51,Inf]"
G025_R381_C1134,G025_R388_C1139,2.1505813167606567,FALSE,0.7079058986089946,"(1.51,Inf]"
G025_R381_C1135,G025_R388_C1139,2.0155644370746373,FALSE,0.6979926276924941,"(1.51,Inf]"
G025_R381_C1143,G025_R388_C1139,2.0155644370746373,FALSE,0.17125632912507938,"(1.51,Inf]"
G025_R381_C1144,G025_R388_C1139,2.1505813167606567,FALSE,0.30791733827691103,"(1.51,Inf]"
G025_R381_C1145,G025_R388_C1139,2.3048861143232218,FALSE,0.16955026103025667,"(1.51,Inf]"
G025_R381_C1146,G025_R388_C1139,2.4748737341529163,FALSE,0.11764250543510998,"(1.51,Inf]"
G025_R381_C1147,G025_R388_C1139,2.6575364531836625,FALSE,0.02452495630669877,"(1.51,Inf]"
G025_R382_C1132,G025_R388_C1139,2.3048861143232218,FALSE,0.7478989106301237,"(1.51,Inf]"
G025_R382_C1133,G025_R388_C1139,2.1213203435596424,FALSE,0.7558088128225657,"(1.51,Inf]"
G025_R382_C1134,G025_R388_C1139,1.9525624189766635,FALSE,0.7612158369822485,"(1.51,Inf]"
G025_R382_C1135,G025_R388_C1139,1.8027756377319946,FALSE,0.765720340684401,"(1.51,Inf]"
G025_R382_C1136,G025_R388_C1139,1.6770509831248424,FALSE,0.7294124706192041,"(1.51,Inf]"
G025_R382_C1138,G025_R388_C1139,1.5206906325745548,FALSE,0.21699631741248143,"(1.51,Inf]"
G025_R382_C1141,G025_R388_C1139,1.5811388300841898,FALSE,0.40392597430479005,"(1.51,Inf]"
G025_R382_C1143,G025_R388_C1139,1.8027756377319946,FALSE,0.2821347216459423,"(1.51,Inf]"
G025_R382_C1144,G025_R388_C1139,1.9525624189766635,FALSE,0.18468088041690578,"(1.51,Inf]"
G025_R382_C1145,G025_R388_C1139,2.1213203435596424,FALSE,0.0401196435468794,"(1.51,Inf]"
G025_R382_C1146,G025_R388_C1139,2.3048861143232218,FALSE,-0.07249084120758703,"(1.51,Inf]"
G025_R382_C1147,G025_R388_C1139,2.5,FALSE,-0.12807137671381605,"(1.51,Inf]"
G025_R383_C1132,G025_R388_C1139,2.1505813167606567,FALSE,0.7291143704095226,"(1.51,Inf]"
G025_R383_C1133,G025_R388_C1139,1.9525624189766635,FALSE,0.7458727149459992,"(1.51,Inf]"
G025_R383_C1134,G025_R388_C1139,1.7677669529663689,FALSE,0.7716943128365213,"(1.51,Inf]"
G025_R383_C1135,G025_R388_C1139,1.6007810593582121,FALSE,0.7762176089133359,"(1.51,Inf]"
G025_R383_C1136,G025_R388_C1139,1.4577379737113252,FALSE,0.7853728748579007,"(1.01,1.51]"
G025_R383_C1137,G025_R388_C1139,1.346291201783626,FALSE,0.7487079336070425,"(1.01,1.51]"
G025_R383_C1139,G025_R388_C1139,1.25,FALSE,0.7350197974167032,"(1.01,1.51]"
G025_R383_C1140,G025_R388_C1139,1.2747548783981961,FALSE,0.8131843209343789,"(1.01,1.51]"
G025_R383_C1141,G025_R388_C1139,1.346291201783626,FALSE,0.7618659120859909,"(1.01,1.51]"
G025_R383_C1142,G025_R388_C1139,1.4577379737113252,FALSE,0.6237873409617731,"(1.01,1.51]"
G025_R383_C1143,G025_R388_C1139,1.6007810593582121,FALSE,0.35892871145544447,"(1.51,Inf]"
G025_R383_C1144,G025_R388_C1139,1.7677669529663689,FALSE,0.0399456804849141,"(1.51,Inf]"
G025_R383_C1145,G025_R388_C1139,1.9525624189766635,FALSE,0.005648572005778604,"(1.51,Inf]"
G025_R383_C1146,G025_R388_C1139,2.1505813167606567,FALSE,-0.11404764224540219,"(1.51,Inf]"
G025_R383_C1147,G025_R388_C1139,2.358495283014151,FALSE,-0.25465965568824,"(1.51,Inf]"
G025_R384_C1132,G025_R388_C1139,2.0155644370746373,FALSE,0.7191395791134828,"(1.51,Inf]"
G025_R384_C1133,G025_R388_C1139,1.8027756377319946,FALSE,0.7413874602435352,"(1.51,Inf]"
G025_R384_C1134,G025_R388_C1139,1.6007810593582121,FALSE,0.769581768497306,"(1.51,Inf]"
G025_R384_C1135,G025_R388_C1139,1.4142135623730951,FALSE,0.7807088636994225,"(1.01,1.51]"
G025_R384_C1136,G025_R388_C1139,1.25,FALSE,0.7963968871154314,"(1.01,1.51]"
G025_R384_C1137,G025_R388_C1139,1.118033988749895,FALSE,0.7749315590479895,"(1.01,1.51]"
G025_R384_C1138,G025_R388_C1139,1.0307764064044151,FALSE,0.7413667178140354,"(1.01,1.51]"
G025_R384_C1139,G025_R388_C1139,1,FALSE,0.8142032829900901,"(0.76,1.01]"
G025_R384_C1140,G025_R388_C1139,1.0307764064044151,FALSE,0.8491781364840099,"(1.01,1.51]"
G025_R384_C1141,G025_R388_C1139,1.118033988749895,FALSE,0.7574137070018133,"(1.01,1.51]"
G025_R384_C1142,G025_R388_C1139,1.25,FALSE,0.5494683060300828,"(1.01,1.51]"
G025_R385_C1132,G025_R388_C1139,1.9039432764659772,FALSE,0.7432263908517446,"(1.51,Inf]"
G025_R385_C1133,G025_R388_C1139,1.6770509831248424,FALSE,0.7627089552906767,"(1.51,Inf]"
G025_R385_C1134,G025_R388_C1139,1.4577379737113252,FALSE,0.7802596492407144,"(1.01,1.51]"
G025_R385_C1135,G025_R388_C1139,1.25,FALSE,0.7994986885346367,"(1.01,1.51]"
G025_R385_C1136,G025_R388_C1139,1.0606601717798212,FALSE,0.8098849258659065,"(1.01,1.51]"
G025_R385_C1137,G025_R388_C1139,0.9013878188659973,FALSE,0.7798446007948807,"(0.76,1.01]"
G025_R385_C1138,G025_R388_C1139,0.7905694150420949,FALSE,0.8090767056654767,"(0.76,1.01]"
G025_R385_C1139,G025_R388_C1139,0.75,FALSE,0.8372347658865605,"(0.51,0.76]"
G025_R385_C1140,G025_R388_C1139,0.7905694150420949,FALSE,0.8071943577456948,"(0.76,1.01]"
G025_R385_C1141,G025_R388_C1139,0.9013878188659973,FALSE,0.7090543612206459,"(0.76,1.01]"
G025_R385_C1142,G025_R388_C1139,1.0606601717798212,FALSE,0.47268612567598944,"(1.01,1.51]"
G025_R386_C1132,G025_R388_C1139,1.8200274723201295,FALSE,0.7604787586466885,"(1.51,Inf]"
G025_R386_C1133,G025_R388_C1139,1.5811388300841898,FALSE,0.7840561775927689,"(1.51,Inf]"
G025_R386_C1134,G025_R388_C1139,1.346291201783626,FALSE,0.7879400910084927,"(1.01,1.51]"
G025_R386_C1135,G025_R388_C1139,1.118033988749895,FALSE,0.8188717128100621,"(1.01,1.51]"
G025_R386_C1136,G025_R388_C1139,0.9013878188659973,FALSE,0.8295450670430029,"(0.76,1.01]"
G025_R386_C1137,G025_R388_C1139,0.7071067811865476,FALSE,0.8253353885088891,"(0.51,0.76]"
G025_R386_C1138,G025_R388_C1139,0.5590169943749475,FALSE,0.8342340780946474,"(0.51,0.76]"
G025_R386_C1139,G025_R388_C1139,0.5,FALSE,0.8313409285616419,"(0.26,0.51]"
G025_R386_C1141,G025_R388_C1139,0.7071067811865476,FALSE,0.6962879127396069,"(0.51,0.76]"
G025_R387_C1132,G025_R388_C1139,1.7677669529663689,FALSE,0.7860926896003486,"(1.51,Inf]"
G025_R387_C1133,G025_R388_C1139,1.5206906325745548,FALSE,0.7932807497844854,"(1.51,Inf]"
G025_R387_C1134,G025_R388_C1139,1.2747548783981961,FALSE,0.8112171159608165,"(1.01,1.51]"
G025_R387_C1135,G025_R388_C1139,1.0307764064044151,FALSE,0.8327537764971111,"(1.01,1.51]"
G025_R387_C1136,G025_R388_C1139,0.7905694150420949,FALSE,0.8376588150834454,"(0.76,1.01]"
G025_R387_C1137,G025_R388_C1139,0.5590169943749475,FALSE,0.8663385971962981,"(0.51,0.76]"
G025_R387_C1138,G025_R388_C1139,0.3535533905932738,FALSE,0.8996542671670601,"(0.26,0.51]"
G025_R387_C1139,G025_R388_C1139,0.25,TRUE,0.9208741241407072,"[0,0.26]"
G025_R387_C1140,G025_R388_C1139,0.3535533905932738,FALSE,0.8629065486368724,"(0.26,0.51]"
G025_R387_C1141,G025_R388_C1139,0.5590169943749475,FALSE,0.6035445727154454,"(0.51,0.76]"
G025_R387_C1142,G025_R388_C1139,0.7905694150420949,FALSE,0.45755703942238923,"(0.76,1.01]"
G025_R387_C1143,G025_R388_C1139,1.0307764064044151,FALSE,0.4457815577588084,"(1.01,1.51]"
G025_R388_C1132,G025_R388_C1139,1.75,FALSE,0.8059239100701822,"(1.51,Inf]"
G025_R388_C1133,G025_R388_C1139,1.5,FALSE,0.8085973678349425,"(1.01,1.51]"
G025_R388_C1134,G025_R388_C1139,1.25,FALSE,0.821562300799811,"(1.01,1.51]"
G025_R388_C1135,G025_R388_C1139,1,FALSE,0.8312805256174113,"(0.76,1.01]"
G025_R388_C1136,G025_R388_C1139,0.75,FALSE,0.8502726372194861,"(0.51,0.76]"
G025_R388_C1137,G025_R388_C1139,0.5,FALSE,0.8929739559904537,"(0.26,0.51]"
G025_R388_C1138,G025_R388_C1139,0.25,TRUE,0.9355694549989261,"[0,0.26]"
G025_R380_C1132,G025_R388_C1140,2.8284271247461903,FALSE,0.6562250964690785,"(1.51,Inf]"
G025_R380_C1133,G025_R388_C1140,2.6575364531836625,FALSE,0.6400140633416538,"(1.51,Inf]"
G025_R380_C1134,G025_R388_C1140,2.5,FALSE,0.6005964625290113,"(1.51,Inf]"
G025_R380_C1135,G025_R388_C1140,2.358495283014151,FALSE,0.5341375341701363,"(1.51,Inf]"
G025_R380_C1143,G025_R388_C1140,2.1360009363293826,FALSE,0.13359447136263752,"(1.51,Inf]"
G025_R380_C1144,G025_R388_C1140,2.23606797749979,FALSE,0.21285385890946124,"(1.51,Inf]"
G025_R380_C1145,G025_R388_C1140,2.358495283014151,FALSE,0.1312680980574175,"(1.51,Inf]"
G025_R380_C1146,G025_R388_C1140,2.5,FALSE,0.0018260441492502725,"(1.51,Inf]"
G025_R380_C1147,G025_R388_C1140,2.6575364531836625,FALSE,-0.08433624865285039,"(1.51,Inf]"
G025_R381_C1132,G025_R388_C1140,2.6575364531836625,FALSE,0.6863838806834289,"(1.51,Inf]"
G025_R381_C1133,G025_R388_C1140,2.4748737341529163,FALSE,0.6866168387505759,"(1.51,Inf]"
G025_R381_C1134,G025_R388_C1140,2.3048861143232218,FALSE,0.6581562311799067,"(1.51,Inf]"
G025_R381_C1135,G025_R388_C1140,2.1505813167606567,FALSE,0.6462474661500702,"(1.51,Inf]"
G025_R381_C1143,G025_R388_C1140,1.9039432764659772,FALSE,0.12990672772255146,"(1.51,Inf]"
G025_R381_C1144,G025_R388_C1140,2.0155644370746373,FALSE,0.28697295998332323,"(1.51,Inf]"
G025_R381_C1145,G025_R388_C1140,2.1505813167606567,FALSE,0.1562359308240325,"(1.51,Inf]"
G025_R381_C1146,G025_R388_C1140,2.3048861143232218,FALSE,0.08564428439444625,"(1.51,Inf]"
G025_R381_C1147,G025_R388_C1140,2.4748737341529163,FALSE,0.022764217738496018,"(1.51,Inf]"
G025_R382_C1132,G025_R388_C1140,2.5,FALSE,0.6961603365716856,"(1.51,Inf]"
G025_R382_C1133,G025_R388_C1140,2.3048861143232218,FALSE,0.6930562400614705,"(1.51,Inf]"
G025_R382_C1134,G025_R388_C1140,2.1213203435596424,FALSE,0.685733426508959,"(1.51,Inf]"
G025_R382_C1135,G025_R388_C1140,1.9525624189766635,FALSE,0.6977481827881203,"(1.51,Inf]"
G025_R382_C1136,G025_R388_C1140,1.8027756377319946,FALSE,0.6816819965770858,"(1.51,Inf]"
G025_R382_C1138,G025_R388_C1140,1.5811388300841898,FALSE,0.1997621896557518,"(1.51,Inf]"
G025_R382_C1141,G025_R388_C1140,1.5206906325745548,FALSE,0.3158658409369921,"(1.51,Inf]"
G025_R382_C1143,G025_R388_C1140,1.6770509831248424,FALSE,0.22493140716824428,"(1.51,Inf]"
G025_R382_C1144,G025_R388_C1140,1.8027756377319946,FALSE,0.21090550185844428,"(1.51,Inf]"
G025_R382_C1145,G025_R388_C1140,1.9525624189766635,FALSE,0.06444219967020318,"(1.51,Inf]"
G025_R382_C1146,G025_R388_C1140,2.1213203435596424,FALSE,-0.08253650334843024,"(1.51,Inf]"
G025_R382_C1147,G025_R388_C1140,2.3048861143232218,FALSE,-0.10570603809410252,"(1.51,Inf]"
G025_R383_C1132,G025_R388_C1140,2.358495283014151,FALSE,0.6802736495296017,"(1.51,Inf]"
G025_R383_C1133,G025_R388_C1140,2.1505813167606567,FALSE,0.6979397462971081,"(1.51,Inf]"
G025_R383_C1134,G025_R388_C1140,1.9525624189766635,FALSE,0.7027717507038882,"(1.51,Inf]"
G025_R383_C1135,G025_R388_C1140,1.7677669529663689,FALSE,0.7167263711745632,"(1.51,Inf]"
G025_R383_C1136,G025_R388_C1140,1.6007810593582121,FALSE,0.7327497347758091,"(1.51,Inf]"
G025_R383_C1137,G025_R388_C1140,1.4577379737113252,FALSE,0.680659279855228,"(1.01,1.51]"
G025_R383_C1139,G025_R388_C1140,1.2747548783981961,FALSE,0.6841008722037177,"(1.01,1.51]"
G025_R383_C1140,G025_R388_C1140,1.25,FALSE,0.7328867362684964,"(1.01,1.51]"
G025_R383_C1141,G025_R388_C1140,1.2747548783981961,FALSE,0.6783359677413061,"(1.01,1.51]"
G025_R383_C1142,G025_R388_C1140,1.346291201783626,FALSE,0.599600086443464,"(1.01,1.51]"
G025_R383_C1143,G025_R388_C1140,1.4577379737113252,FALSE,0.3501404442122564,"(1.01,1.51]"
G025_R383_C1144,G025_R388_C1140,1.6007810593582121,FALSE,-0.013769386689696307,"(1.51,Inf]"
G025_R383_C1145,G025_R388_C1140,1.7677669529663689,FALSE,-0.023038621566618157,"(1.51,Inf]"
G025_R383_C1146,G025_R388_C1140,1.9525624189766635,FALSE,-0.07828930172639345,"(1.51,Inf]"
G025_R383_C1147,G025_R388_C1140,2.1505813167606567,FALSE,-0.21472335908931023,"(1.51,Inf]"
G025_R384_C1132,G025_R388_C1140,2.23606797749979,FALSE,0.6712481468808535,"(1.51,Inf]"
G025_R384_C1133,G025_R388_C1140,2.0155644370746373,FALSE,0.68399844872590565,"(1.51,Inf]"
G025_R384_C1134,G025_R388_C1140,1.8027756377319946,FALSE,0.7206948579587785,"(1.51,Inf]"
G025_R384_C1135,G025_R388_C1140,1.6007810593582121,FALSE,0.7273672478438874,"(1.51,Inf]"
G025_R384_C1136,G025_R388_C1140,1.4142135623730951,FALSE,0.7324361498988878,"(1.01,1.51]"
G025_R384_C1137,G025_R388_C1140,1.25,FALSE,0.7170813248931391,"(1.01,1.51]"
G025_R384_C1138,G025_R388_C1140,1.118033988749895,FALSE,0.6663606335253943,"(1.01,1.51]"
G025_R384_C1139,G025_R388_C1140,1.0307764064044151,FALSE,0.7429290115422386,"(1.01,1.51]"
G025_R384_C1140,G025_R388_C1140,1,FALSE,0.7666220464516783,"(0.76,1.01]"
G025_R384_C1141,G025_R388_C1140,1.0307764064044151,FALSE,0.6839033587941931,"(1.01,1.51]"
G025_R384_C1142,G025_R388_C1140,1.118033988749895,FALSE,0.5269048485400669,"(1.01,1.51]"
G025_R385_C1132,G025_R388_C1140,2.1360009363293826,FALSE,0.7025458948487638,"(1.51,Inf]"
G025_R385_C1133,G025_R388_C1140,1.9039432764659772,FALSE,0.7128135745513049,"(1.51,Inf]"
G025_R385_C1134,G025_R388_C1140,1.6770509831248424,FALSE,0.7268586740696447,"(1.51,Inf]"
G025_R385_C1135,G025_R388_C1140,1.4577379737113252,FALSE,0.7398570993193202,"(1.01,1.51]"
G025_R385_C1136,G025_R388_C1140,1.25,FALSE,0.7535308433124137,"(1.01,1.51]"
G025_R385_C1137,G025_R388_C1140,1.0606601717798212,FALSE,0.7149551779161051,"(1.01,1.51]"
G025_R385_C1138,G025_R388_C1140,0.9013878188659973,FALSE,0.7183800579385781,"(0.76,1.01]"
G025_R385_C1139,G025_R388_C1140,0.7905694150420949,FALSE,0.7675877559143336,"(0.76,1.01]"
G025_R385_C1140,G025_R388_C1140,0.75,FALSE,0.7463633213736,"(0.51,0.76]"
G025_R385_C1141,G025_R388_C1140,0.7905694150420949,FALSE,0.6563628389321607,"(0.76,1.01]"
G025_R385_C1142,G025_R388_C1140,0.9013878188659973,FALSE,0.47136310990293045,"(0.76,1.01]"
G025_R386_C1132,G025_R388_C1140,2.0615528128088303,FALSE,0.7246028723347134,"(1.51,Inf]"
G025_R386_C1133,G025_R388_C1140,1.8200274723201295,FALSE,0.7271713761469225,"(1.51,Inf]"
G025_R386_C1134,G025_R388_C1140,1.5811388300841898,FALSE,0.7250558224635085,"(1.51,Inf]"
G025_R386_C1135,G025_R388_C1140,1.346291201783626,FALSE,0.7508381467304523,"(1.01,1.51]"
G025_R386_C1136,G025_R388_C1140,1.118033988749895,FALSE,0.7629519901838163,"(1.01,1.51]"
G025_R386_C1137,G025_R388_C1140,0.9013878188659973,FALSE,0.7401224042986633,"(0.76,1.01]"
G025_R386_C1138,G025_R388_C1140,0.7071067811865476,FALSE,0.7574999936923297,"(0.51,0.76]"
G025_R386_C1139,G025_R388_C1140,0.5590169943749475,FALSE,0.7809829856486651,"(0.51,0.76]"
G025_R386_C1141,G025_R388_C1140,0.5590169943749475,FALSE,0.6623323082274173,"(0.51,0.76]"
G025_R387_C1132,G025_R388_C1140,2.0155644370746373,FALSE,0.7248395535263622,"(1.51,Inf]"
G025_R387_C1133,G025_R388_C1140,1.7677669529663689,FALSE,0.7270153546430674,"(1.51,Inf]"
G025_R387_C1134,G025_R388_C1140,1.5206906325745548,FALSE,0.7435612658525583,"(1.51,Inf]"
G025_R387_C1135,G025_R388_C1140,1.2747548783981961,FALSE,0.7611593544825696,"(1.01,1.51]"
G025_R387_C1136,G025_R388_C1140,1.0307764064044151,FALSE,0.7658924430929757,"(1.01,1.51]"
G025_R387_C1137,G025_R388_C1140,0.7905694150420949,FALSE,0.7873160222541189,"(0.76,1.01]"
G025_R387_C1138,G025_R388_C1140,0.5590169943749475,FALSE,0.8266297929841099,"(0.51,0.76]"
G025_R387_C1139,G025_R388_C1140,0.3535533905932738,FALSE,0.8617553708098014,"(0.26,0.51]"
G025_R387_C1140,G025_R388_C1140,0.25,TRUE,0.8704179597294209,"[0,0.26]"
G025_R387_C1141,G025_R388_C1140,0.3535533905932738,FALSE,0.6146149402141345,"(0.26,0.51]"
G025_R387_C1142,G025_R388_C1140,0.5590169943749475,FALSE,0.49991459338579697,"(0.51,0.76]"
G025_R387_C1143,G025_R388_C1140,0.7905694150420949,FALSE,0.44464953347376257,"(0.76,1.01]"
G025_R388_C1132,G025_R388_C1140,2,FALSE,0.7561833600130854,"(1.51,Inf]"
G025_R388_C1133,G025_R388_C1140,1.75,FALSE,0.7480643961720468,"(1.51,Inf]"
G025_R388_C1134,G025_R388_C1140,1.5,FALSE,0.7439502684741648,"(1.01,1.51]"
G025_R388_C1135,G025_R388_C1140,1.25,FALSE,0.7500390260908824,"(1.01,1.51]"
G025_R388_C1136,G025_R388_C1140,1,FALSE,0.767910091727141,"(0.76,1.01]"
G025_R388_C1137,G025_R388_C1140,0.75,FALSE,0.8047649069763576,"(0.51,0.76]"
G025_R388_C1138,G025_R388_C1140,0.5,FALSE,0.8479215089649217,"(0.26,0.51]"
G025_R388_C1139,G025_R388_C1140,0.25,TRUE,0.9146908308058184,"[0,0.26]"
G025_R380_C1132,G025_R388_C1141,3.010398644698074,FALSE,0.6682935020750341,"(1.51,Inf]"
G025_R380_C1133,G025_R388_C1141,2.8284271247461903,FALSE,0.6680212130613328,"(1.51,Inf]"
G025_R380_C1134,G025_R388_C1141,2.6575364531836625,FALSE,0.5911139518696126,"(1.51,Inf]"
G025_R380_C1135,G025_R388_C1141,2.5,FALSE,0.4825526009717297,"(1.51,Inf]"
G025_R380_C1143,G025_R388_C1141,2.0615528128088303,FALSE,0.09497568254373785,"(1.51,Inf]"
G025_R380_C1144,G025_R388_C1141,2.1360009363293826,FALSE,0.23900783788151794,"(1.51,Inf]"
G025_R380_C1145,G025_R388_C1141,2.23606797749979,FALSE,0.15632992539198945,"(1.51,Inf]"
G025_R380_C1146,G025_R388_C1141,2.358495283014151,FALSE,0.029347147198218303,"(1.51,Inf]"
G025_R380_C1147,G025_R388_C1141,2.5,FALSE,-0.04161872912673255,"(1.51,Inf]"
G025_R381_C1132,G025_R388_C1141,2.850438562747845,FALSE,0.6804438682026972,"(1.51,Inf]"
G025_R381_C1133,G025_R388_C1141,2.6575364531836625,FALSE,0.7135764635777432,"(1.51,Inf]"
G025_R381_C1134,G025_R388_C1141,2.4748737341529163,FALSE,0.6933858581327659,"(1.51,Inf]"
G025_R381_C1135,G025_R388_C1141,2.3048861143232218,FALSE,0.6798232221432127,"(1.51,Inf]"
G025_R381_C1143,G025_R388_C1141,1.8200274723201295,FALSE,0.0759312679942072,"(1.51,Inf]"
G025_R381_C1144,G025_R388_C1141,1.9039432764659772,FALSE,0.2985937065604301,"(1.51,Inf]"
G025_R381_C1145,G025_R388_C1141,2.0155644370746373,FALSE,0.16786700088678586,"(1.51,Inf]"
G025_R381_C1146,G025_R388_C1141,2.1505813167606567,FALSE,0.07606781891370033,"(1.51,Inf]"
G025_R381_C1147,G025_R388_C1141,2.3048861143232218,FALSE,0.02672544370710135,"(1.51,Inf]"
G025_R382_C1132,G025_R388_C1141,2.704163456597992,FALSE,0.694796660852314,"(1.51,Inf]"
G025_R382_C1133,G025_R388_C1141,2.5,FALSE,0.6956920149448242,"(1.51,Inf]"
G025_R382_C1134,G025_R388_C1141,2.3048861143232218,FALSE,0.7043045441727934,"(1.51,Inf]"
G025_R382_C1135,G025_R388_C1141,2.1213203435596424,FALSE,0.7234894615173145,"(1.51,Inf]"
G025_R382_C1136,G025_R388_C1141,1.9525624189766635,FALSE,0.7071589137049531,"(1.51,Inf]"
G025_R382_C1138,G025_R388_C1141,1.6770509831248424,FALSE,0.1667270116891568,"(1.51,Inf]"
G025_R382_C1141,G025_R388_C1141,1.5,FALSE,0.2745140663984379,"(1.01,1.51]"
G025_R382_C1143,G025_R388_C1141,1.5811388300841898,FALSE,0.1803945646079821,"(1.51,Inf]"
G025_R382_C1144,G025_R388_C1141,1.6770509831248424,FALSE,0.18723699501711127,"(1.51,Inf]"
G025_R382_C1145,G025_R388_C1141,1.8027756377319946,FALSE,0.0666840522137652,"(1.51,Inf]"
G025_R382_C1146,G025_R388_C1141,1.9525624189766635,FALSE,-0.04199052547430328,"(1.51,Inf]"
G025_R382_C1147,G025_R388_C1141,2.1213203435596424,FALSE,-0.029439068695612303,"(1.51,Inf]"
G025_R383_C1132,G025_R388_C1141,2.57390753524675,FALSE,0.6989283609554631,"(1.51,Inf]"
G025_R383_C1133,G025_R388_C1141,2.358495283014151,FALSE,0.7103506268129751,"(1.51,Inf]"
G025_R383_C1134,G025_R388_C1141,2.1505813167606567,FALSE,0.7124320035711712,"(1.51,Inf]"
G025_R383_C1135,G025_R388_C1141,1.9525624189766635,FALSE,0.7350722229846959,"(1.51,Inf]"
G025_R383_C1136,G025_R388_C1141,1.7677669529663689,FALSE,0.7611161247383745,"(1.51,Inf]"
G025_R383_C1137,G025_R388_C1141,1.6007810593582121,FALSE,0.7204949870292315,"(1.51,Inf]"
G025_R383_C1139,G025_R388_C1141,1.346291201783626,FALSE,0.7108450903843554,"(1.01,1.51]"
G025_R383_C1140,G025_R388_C1141,1.2747548783981961,FALSE,0.7292002723517726,"(1.01,1.51]"
G025_R383_C1141,G025_R388_C1141,1.25,FALSE,0.6189710012144609,"(1.01,1.51]"
G025_R383_C1142,G025_R388_C1141,1.2747548783981961,FALSE,0.5261299215281078,"(1.01,1.51]"
G025_R383_C1143,G025_R388_C1141,1.346291201783626,FALSE,0.29941484115529354,"(1.01,1.51]"
G025_R383_C1144,G025_R388_C1141,1.4577379737113252,FALSE,-0.01798992096050483,"(1.01,1.51]"
G025_R383_C1145,G025_R388_C1141,1.6007810593582121,FALSE,-0.028365073634458858,"(1.51,Inf]"
G025_R383_C1146,G025_R388_C1141,1.7677669529663689,FALSE,-0.11104409734738388,"(1.51,Inf]"
G025_R383_C1147,G025_R388_C1141,1.9525624189766635,FALSE,-0.22568075146537883,"(1.51,Inf]"
G025_R384_C1132,G025_R388_C1141,2.462214450449026,FALSE,0.6875292219089034,"(1.51,Inf]"
G025_R384_C1133,G025_R388_C1141,2.23606797749979,FALSE,0.7109518266787205,"(1.51,Inf]"
G025_R384_C1134,G025_R388_C1141,2.0155644370746373,FALSE,0.718316314431539,"(1.51,Inf]"
G025_R384_C1135,G025_R388_C1141,1.8027756377319946,FALSE,0.7267453125994544,"(1.51,Inf]"
G025_R384_C1136,G025_R388_C1141,1.6007810593582121,FALSE,0.752213655790553,"(1.51,Inf]"
G025_R384_C1137,G025_R388_C1141,1.4142135623730951,FALSE,0.7521243180312401,"(1.01,1.51]"
G025_R384_C1138,G025_R388_C1141,1.25,FALSE,0.6900318573455605,"(1.01,1.51]"
G025_R384_C1139,G025_R388_C1141,1.118033988749895,FALSE,0.7474319314999726,"(1.01,1.51]"
G025_R384_C1140,G025_R388_C1141,1.0307764064044151,FALSE,0.710919891702161,"(1.01,1.51]"
G025_R384_C1141,G025_R388_C1141,1,FALSE,0.6149810587084896,"(0.76,1.01]"
G025_R384_C1142,G025_R388_C1141,1.0307764064044151,FALSE,0.4418267001249774,"(1.01,1.51]"
G025_R385_C1132,G025_R388_C1141,2.3717082451262845,FALSE,0.7286181351097774,"(1.51,Inf]"
G025_R385_C1133,G025_R388_C1141,2.1360009363293826,FALSE,0.7344472513405647,"(1.51,Inf]"
G025_R385_C1134,G025_R388_C1141,1.9039432764659772,FALSE,0.7392705705178384,"(1.51,Inf]"
G025_R385_C1135,G025_R388_C1141,1.6770509831248424,FALSE,0.7632677845187303,"(1.51,Inf]"
G025_R385_C1136,G025_R388_C1141,1.4577379737113252,FALSE,0.7632781284962427,"(1.01,1.51]"
G025_R385_C1137,G025_R388_C1141,1.25,FALSE,0.7224881892672688,"(1.01,1.51]"
G025_R385_C1138,G025_R388_C1141,1.0606601717798212,FALSE,0.7380721616004698,"(1.01,1.51]"
G025_R385_C1139,G025_R388_C1141,0.9013878188659973,FALSE,0.7243546362961386,"(0.76,1.01]"
G025_R385_C1140,G025_R388_C1141,0.7905694150420949,FALSE,0.6648873112615183,"(0.76,1.01]"
G025_R385_C1141,G025_R388_C1141,0.75,FALSE,0.5727357679726035,"(0.51,0.76]"
G025_R385_C1142,G025_R388_C1141,0.7905694150420949,FALSE,0.4257995240663338,"(0.76,1.01]"
G025_R386_C1132,G025_R388_C1141,2.3048861143232218,FALSE,0.73871239026959,"(1.51,Inf]"
G025_R386_C1133,G025_R388_C1141,2.0615528128088303,FALSE,0.7378078330630015,"(1.51,Inf]"
G025_R386_C1134,G025_R388_C1141,1.8200274723201295,FALSE,0.7504313056363606,"(1.51,Inf]"
G025_R386_C1135,G025_R388_C1141,1.5811388300841898,FALSE,0.7827198784576375,"(1.51,Inf]"
G025_R386_C1136,G025_R388_C1141,1.346291201783626,FALSE,0.767116045603378,"(1.01,1.51]"
G025_R386_C1137,G025_R388_C1141,1.118033988749895,FALSE,0.7404437309227964,"(1.01,1.51]"
G025_R386_C1138,G025_R388_C1141,0.9013878188659973,FALSE,0.7347121103785167,"(0.76,1.01]"
G025_R386_C1139,G025_R388_C1141,0.7071067811865476,FALSE,0.6948717905892119,"(0.51,0.76]"
G025_R386_C1141,G025_R388_C1141,0.5,FALSE,0.6067920071019892,"(0.26,0.51]"
G025_R387_C1132,G025_R388_C1141,2.2638462845343543,FALSE,0.7318828786568129,"(1.51,Inf]"
G025_R387_C1133,G025_R388_C1141,2.0155644370746373,FALSE,0.7346557293836731,"(1.51,Inf]"
G025_R387_C1134,G025_R388_C1141,1.7677669529663689,FALSE,0.7578476755002979,"(1.51,Inf]"
G025_R387_C1135,G025_R388_C1141,1.5206906325745548,FALSE,0.7692694316984826,"(1.51,Inf]"
G025_R387_C1136,G025_R388_C1141,1.2747548783981961,FALSE,0.7648828324290521,"(1.01,1.51]"
G025_R387_C1137,G025_R388_C1141,1.0307764064044151,FALSE,0.7466121464826131,"(1.01,1.51]"
G025_R387_C1138,G025_R388_C1141,0.7905694150420949,FALSE,0.7698845387230152,"(0.76,1.01]"
G025_R387_C1139,G025_R388_C1141,0.5590169943749475,FALSE,0.7686684321618498,"(0.51,0.76]"
G025_R387_C1140,G025_R388_C1141,0.3535533905932738,FALSE,0.8149378090445926,"(0.26,0.51]"
G025_R387_C1141,G025_R388_C1141,0.25,TRUE,0.6898347197930103,"[0,0.26]"
G025_R387_C1142,G025_R388_C1141,0.3535533905932738,FALSE,0.54587965060595,"(0.26,0.51]"
G025_R387_C1143,G025_R388_C1141,0.5590169943749475,FALSE,0.5428179630025829,"(0.51,0.76]"
G025_R388_C1132,G025_R388_C1141,2.25,FALSE,0.7592808150714013,"(1.51,Inf]"
G025_R388_C1133,G025_R388_C1141,2,FALSE,0.7380793177918781,"(1.51,Inf]"
G025_R388_C1134,G025_R388_C1141,1.75,FALSE,0.7439333835122462,"(1.51,Inf]"
G025_R388_C1135,G025_R388_C1141,1.5,FALSE,0.7520411354693725,"(1.01,1.51]"
G025_R388_C1136,G025_R388_C1141,1.25,FALSE,0.7370122995702386,"(1.01,1.51]"
G025_R388_C1137,G025_R388_C1141,1,FALSE,0.7695278024591575,"(0.76,1.01]"
G025_R388_C1138,G025_R388_C1141,0.75,FALSE,0.7854249916470922,"(0.51,0.76]"
G025_R388_C1139,G025_R388_C1141,0.5,FALSE,0.8335094286377445,"(0.26,0.51]"
G025_R388_C1140,G025_R388_C1141,0.25,TRUE,0.9086906580492434,"[0,0.26]"
G025_R380_C1132,G025_R388_C1142,3.2015621187164243,FALSE,0.6516305877319085,"(1.51,Inf]"
G025_R380_C1133,G025_R388_C1142,3.010398644698074,FALSE,0.6604158478761215,"(1.51,Inf]"
G025_R380_C1134,G025_R388_C1142,2.8284271247461903,FALSE,0.6052210179879759,"(1.51,Inf]"
G025_R380_C1135,G025_R388_C1142,2.6575364531836625,FALSE,0.5048310287185142,"(1.51,Inf]"
G025_R380_C1143,G025_R388_C1142,2.0155644370746373,FALSE,0.12152123884478658,"(1.51,Inf]"
G025_R380_C1144,G025_R388_C1142,2.0615528128088303,FALSE,0.25600315290572695,"(1.51,Inf]"
G025_R380_C1145,G025_R388_C1142,2.1360009363293826,FALSE,0.15426526190328685,"(1.51,Inf]"
G025_R380_C1146,G025_R388_C1142,2.23606797749979,FALSE,0.010401575852692172,"(1.51,Inf]"
G025_R380_C1147,G025_R388_C1142,2.358495283014151,FALSE,-0.06881880450897797,"(1.51,Inf]"
G025_R381_C1132,G025_R388_C1142,3.0516389039334255,FALSE,0.662423519702804,"(1.51,Inf]"
G025_R381_C1133,G025_R388_C1142,2.850438562747845,FALSE,0.687353046003371,"(1.51,Inf]"
G025_R381_C1134,G025_R388_C1142,2.6575364531836625,FALSE,0.6634407436940569,"(1.51,Inf]"
G025_R381_C1135,G025_R388_C1142,2.4748737341529163,FALSE,0.6684712877431745,"(1.51,Inf]"
G025_R381_C1143,G025_R388_C1142,1.7677669529663689,FALSE,0.1057356017236147,"(1.51,Inf]"
G025_R381_C1144,G025_R388_C1142,1.8200274723201295,FALSE,0.29969399425051413,"(1.51,Inf]"
G025_R381_C1145,G025_R388_C1142,1.9039432764659772,FALSE,0.16596999036820703,"(1.51,Inf]"
G025_R381_C1146,G025_R388_C1142,2.0155644370746373,FALSE,0.07184852476228572,"(1.51,Inf]"
G025_R381_C1147,G025_R388_C1142,2.1505813167606567,FALSE,0.052385143436300616,"(1.51,Inf]"
G025_R382_C1132,G025_R388_C1142,2.9154759474226504,FALSE,0.6933158405012486,"(1.51,Inf]"
G025_R382_C1133,G025_R388_C1142,2.704163456597992,FALSE,0.6842824283795709,"(1.51,Inf]"
G025_R382_C1134,G025_R388_C1142,2.5,FALSE,0.6892038430641442,"(1.51,Inf]"
G025_R382_C1135,G025_R388_C1142,2.3048861143232218,FALSE,0.7078212948658915,"(1.51,Inf]"
G025_R382_C1136,G025_R388_C1142,2.1213203435596424,FALSE,0.7085830265306304,"(1.51,Inf]"
G025_R382_C1138,G025_R388_C1142,1.8027756377319946,FALSE,0.10753374688765267,"(1.51,Inf]"
G025_R382_C1141,G025_R388_C1142,1.5206906325745548,FALSE,0.28087403608590605,"(1.51,Inf]"
G025_R382_C1143,G025_R388_C1142,1.5206906325745548,FALSE,0.1537454126583515,"(1.51,Inf]"
G025_R382_C1144,G025_R388_C1142,1.5811388300841898,FALSE,0.21470684592615447,"(1.51,Inf]"
G025_R382_C1145,G025_R388_C1142,1.6770509831248424,FALSE,0.08606875257713253,"(1.51,Inf]"
G025_R382_C1146,G025_R388_C1142,1.8027756377319946,FALSE,-0.025571986077148195,"(1.51,Inf]"
G025_R382_C1147,G025_R388_C1142,1.9525624189766635,FALSE,-0.009449005698894961,"(1.51,Inf]"
G025_R383_C1132,G025_R388_C1142,2.7950849718747373,FALSE,0.6948715114437554,"(1.51,Inf]"
G025_R383_C1133,G025_R388_C1142,2.57390753524675,FALSE,0.6973298148144268,"(1.51,Inf]"
G025_R383_C1134,G025_R388_C1142,2.358495283014151,FALSE,0.6941318485652868,"(1.51,Inf]"
G025_R383_C1135,G025_R388_C1142,2.1505813167606567,FALSE,0.7323671170213265,"(1.51,Inf]"
G025_R383_C1136,G025_R388_C1142,1.9525624189766635,FALSE,0.7634005582488739,"(1.51,Inf]"
G025_R383_C1137,G025_R388_C1142,1.7677669529663689,FALSE,0.7269181618420497,"(1.51,Inf]"
G025_R383_C1139,G025_R388_C1142,1.4577379737113252,FALSE,0.7234622417274523,"(1.01,1.51]"
G025_R383_C1140,G025_R388_C1142,1.346291201783626,FALSE,0.7160426121976318,"(1.01,1.51]"
G025_R383_C1141,G025_R388_C1142,1.2747548783981961,FALSE,0.5843408923462122,"(1.01,1.51]"
G025_R383_C1142,G025_R388_C1142,1.25,FALSE,0.46909369587450733,"(1.01,1.51]"
G025_R383_C1143,G025_R388_C1142,1.2747548783981961,FALSE,0.2609774233738629,"(1.01,1.51]"
G025_R383_C1144,G025_R388_C1142,1.346291201783626,FALSE,-0.009975258153633034,"(1.01,1.51]"
G025_R383_C1145,G025_R388_C1142,1.4577379737113252,FALSE,-0.07148967893259152,"(1.01,1.51]"
G025_R383_C1146,G025_R388_C1142,1.6007810593582121,FALSE,-0.14959894916010438,"(1.51,Inf]"
G025_R383_C1147,G025_R388_C1142,1.7677669529663689,FALSE,-0.23044486287390967,"(1.51,Inf]"
G025_R384_C1132,G025_R388_C1142,2.692582403567252,FALSE,0.6921496539339757,"(1.51,Inf]"
G025_R384_C1133,G025_R388_C1142,2.462214450449026,FALSE,0.6964974200227272,"(1.51,Inf]"
G025_R384_C1134,G025_R388_C1142,2.23606797749979,FALSE,0.7051982718316097,"(1.51,Inf]"
G025_R384_C1135,G025_R388_C1142,2.0155644370746373,FALSE,0.7202268722627944,"(1.51,Inf]"
G025_R384_C1136,G025_R388_C1142,1.8027756377319946,FALSE,0.7549490998706533,"(1.51,Inf]"
G025_R384_C1137,G025_R388_C1142,1.6007810593582121,FALSE,0.7531466186629775,"(1.51,Inf]"
G025_R384_C1138,G025_R388_C1142,1.4142135623730951,FALSE,0.697536132413319,"(1.01,1.51]"
G025_R384_C1139,G025_R388_C1142,1.25,FALSE,0.7509164302333831,"(1.01,1.51]"
G025_R384_C1140,G025_R388_C1142,1.118033988749895,FALSE,0.6878165579956288,"(1.01,1.51]"
G025_R384_C1141,G025_R388_C1142,1.0307764064044151,FALSE,0.5531422230367327,"(1.01,1.51]"
G025_R384_C1142,G025_R388_C1142,1,FALSE,0.3750725105025441,"(0.76,1.01]"
G025_R385_C1132,G025_R388_C1142,2.6100766272276377,FALSE,0.7254629218226801,"(1.51,Inf]"
G025_R385_C1133,G025_R388_C1142,2.3717082451262845,FALSE,0.725786699129432,"(1.51,Inf]"
G025_R385_C1134,G025_R388_C1142,2.1360009363293826,FALSE,0.7245732500655425,"(1.51,Inf]"
G025_R385_C1135,G025_R388_C1142,1.9039432764659772,FALSE,0.7543237650349666,"(1.51,Inf]"
G025_R385_C1136,G025_R388_C1142,1.6770509831248424,FALSE,0.760997998699863,"(1.51,Inf]"
G025_R385_C1137,G025_R388_C1142,1.4577379737113252,FALSE,0.7327364795396161,"(1.01,1.51]"
G025_R385_C1138,G025_R388_C1142,1.25,FALSE,0.7332246063916185,"(1.01,1.51]"
G025_R385_C1139,G025_R388_C1142,1.0606601717798212,FALSE,0.7203915602390677,"(1.01,1.51]"
G025_R385_C1140,G025_R388_C1142,0.9013878188659973,FALSE,0.619907775826326,"(0.76,1.01]"
G025_R385_C1141,G025_R388_C1142,0.7905694150420949,FALSE,0.5096851914073994,"(0.76,1.01]"
G025_R385_C1142,G025_R388_C1142,0.75,FALSE,0.428078482282969,"(0.51,0.76]"
G025_R386_C1132,G025_R388_C1142,2.5495097567963922,FALSE,0.725363510706884,"(1.51,Inf]"
G025_R386_C1133,G025_R388_C1142,2.3048861143232218,FALSE,0.7163708714162227,"(1.51,Inf]"
G025_R386_C1134,G025_R388_C1142,2.0615528128088303,FALSE,0.7199296992081765,"(1.51,Inf]"
G025_R386_C1135,G025_R388_C1142,1.8200274723201295,FALSE,0.7671004511594055,"(1.51,Inf]"
G025_R386_C1136,G025_R388_C1142,1.5811388300841898,FALSE,0.7624276518762728,"(1.51,Inf]"
G025_R386_C1137,G025_R388_C1142,1.346291201783626,FALSE,0.745382318529868,"(1.01,1.51]"
G025_R386_C1138,G025_R388_C1142,1.118033988749895,FALSE,0.716618820535796,"(1.01,1.51]"
G025_R386_C1139,G025_R388_C1142,0.9013878188659973,FALSE,0.6505562615278314,"(0.76,1.01]"
G025_R386_C1141,G025_R388_C1142,0.5590169943749475,FALSE,0.579446411293762,"(0.51,0.76]"
G025_R387_C1132,G025_R388_C1142,2.5124689052802225,FALSE,0.731328148239382,"(1.51,Inf]"
G025_R387_C1133,G025_R388_C1142,2.2638462845343543,FALSE,0.7193087534487358,"(1.51,Inf]"
G025_R387_C1134,G025_R388_C1142,2.0155644370746373,FALSE,0.7366979123127504,"(1.51,Inf]"
G025_R387_C1135,G025_R388_C1142,1.7677669529663689,FALSE,0.7465548798301486,"(1.51,Inf]"
G025_R387_C1136,G025_R388_C1142,1.5206906325745548,FALSE,0.756079475213417,"(1.51,Inf]"
G025_R387_C1137,G025_R388_C1142,1.2747548783981961,FALSE,0.7404950647095129,"(1.01,1.51]"
G025_R387_C1138,G025_R388_C1142,1.0307764064044151,FALSE,0.734177036737007,"(1.01,1.51]"
G025_R387_C1139,G025_R388_C1142,0.7905694150420949,FALSE,0.720757710571804,"(0.76,1.01]"
G025_R387_C1140,G025_R388_C1142,0.5590169943749475,FALSE,0.765327662791865,"(0.51,0.76]"
G025_R387_C1141,G025_R388_C1142,0.3535533905932738,FALSE,0.6967240844202701,"(0.26,0.51]"
G025_R387_C1142,G025_R388_C1142,0.25,TRUE,0.5674654544911963,"[0,0.26]"
G025_R387_C1143,G025_R388_C1142,0.3535533905932738,FALSE,0.5722711875115221,"(0.26,0.51]"
G025_R388_C1132,G025_R388_C1142,2.5,FALSE,0.7489746367678617,"(1.51,Inf]"
G025_R388_C1133,G025_R388_C1142,2.25,FALSE,0.7262862293349642,"(1.51,Inf]"
G025_R388_C1134,G025_R388_C1142,2,FALSE,0.7280191189107046,"(1.51,Inf]"
G025_R388_C1135,G025_R388_C1142,1.75,FALSE,0.7356216078125343,"(1.51,Inf]"
G025_R388_C1136,G025_R388_C1142,1.5,FALSE,0.7302654465414529,"(1.01,1.51]"
G025_R388_C1137,G025_R388_C1142,1.25,FALSE,0.7390468111973418,"(1.01,1.51]"
G025_R388_C1138,G025_R388_C1142,1,FALSE,0.7484309576440341,"(0.76,1.01]"
G025_R388_C1139,G025_R388_C1142,0.75,FALSE,0.7799956696878207,"(0.51,0.76]"
G025_R388_C1140,G025_R388_C1142,0.5,FALSE,0.8199031788940622,"(0.26,0.51]"
G025_R388_C1141,G025_R388_C1142,0.25,TRUE,0.9247762849678328,"[0,0.26]"
G025_R380_C1132,G025_R388_C1143,3.400367627183861,FALSE,0.6415749502454962,"(1.51,Inf]"
G025_R380_C1133,G025_R388_C1143,3.2015621187164243,FALSE,0.6478031634517537,"(1.51,Inf]"
G025_R380_C1134,G025_R388_C1143,3.010398644698074,FALSE,0.5863429803971478,"(1.51,Inf]"
G025_R380_C1135,G025_R388_C1143,2.8284271247461903,FALSE,0.49144647230936195,"(1.51,Inf]"
G025_R380_C1143,G025_R388_C1143,2,FALSE,0.10383195485113185,"(1.51,Inf]"
G025_R380_C1144,G025_R388_C1143,2.0155644370746373,FALSE,0.246698486942299,"(1.51,Inf]"
G025_R380_C1145,G025_R388_C1143,2.0615528128088303,FALSE,0.14331278202223433,"(1.51,Inf]"
G025_R380_C1146,G025_R388_C1143,2.1360009363293826,FALSE,0.035342007620114614,"(1.51,Inf]"
G025_R380_C1147,G025_R388_C1143,2.23606797749979,FALSE,-0.043395186330655394,"(1.51,Inf]"
G025_R381_C1132,G025_R388_C1143,3.2596012026013246,FALSE,0.6422133847646305,"(1.51,Inf]"
G025_R381_C1133,G025_R388_C1143,3.0516389039334255,FALSE,0.6735299001231758,"(1.51,Inf]"
G025_R381_C1134,G025_R388_C1143,2.850438562747845,FALSE,0.6949558027963479,"(1.51,Inf]"
G025_R381_C1135,G025_R388_C1143,2.6575364531836625,FALSE,0.6844211375355641,"(1.51,Inf]"
G025_R381_C1143,G025_R388_C1143,1.75,FALSE,0.11298224951382707,"(1.51,Inf]"
G025_R381_C1144,G025_R388_C1143,1.7677669529663689,FALSE,0.2912034043652394,"(1.51,Inf]"
G025_R381_C1145,G025_R388_C1143,1.8200274723201295,FALSE,0.1569219502616892,"(1.51,Inf]"
G025_R381_C1146,G025_R388_C1143,1.9039432764659772,FALSE,0.06594109652880971,"(1.51,Inf]"
G025_R381_C1147,G025_R388_C1143,2.0155644370746373,FALSE,0.06860030499192239,"(1.51,Inf]"
G025_R382_C1132,G025_R388_C1143,3.132491021535417,FALSE,0.6754880097639276,"(1.51,Inf]"
G025_R382_C1133,G025_R388_C1143,2.9154759474226504,FALSE,0.6773331767494428,"(1.51,Inf]"
G025_R382_C1134,G025_R388_C1143,2.704163456597992,FALSE,0.6929069175726877,"(1.51,Inf]"
G025_R382_C1135,G025_R388_C1143,2.5,FALSE,0.7146833450434754,"(1.51,Inf]"
G025_R382_C1136,G025_R388_C1143,2.3048861143232218,FALSE,0.6827914799691595,"(1.51,Inf]"
G025_R382_C1138,G025_R388_C1143,1.9525624189766635,FALSE,0.10760576768778238,"(1.51,Inf]"
G025_R382_C1141,G025_R388_C1143,1.5811388300841898,FALSE,0.3224116902992022,"(1.51,Inf]"
G025_R382_C1143,G025_R388_C1143,1.5,FALSE,0.1734283618950667,"(1.01,1.51]"
G025_R382_C1144,G025_R388_C1143,1.5206906325745548,FALSE,0.21673342689891312,"(1.51,Inf]"
G025_R382_C1145,G025_R388_C1143,1.5811388300841898,FALSE,0.08738287725058833,"(1.51,Inf]"
G025_R382_C1146,G025_R388_C1143,1.6770509831248424,FALSE,-0.0014200966709303443,"(1.51,Inf]"
G025_R382_C1147,G025_R388_C1143,1.8027756377319946,FALSE,0.022508092653302385,"(1.51,Inf]"
G025_R383_C1132,G025_R388_C1143,3.020761493398643,FALSE,0.6712424899418326,"(1.51,Inf]"
G025_R383_C1133,G025_R388_C1143,2.7950849718747373,FALSE,0.6787789080731388,"(1.51,Inf]"
G025_R383_C1134,G025_R388_C1143,2.57390753524675,FALSE,0.6948537949440691,"(1.51,Inf]"
G025_R383_C1135,G025_R388_C1143,2.358495283014151,FALSE,0.7221882781182691,"(1.51,Inf]"
G025_R383_C1136,G025_R388_C1143,2.1505813167606567,FALSE,0.7534777740641369,"(1.51,Inf]"
G025_R383_C1137,G025_R388_C1143,1.9525624189766635,FALSE,0.7299730306643675,"(1.51,Inf]"
G025_R383_C1139,G025_R388_C1143,1.6007810593582121,FALSE,0.7006932145476732,"(1.51,Inf]"
G025_R383_C1140,G025_R388_C1143,1.4577379737113252,FALSE,0.7098090769941143,"(1.01,1.51]"
G025_R383_C1141,G025_R388_C1143,1.346291201783626,FALSE,0.5874308520907627,"(1.01,1.51]"
G025_R383_C1142,G025_R388_C1143,1.2747548783981961,FALSE,0.48049553461968364,"(1.01,1.51]"
G025_R383_C1143,G025_R388_C1143,1.25,FALSE,0.2492410373774357,"(1.01,1.51]"
G025_R383_C1144,G025_R388_C1143,1.2747548783981961,FALSE,-0.024937514846695853,"(1.01,1.51]"
G025_R383_C1145,G025_R388_C1143,1.346291201783626,FALSE,-0.06540471780405434,"(1.01,1.51]"
G025_R383_C1146,G025_R388_C1143,1.4577379737113252,FALSE,-0.113155952648794,"(1.01,1.51]"
G025_R383_C1147,G025_R388_C1143,1.6007810593582121,FALSE,-0.200435129055243,"(1.51,Inf]"
G025_R384_C1132,G025_R388_C1143,2.9261749776799064,FALSE,0.676605955433655,"(1.51,Inf]"
G025_R384_C1133,G025_R388_C1143,2.692582403567252,FALSE,0.6828323351656089,"(1.51,Inf]"
G025_R384_C1134,G025_R388_C1143,2.462214450449026,FALSE,0.6983038470612433,"(1.51,Inf]"
G025_R384_C1135,G025_R388_C1143,2.23606797749979,FALSE,0.7133368509589672,"(1.51,Inf]"
G025_R384_C1136,G025_R388_C1143,2.0155644370746373,FALSE,0.7486956987129657,"(1.51,Inf]"
G025_R384_C1137,G025_R388_C1143,1.8027756377319946,FALSE,0.750765705797998,"(1.51,Inf]"
G025_R384_C1138,G025_R388_C1143,1.6007810593582121,FALSE,0.7071207695037373,"(1.51,Inf]"
G025_R384_C1139,G025_R388_C1143,1.4142135623730951,FALSE,0.7636764733493422,"(1.01,1.51]"
G025_R384_C1140,G025_R388_C1143,1.25,FALSE,0.6910519039589983,"(1.01,1.51]"
G025_R384_C1141,G025_R388_C1143,1.118033988749895,FALSE,0.5504036333612818,"(1.01,1.51]"
G025_R384_C1142,G025_R388_C1143,1.0307764064044151,FALSE,0.35313852967481113,"(1.01,1.51]"
G025_R385_C1132,G025_R388_C1143,2.850438562747845,FALSE,0.6930631049811549,"(1.51,Inf]"
G025_R385_C1133,G025_R388_C1143,2.6100766272276377,FALSE,0.705020154539045,"(1.51,Inf]"
G025_R385_C1134,G025_R388_C1143,2.3717082451262845,FALSE,0.7098003859793387,"(1.51,Inf]"
G025_R385_C1135,G025_R388_C1143,2.1360009363293826,FALSE,0.7357864588741355,"(1.51,Inf]"
G025_R385_C1136,G025_R388_C1143,1.9039432764659772,FALSE,0.750878553008468,"(1.51,Inf]"
G025_R385_C1137,G025_R388_C1143,1.6770509831248424,FALSE,0.7315816830051493,"(1.51,Inf]"
G025_R385_C1138,G025_R388_C1143,1.4577379737113252,FALSE,0.7368774721088739,"(1.01,1.51]"
G025_R385_C1139,G025_R388_C1143,1.25,FALSE,0.7270550964443865,"(1.01,1.51]"
G025_R385_C1140,G025_R388_C1143,1.0606601717798212,FALSE,0.6131589527123069,"(1.01,1.51]"
G025_R385_C1141,G025_R388_C1143,0.9013878188659973,FALSE,0.4673050151951701,"(0.76,1.01]"
G025_R385_C1142,G025_R388_C1143,0.7905694150420949,FALSE,0.3935648623157401,"(0.76,1.01]"
G025_R386_C1132,G025_R388_C1143,2.7950849718747373,FALSE,0.7088160425398692,"(1.51,Inf]"
G025_R386_C1133,G025_R388_C1143,2.5495097567963922,FALSE,0.7042569648389736,"(1.51,Inf]"
G025_R386_C1134,G025_R388_C1143,2.3048861143232218,FALSE,0.7134838603742739,"(1.51,Inf]"
G025_R386_C1135,G025_R388_C1143,2.0615528128088303,FALSE,0.7554399729476028,"(1.51,Inf]"
G025_R386_C1136,G025_R388_C1143,1.8200274723201295,FALSE,0.7546841945712287,"(1.51,Inf]"
G025_R386_C1137,G025_R388_C1143,1.5811388300841898,FALSE,0.7349712926431133,"(1.51,Inf]"
G025_R386_C1138,G025_R388_C1143,1.346291201783626,FALSE,0.7040671735116979,"(1.01,1.51]"
G025_R386_C1139,G025_R388_C1143,1.118033988749895,FALSE,0.6196246062354926,"(1.01,1.51]"
G025_R386_C1141,G025_R388_C1143,0.7071067811865476,FALSE,0.5402998792578279,"(0.51,0.76]"
G025_R387_C1132,G025_R388_C1143,2.7613402542968153,FALSE,0.7185773976279158,"(1.51,Inf]"
G025_R387_C1133,G025_R388_C1143,2.5124689052802225,FALSE,0.7125197020070944,"(1.51,Inf]"
G025_R387_C1134,G025_R388_C1143,2.2638462845343543,FALSE,0.7279958061660281,"(1.51,Inf]"
G025_R387_C1135,G025_R388_C1143,2.0155644370746373,FALSE,0.73001431171999,"(1.51,Inf]"
G025_R387_C1136,G025_R388_C1143,1.7677669529663689,FALSE,0.7365467988639275,"(1.51,Inf]"
G025_R387_C1137,G025_R388_C1143,1.5206906325745548,FALSE,0.7244844742098314,"(1.51,Inf]"
G025_R387_C1138,G025_R388_C1143,1.2747548783981961,FALSE,0.7164710302074517,"(1.01,1.51]"
G025_R387_C1139,G025_R388_C1143,1.0307764064044151,FALSE,0.6924123764521551,"(1.01,1.51]"
G025_R387_C1140,G025_R388_C1143,0.7905694150420949,FALSE,0.7185837145849814,"(0.76,1.01]"
G025_R387_C1141,G025_R388_C1143,0.5590169943749475,FALSE,0.6784336896816308,"(0.51,0.76]"
G025_R387_C1142,G025_R388_C1143,0.3535533905932738,FALSE,0.51812274358885,"(0.26,0.51]"
G025_R387_C1143,G025_R388_C1143,0.25,TRUE,0.5682483644052605,"[0,0.26]"
G025_R388_C1132,G025_R388_C1143,2.75,FALSE,0.72176946818292,"(1.51,Inf]"
G025_R388_C1133,G025_R388_C1143,2.5,FALSE,0.7072729502632286,"(1.51,Inf]"
G025_R388_C1134,G025_R388_C1143,2.25,FALSE,0.7158536728055065,"(1.51,Inf]"
G025_R388_C1135,G025_R388_C1143,2,FALSE,0.7332040495504806,"(1.51,Inf]"
G025_R388_C1136,G025_R388_C1143,1.75,FALSE,0.7273847012387907,"(1.51,Inf]"
G025_R388_C1137,G025_R388_C1143,1.5,FALSE,0.718718334482484,"(1.01,1.51]"
G025_R388_C1138,G025_R388_C1143,1.25,FALSE,0.7384710401969433,"(1.01,1.51]"
G025_R388_C1139,G025_R388_C1143,1,FALSE,0.7466191220271328,"(0.76,1.01]"
G025_R388_C1140,G025_R388_C1143,0.75,FALSE,0.7720283982655404,"(0.51,0.76]"
G025_R388_C1141,G025_R388_C1143,0.5,FALSE,0.8670786006225807,"(0.26,0.51]"
G025_R388_C1142,G025_R388_C1143,0.25,TRUE,0.9246447988356539,"[0,0.26]"
G025_R380_C1132,G025_R388_C1144,3.605551275463989,FALSE,0.6894282507749522,"(1.51,Inf]"
G025_R380_C1133,G025_R388_C1144,3.400367627183861,FALSE,0.6958384905468118,"(1.51,Inf]"
G025_R380_C1134,G025_R388_C1144,3.2015621187164243,FALSE,0.6318615213361571,"(1.51,Inf]"
G025_R380_C1135,G025_R388_C1144,3.010398644698074,FALSE,0.5431806292397559,"(1.51,Inf]"
G025_R380_C1143,G025_R388_C1144,2.0155644370746373,FALSE,0.06816162548243818,"(1.51,Inf]"
G025_R380_C1144,G025_R388_C1144,2,FALSE,0.2107539727951273,"(1.51,Inf]"
G025_R380_C1145,G025_R388_C1144,2.0155644370746373,FALSE,0.07027658872962972,"(1.51,Inf]"
G025_R380_C1146,G025_R388_C1144,2.0615528128088303,FALSE,0.029373480280076577,"(1.51,Inf]"
G025_R380_C1147,G025_R388_C1144,2.1360009363293826,FALSE,0.014825025906111839,"(1.51,Inf]"
G025_R381_C1132,G025_R388_C1144,3.473110997362451,FALSE,0.6921883262891633,"(1.51,Inf]"
G025_R381_C1133,G025_R388_C1144,3.2596012026013246,FALSE,0.717113337612194,"(1.51,Inf]"
G025_R381_C1134,G025_R388_C1144,3.0516389039334255,FALSE,0.7467616471395135,"(1.51,Inf]"
G025_R381_C1135,G025_R388_C1144,2.850438562747845,FALSE,0.7285342841405316,"(1.51,Inf]"
G025_R381_C1143,G025_R388_C1144,1.7677669529663689,FALSE,0.08768963921524929,"(1.51,Inf]"
G025_R381_C1144,G025_R388_C1144,1.75,FALSE,0.2349263692513323,"(1.51,Inf]"
G025_R381_C1145,G025_R388_C1144,1.7677669529663689,FALSE,0.08269224174317323,"(1.51,Inf]"
G025_R381_C1146,G025_R388_C1144,1.8200274723201295,FALSE,0.045680740038077185,"(1.51,Inf]"
G025_R381_C1147,G025_R388_C1144,1.9039432764659772,FALSE,0.05605472794750509,"(1.51,Inf]"
G025_R382_C1132,G025_R388_C1144,3.3541019662496847,FALSE,0.7147836865199025,"(1.51,Inf]"
G025_R382_C1133,G025_R388_C1144,3.132491021535417,FALSE,0.7196671311242804,"(1.51,Inf]"
G025_R382_C1134,G025_R388_C1144,2.9154759474226504,FALSE,0.731289858649819,"(1.51,Inf]"
G025_R382_C1135,G025_R388_C1144,2.704163456597992,FALSE,0.7498067732023695,"(1.51,Inf]"
G025_R382_C1136,G025_R388_C1144,2.5,FALSE,0.7131160970491404,"(1.51,Inf]"
G025_R382_C1138,G025_R388_C1144,2.1213203435596424,FALSE,0.062117109503652394,"(1.51,Inf]"
G025_R382_C1141,G025_R388_C1144,1.6770509831248424,FALSE,0.37094298764804373,"(1.51,Inf]"
G025_R382_C1143,G025_R388_C1144,1.5206906325745548,FALSE,0.09768476083360213,"(1.51,Inf]"
G025_R382_C1144,G025_R388_C1144,1.5,FALSE,0.1295430333434086,"(1.01,1.51]"
G025_R382_C1145,G025_R388_C1144,1.5206906325745548,FALSE,0.02625658944315433,"(1.51,Inf]"
G025_R382_C1146,G025_R388_C1144,1.5811388300841898,FALSE,-0.03100607613472186,"(1.51,Inf]"
G025_R382_C1147,G025_R388_C1144,1.6770509831248424,FALSE,0.0135881359073814,"(1.51,Inf]"
G025_R383_C1132,G025_R388_C1144,3.25,FALSE,0.6983616611620976,"(1.51,Inf]"
G025_R383_C1133,G025_R388_C1144,3.020761493398643,FALSE,0.7207195285125348,"(1.51,Inf]"
G025_R383_C1134,G025_R388_C1144,2.7950849718747373,FALSE,0.7551919937374663,"(1.51,Inf]"
G025_R383_C1135,G025_R388_C1144,2.57390753524675,FALSE,0.7550023188981612,"(1.51,Inf]"
G025_R383_C1136,G025_R388_C1144,2.358495283014151,FALSE,0.7739564212385182,"(1.51,Inf]"
G025_R383_C1137,G025_R388_C1144,2.1505813167606567,FALSE,0.754662839229488,"(1.51,Inf]"
G025_R383_C1139,G025_R388_C1144,1.7677669529663689,FALSE,0.7180168099333833,"(1.51,Inf]"
G025_R383_C1140,G025_R388_C1144,1.6007810593582121,FALSE,0.7117462662087366,"(1.51,Inf]"
G025_R383_C1141,G025_R388_C1144,1.4577379737113252,FALSE,0.5837709225974497,"(1.01,1.51]"
G025_R383_C1142,G025_R388_C1144,1.346291201783626,FALSE,0.45427122674365716,"(1.01,1.51]"
G025_R383_C1143,G025_R388_C1144,1.2747548783981961,FALSE,0.1564744082646069,"(1.01,1.51]"
G025_R383_C1144,G025_R388_C1144,1.25,FALSE,-0.08961290997319289,"(1.01,1.51]"
G025_R383_C1145,G025_R388_C1144,1.2747548783981961,FALSE,-0.13536385236520798,"(1.01,1.51]"
G025_R383_C1146,G025_R388_C1144,1.346291201783626,FALSE,-0.16979825167618684,"(1.01,1.51]"
G025_R383_C1147,G025_R388_C1144,1.4577379737113252,FALSE,-0.2208906471976773,"(1.01,1.51]"
G025_R384_C1132,G025_R388_C1144,3.1622776601683795,FALSE,0.7046238011731843,"(1.51,Inf]"
G025_R384_C1133,G025_R388_C1144,2.9261749776799064,FALSE,0.7038899967307567,"(1.51,Inf]"
G025_R384_C1134,G025_R388_C1144,2.692582403567252,FALSE,0.7257019642601911,"(1.51,Inf]"
G025_R384_C1135,G025_R388_C1144,2.462214450449026,FALSE,0.7410945156206487,"(1.51,Inf]"
G025_R384_C1136,G025_R388_C1144,2.23606797749979,FALSE,0.7786247296004839,"(1.51,Inf]"
G025_R384_C1137,G025_R388_C1144,2.0155644370746373,FALSE,0.781153395419063,"(1.51,Inf]"
G025_R384_C1138,G025_R388_C1144,1.8027756377319946,FALSE,0.7626580698003042,"(1.51,Inf]"
G025_R384_C1139,G025_R388_C1144,1.6007810593582121,FALSE,0.7819940230368759,"(1.51,Inf]"
G025_R384_C1140,G025_R388_C1144,1.4142135623730951,FALSE,0.6679047739502313,"(1.01,1.51]"
G025_R384_C1141,G025_R388_C1144,1.25,FALSE,0.48858581078258,"(1.01,1.51]"
G025_R384_C1142,G025_R388_C1144,1.118033988749895,FALSE,0.2781247777482965,"(1.01,1.51]"
G025_R385_C1132,G025_R388_C1144,3.092329219213245,FALSE,0.7210038957080873,"(1.51,Inf]"
G025_R385_C1133,G025_R388_C1144,2.850438562747845,FALSE,0.7287301502250619,"(1.51,Inf]"
G025_R385_C1134,G025_R388_C1144,2.6100766272276377,FALSE,0.7356424460522526,"(1.51,Inf]"
G025_R385_C1135,G025_R388_C1144,2.3717082451262845,FALSE,0.7705554719592682,"(1.51,Inf]"
G025_R385_C1136,G025_R388_C1144,2.1360009363293826,FALSE,0.7912820799385055,"(1.51,Inf]"
G025_R385_C1137,G025_R388_C1144,1.9039432764659772,FALSE,0.76512918728604,"(1.51,Inf]"
G025_R385_C1138,G025_R388_C1144,1.6770509831248424,FALSE,0.7701351504927313,"(1.51,Inf]"
G025_R385_C1139,G025_R388_C1144,1.4577379737113252,FALSE,0.7069475789682503,"(1.01,1.51]"
G025_R385_C1140,G025_R388_C1144,1.25,FALSE,0.5692400176277345,"(1.01,1.51]"
G025_R385_C1141,G025_R388_C1144,1.0606601717798212,FALSE,0.40709347220630804,"(1.01,1.51]"
G025_R385_C1142,G025_R388_C1144,0.9013878188659973,FALSE,0.3545959143953281,"(0.76,1.01]"
G025_R386_C1132,G025_R388_C1144,3.0413812651491097,FALSE,0.7513967892043057,"(1.51,Inf]"
G025_R386_C1133,G025_R388_C1144,2.7950849718747373,FALSE,0.7542958127458705,"(1.51,Inf]"
G025_R386_C1134,G025_R388_C1144,2.5495097567963922,FALSE,0.7677992352618512,"(1.51,Inf]"
G025_R386_C1135,G025_R388_C1144,2.3048861143232218,FALSE,0.7748827197426527,"(1.51,Inf]"
G025_R386_C1136,G025_R388_C1144,2.0615528128088303,FALSE,0.766382681416543,"(1.51,Inf]"
G025_R386_C1137,G025_R388_C1144,1.8200274723201295,FALSE,0.736251856488732,"(1.51,Inf]"
G025_R386_C1138,G025_R388_C1144,1.5811388300841898,FALSE,0.6923059475691461,"(1.51,Inf]"
G025_R386_C1139,G025_R388_C1144,1.346291201783626,FALSE,0.5882700565520634,"(1.01,1.51]"
G025_R386_C1141,G025_R388_C1144,0.9013878188659973,FALSE,0.5309427876820633,"(0.76,1.01]"
G025_R387_C1132,G025_R388_C1144,3.010398644698074,FALSE,0.7411674279447308,"(1.51,Inf]"
G025_R387_C1133,G025_R388_C1144,2.7613402542968153,FALSE,0.7508050039238456,"(1.51,Inf]"
G025_R387_C1134,G025_R388_C1144,2.5124689052802225,FALSE,0.7672708867513341,"(1.51,Inf]"
G025_R387_C1135,G025_R388_C1144,2.2638462845343543,FALSE,0.7813714356029163,"(1.51,Inf]"
G025_R387_C1136,G025_R388_C1144,2.0155644370746373,FALSE,0.7688505186785364,"(1.51,Inf]"
G025_R387_C1137,G025_R388_C1144,1.7677669529663689,FALSE,0.7404438846659752,"(1.51,Inf]"
G025_R387_C1138,G025_R388_C1144,1.5206906325745548,FALSE,0.7105465297058836,"(1.51,Inf]"
G025_R387_C1139,G025_R388_C1144,1.2747548783981961,FALSE,0.675523559181034,"(1.01,1.51]"
G025_R387_C1140,G025_R388_C1144,1.0307764064044151,FALSE,0.6866003916851786,"(1.01,1.51]"
G025_R387_C1141,G025_R388_C1144,0.7905694150420949,FALSE,0.6898116098113184,"(0.76,1.01]"
G025_R387_C1142,G025_R388_C1144,0.5590169943749475,FALSE,0.5627170306628905,"(0.51,0.76]"
G025_R387_C1143,G025_R388_C1144,0.3535533905932738,FALSE,0.6757988713994334,"(0.26,0.51]"
G025_R388_C1132,G025_R388_C1144,3,FALSE,0.7397174549091652,"(1.51,Inf]"
G025_R388_C1133,G025_R388_C1144,2.75,FALSE,0.7394058550043433,"(1.51,Inf]"
G025_R388_C1134,G025_R388_C1144,2.5,FALSE,0.7525144966418671,"(1.51,Inf]"
G025_R388_C1135,G025_R388_C1144,2.25,FALSE,0.7701342724682584,"(1.51,Inf]"
G025_R388_C1136,G025_R388_C1144,2,FALSE,0.7536774700700075,"(1.51,Inf]"
G025_R388_C1137,G025_R388_C1144,1.75,FALSE,0.741284352512987,"(1.51,Inf]"
G025_R388_C1138,G025_R388_C1144,1.5,FALSE,0.7240922933578238,"(1.01,1.51]"
G025_R388_C1139,G025_R388_C1144,1.25,FALSE,0.7326012993379577,"(1.01,1.51]"
G025_R388_C1140,G025_R388_C1144,1,FALSE,0.7193211237325834,"(0.76,1.01]"
G025_R388_C1141,G025_R388_C1144,0.75,FALSE,0.789573308563445,"(0.51,0.76]"
G025_R388_C1142,G025_R388_C1144,0.5,FALSE,0.8216909657668185,"(0.26,0.51]"
G025_R388_C1143,G025_R388_C1144,0.25,TRUE,0.884275197326618,"[0,0.26]"
G025_R380_C1132,G025_R388_C1145,3.816084380618437,FALSE,0.6359493641067835,"(1.51,Inf]"
G025_R380_C1133,G025_R388_C1145,3.605551275463989,FALSE,0.6339794932062298,"(1.51,Inf]"
G025_R380_C1134,G025_R388_C1145,3.400367627183861,FALSE,0.5623811307920107,"(1.51,Inf]"
G025_R380_C1135,G025_R388_C1145,3.2015621187164243,FALSE,0.48211813954895305,"(1.51,Inf]"
G025_R380_C1143,G025_R388_C1145,2.0615528128088303,FALSE,0.0695239198426661,"(1.51,Inf]"
G025_R380_C1144,G025_R388_C1145,2.0155644370746373,FALSE,0.20258749291440922,"(1.51,Inf]"
G025_R380_C1145,G025_R388_C1145,2,FALSE,0.12544090707161282,"(1.51,Inf]"
G025_R380_C1146,G025_R388_C1145,2.0155644370746373,FALSE,0.08969197513027558,"(1.51,Inf]"
G025_R380_C1147,G025_R388_C1145,2.0615528128088303,FALSE,0.07601434132356068,"(1.51,Inf]"
G025_R381_C1132,G025_R388_C1145,3.69120576505835,FALSE,0.6036148675890403,"(1.51,Inf]"
G025_R381_C1133,G025_R388_C1145,3.473110997362451,FALSE,0.62692771862524,"(1.51,Inf]"
G025_R381_C1134,G025_R388_C1145,3.2596012026013246,FALSE,0.6379671903109204,"(1.51,Inf]"
G025_R381_C1135,G025_R388_C1145,3.0516389039334255,FALSE,0.6321305415203707,"(1.51,Inf]"
G025_R381_C1143,G025_R388_C1145,1.8200274723201295,FALSE,0.13081336917827682,"(1.51,Inf]"
G025_R381_C1144,G025_R388_C1145,1.7677669529663689,FALSE,0.2903820156017373,"(1.51,Inf]"
G025_R381_C1145,G025_R388_C1145,1.75,FALSE,0.14438175492309138,"(1.51,Inf]"
G025_R381_C1146,G025_R388_C1145,1.7677669529663689,FALSE,0.1297034912984673,"(1.51,Inf]"
G025_R381_C1147,G025_R388_C1145,1.8200274723201295,FALSE,0.1526943040164986,"(1.51,Inf]"
G025_R382_C1132,G025_R388_C1145,3.5794552658190883,FALSE,0.6164171423373791,"(1.51,Inf]"
G025_R382_C1133,G025_R388_C1145,3.3541019662496847,FALSE,0.6204326213879771,"(1.51,Inf]"
G025_R382_C1134,G025_R388_C1145,3.132491021535417,FALSE,0.625682857437359,"(1.51,Inf]"
G025_R382_C1135,G025_R388_C1145,2.9154759474226504,FALSE,0.6300784492282498,"(1.51,Inf]"
G025_R382_C1136,G025_R388_C1145,2.704163456597992,FALSE,0.6112643385870732,"(1.51,Inf]"
G025_R382_C1138,G025_R388_C1145,2.3048861143232218,FALSE,0.10989082090932685,"(1.51,Inf]"
G025_R382_C1141,G025_R388_C1145,1.8027756377319946,FALSE,0.3073293929471266,"(1.51,Inf]"
G025_R382_C1143,G025_R388_C1145,1.5811388300841898,FALSE,0.06797577406024569,"(1.51,Inf]"
G025_R382_C1144,G025_R388_C1145,1.5206906325745548,FALSE,0.15552381309575314,"(1.51,Inf]"
G025_R382_C1145,G025_R388_C1145,1.5,FALSE,0.06166673041865558,"(1.01,1.51]"
G025_R382_C1146,G025_R388_C1145,1.5206906325745548,FALSE,0.048255031890924345,"(1.51,Inf]"
G025_R382_C1147,G025_R388_C1145,1.5811388300841898,FALSE,0.15845531960879647,"(1.51,Inf]"
G025_R383_C1132,G025_R388_C1145,3.48209706929603,FALSE,0.6055744971562816,"(1.51,Inf]"
G025_R383_C1133,G025_R388_C1145,3.25,FALSE,0.6325152637594409,"(1.51,Inf]"
G025_R383_C1134,G025_R388_C1145,3.020761493398643,FALSE,0.6582549001659858,"(1.51,Inf]"
G025_R383_C1135,G025_R388_C1145,2.7950849718747373,FALSE,0.6585664481473482,"(1.51,Inf]"
G025_R383_C1136,G025_R388_C1145,2.57390753524675,FALSE,0.6540730671954695,"(1.51,Inf]"
G025_R383_C1137,G025_R388_C1145,2.358495283014151,FALSE,0.6536291199791536,"(1.51,Inf]"
G025_R383_C1139,G025_R388_C1145,1.9525624189766635,FALSE,0.6217337945570813,"(1.51,Inf]"
G025_R383_C1140,G025_R388_C1145,1.7677669529663689,FALSE,0.61018271086924325,"(1.51,Inf]"
G025_R383_C1141,G025_R388_C1145,1.6007810593582121,FALSE,0.5054463424564312,"(1.51,Inf]"
G025_R383_C1142,G025_R388_C1145,1.4577379737113252,FALSE,0.34164410309300575,"(1.01,1.51]"
G025_R383_C1143,G025_R388_C1145,1.346291201783626,FALSE,0.055655225670661335,"(1.01,1.51]"
G025_R383_C1144,G025_R388_C1145,1.2747548783981961,FALSE,-0.06039754549640807,"(1.01,1.51]"
G025_R383_C1145,G025_R388_C1145,1.25,FALSE,-0.07029075624316261,"(1.01,1.51]"
G025_R383_C1146,G025_R388_C1145,1.2747548783981961,FALSE,-0.11771618763462606,"(1.01,1.51]"
G025_R383_C1147,G025_R388_C1145,1.346291201783626,FALSE,-0.06773197974776228,"(1.01,1.51]"
G025_R384_C1132,G025_R388_C1145,3.400367627183861,FALSE,0.6069606222365806,"(1.51,Inf]"
G025_R384_C1133,G025_R388_C1145,3.1622776601683795,FALSE,0.6064697484587735,"(1.51,Inf]"
G025_R384_C1134,G025_R388_C1145,2.9261749776799064,FALSE,0.6537111573522889,"(1.51,Inf]"
G025_R384_C1135,G025_R388_C1145,2.692582403567252,FALSE,0.6846722494197875,"(1.51,Inf]"
G025_R384_C1136,G025_R388_C1145,2.462214450449026,FALSE,0.6862589704115161,"(1.51,Inf]"
G025_R384_C1137,G025_R388_C1145,2.23606797749979,FALSE,0.6529950225067092,"(1.51,Inf]"
G025_R384_C1138,G025_R388_C1145,2.0155644370746373,FALSE,0.6496454545794231,"(1.51,Inf]"
G025_R384_C1139,G025_R388_C1145,1.8027756377319946,FALSE,0.6628070339922078,"(1.51,Inf]"
G025_R384_C1140,G025_R388_C1145,1.6007810593582121,FALSE,0.5697735652160748,"(1.51,Inf]"
G025_R384_C1141,G025_R388_C1145,1.4142135623730951,FALSE,0.40140032995838787,"(1.01,1.51]"
G025_R384_C1142,G025_R388_C1145,1.25,FALSE,0.18926061281484458,"(1.01,1.51]"
G025_R385_C1132,G025_R388_C1145,3.3354160160315836,FALSE,0.6335916843652131,"(1.51,Inf]"
G025_R385_C1133,G025_R388_C1145,3.092329219213245,FALSE,0.6479122283083397,"(1.51,Inf]"
G025_R385_C1134,G025_R388_C1145,2.850438562747845,FALSE,0.6508734693577928,"(1.51,Inf]"
G025_R385_C1135,G025_R388_C1145,2.6100766272276377,FALSE,0.6839458487275482,"(1.51,Inf]"
G025_R385_C1136,G025_R388_C1145,2.3717082451262845,FALSE,0.6933934920037229,"(1.51,Inf]"
G025_R385_C1137,G025_R388_C1145,2.1360009363293826,FALSE,0.6596395160727161,"(1.51,Inf]"
G025_R385_C1138,G025_R388_C1145,1.9039432764659772,FALSE,0.6663543715174484,"(1.51,Inf]"
G025_R385_C1139,G025_R388_C1145,1.6770509831248424,FALSE,0.5961693167799026,"(1.51,Inf]"
G025_R385_C1140,G025_R388_C1145,1.4577379737113252,FALSE,0.4545995066295337,"(1.01,1.51]"
G025_R385_C1141,G025_R388_C1145,1.25,FALSE,0.30898225108831046,"(1.01,1.51]"
G025_R385_C1142,G025_R388_C1145,1.0606601717798212,FALSE,0.25660463041180814,"(1.01,1.51]"
G025_R386_C1132,G025_R388_C1145,3.2882366094914763,FALSE,0.6549269368783922,"(1.51,Inf]"
G025_R386_C1133,G025_R388_C1145,3.0413812651491097,FALSE,0.6604312259525684,"(1.51,Inf]"
G025_R386_C1134,G025_R388_C1145,2.7950849718747373,FALSE,0.6624796241481423,"(1.51,Inf]"
G025_R386_C1135,G025_R388_C1145,2.5495097567963922,FALSE,0.653769094626872,"(1.51,Inf]"
G025_R386_C1136,G025_R388_C1145,2.3048861143232218,FALSE,0.6588321357587964,"(1.51,Inf]"
G025_R386_C1137,G025_R388_C1145,2.0615528128088303,FALSE,0.6080869016037035,"(1.51,Inf]"
G025_R386_C1138,G025_R388_C1145,1.8200274723201295,FALSE,0.5493950715105398,"(1.51,Inf]"
G025_R386_C1139,G025_R388_C1145,1.5811388300841898,FALSE,0.4495913083041475,"(1.51,Inf]"
G025_R386_C1141,G025_R388_C1145,1.118033988749895,FALSE,0.4427633051687818,"(1.01,1.51]"
G025_R387_C1132,G025_R388_C1145,3.2596012026013246,FALSE,0.6199406379570067,"(1.51,Inf]"
G025_R387_C1133,G025_R388_C1145,3.010398644698074,FALSE,0.6211294023623903,"(1.51,Inf]"
G025_R387_C1134,G025_R388_C1145,2.7613402542968153,FALSE,0.6321788403189492,"(1.51,Inf]"
G025_R387_C1135,G025_R388_C1145,2.5124689052802225,FALSE,0.6624328975383866,"(1.51,Inf]"
G025_R387_C1136,G025_R388_C1145,2.2638462845343543,FALSE,0.6348539777780239,"(1.51,Inf]"
G025_R387_C1137,G025_R388_C1145,2.0155644370746373,FALSE,0.6177156723635011,"(1.51,Inf]"
G025_R387_C1138,G025_R388_C1145,1.7677669529663689,FALSE,0.5705752416311957,"(1.51,Inf]"
G025_R387_C1139,G025_R388_C1145,1.5206906325745548,FALSE,0.5194144509432264,"(1.51,Inf]"
G025_R387_C1140,G025_R388_C1145,1.2747548783981961,FALSE,0.5223924432391925,"(1.01,1.51]"
G025_R387_C1141,G025_R388_C1145,1.0307764064044151,FALSE,0.5678317419893696,"(1.01,1.51]"
G025_R387_C1142,G025_R388_C1145,0.7905694150420949,FALSE,0.47069626129099906,"(0.76,1.01]"
G025_R387_C1143,G025_R388_C1145,0.5590169943749475,FALSE,0.6010712861176574,"(0.51,0.76]"
G025_R388_C1132,G025_R388_C1145,3.25,FALSE,0.6318219966752946,"(1.51,Inf]"
G025_R388_C1133,G025_R388_C1145,3,FALSE,0.6099857163178,"(1.51,Inf]"
G025_R388_C1134,G025_R388_C1145,2.75,FALSE,0.6304664984766929,"(1.51,Inf]"
G025_R388_C1135,G025_R388_C1145,2.5,FALSE,0.6341222964488363,"(1.51,Inf]"
G025_R388_C1136,G025_R388_C1145,2.25,FALSE,0.6312149253919177,"(1.51,Inf]"
G025_R388_C1137,G025_R388_C1145,2,FALSE,0.6283394429658515,"(1.51,Inf]"
G025_R388_C1138,G025_R388_C1145,1.75,FALSE,0.5985722955051425,"(1.51,Inf]"
G025_R388_C1139,G025_R388_C1145,1.5,FALSE,0.5949666942513323,"(1.01,1.51]"
G025_R388_C1140,G025_R388_C1145,1.25,FALSE,0.552159750308012,"(1.01,1.51]"
G025_R388_C1141,G025_R388_C1145,1,FALSE,0.6162655819507803,"(0.76,1.01]"
G025_R388_C1142,G025_R388_C1145,0.75,FALSE,0.619252475754215,"(0.51,0.76]"
G025_R388_C1143,G025_R388_C1145,0.5,FALSE,0.6319465530751325,"(0.26,0.51]"
G025_R388_C1144,G025_R388_C1145,0.25,TRUE,0.7731061704094537,"[0,0.26]"
G025_R380_C1132,G025_R389_C1132,2.25,FALSE,0.7857726678137649,"(1.51,Inf]"
G025_R380_C1133,G025_R389_C1132,2.2638462845343543,FALSE,0.7736424748327432,"(1.51,Inf]"
G025_R380_C1134,G025_R389_C1132,2.3048861143232218,FALSE,0.7290504337278871,"(1.51,Inf]"
G025_R380_C1135,G025_R389_C1132,2.3717082451262845,FALSE,0.6401307435890411,"(1.51,Inf]"
G025_R380_C1143,G025_R389_C1132,3.553167600887974,FALSE,0.07281152170243681,"(1.51,Inf]"
G025_R380_C1144,G025_R389_C1132,3.75,FALSE,0.2161142202143797,"(1.51,Inf]"
G025_R380_C1145,G025_R389_C1132,3.952847075210474,FALSE,0.07541948657127007,"(1.51,Inf]"
G025_R380_C1146,G025_R389_C1132,4.16082924427331,FALSE,0.0038215431128128335,"(1.51,Inf]"
G025_R380_C1147,G025_R389_C1132,4.373213921133975,FALSE,-0.0030479349228271155,"(1.51,Inf]"
G025_R381_C1132,G025_R389_C1132,2,FALSE,0.8037299327973646,"(1.51,Inf]"
G025_R381_C1133,G025_R389_C1132,2.0155644370746373,FALSE,0.8006522053510463,"(1.51,Inf]"
G025_R381_C1134,G025_R389_C1132,2.0615528128088303,FALSE,0.7974992053597467,"(1.51,Inf]"
G025_R381_C1135,G025_R389_C1132,2.1360009363293826,FALSE,0.7806532869249839,"(1.51,Inf]"
G025_R381_C1143,G025_R389_C1132,3.400367627183861,FALSE,0.11933778623628745,"(1.51,Inf]"
G025_R381_C1144,G025_R389_C1132,3.605551275463989,FALSE,0.2609247876697629,"(1.51,Inf]"
G025_R381_C1145,G025_R389_C1132,3.816084380618437,FALSE,0.14164660975309437,"(1.51,Inf]"
G025_R381_C1146,G025_R389_C1132,4.031128874149275,FALSE,0.08427459541917515,"(1.51,Inf]"
G025_R381_C1147,G025_R389_C1132,4.25,FALSE,0.03901011258555288,"(1.51,Inf]"
G025_R382_C1132,G025_R389_C1132,1.75,FALSE,0.82311304225456,"(1.51,Inf]"
G025_R382_C1133,G025_R389_C1132,1.7677669529663689,FALSE,0.8103183887091302,"(1.51,Inf]"
G025_R382_C1134,G025_R389_C1132,1.8200274723201295,FALSE,0.8116130391428712,"(1.51,Inf]"
G025_R382_C1135,G025_R389_C1132,1.9039432764659772,FALSE,0.8012949623947507,"(1.51,Inf]"
G025_R382_C1136,G025_R389_C1132,2.0155644370746373,FALSE,0.7515890418410832,"(1.51,Inf]"
G025_R382_C1138,G025_R389_C1132,2.3048861143232218,FALSE,0.1714477763215371,"(1.51,Inf]"
G025_R382_C1141,G025_R389_C1132,2.850438562747845,FALSE,0.31319680572418473,"(1.51,Inf]"
G025_R382_C1143,G025_R389_C1132,3.2596012026013246,FALSE,0.08272445676781837,"(1.51,Inf]"
G025_R382_C1144,G025_R389_C1132,3.473110997362451,FALSE,0.0707538030243704,"(1.51,Inf]"
G025_R382_C1145,G025_R389_C1132,3.69120576505835,FALSE,-0.022302102832212598,"(1.51,Inf]"
G025_R382_C1146,G025_R389_C1132,3.913118960624632,FALSE,-0.07501065253476004,"(1.51,Inf]"
G025_R382_C1147,G025_R389_C1132,4.138236339311712,FALSE,-0.06515562296868743,"(1.51,Inf]"
G025_R383_C1132,G025_R389_C1132,1.5,FALSE,0.8089927079602821,"(1.01,1.51]"
G025_R383_C1133,G025_R389_C1132,1.5206906325745548,FALSE,0.8201561487578661,"(1.51,Inf]"
G025_R383_C1134,G025_R389_C1132,1.5811388300841898,FALSE,0.8250589866642605,"(1.51,Inf]"
G025_R383_C1135,G025_R389_C1132,1.6770509831248424,FALSE,0.8109568329910897,"(1.51,Inf]"
G025_R383_C1136,G025_R389_C1132,1.8027756377319946,FALSE,0.798014852939335,"(1.51,Inf]"
G025_R383_C1137,G025_R389_C1132,1.9525624189766635,FALSE,0.7523679760259064,"(1.51,Inf]"
G025_R383_C1139,G025_R389_C1132,2.3048861143232218,FALSE,0.7696707432391094,"(1.51,Inf]"
G025_R383_C1140,G025_R389_C1132,2.5,FALSE,0.7879165207358222,"(1.51,Inf]"
G025_R383_C1141,G025_R389_C1132,2.704163456597992,FALSE,0.665178705558317,"(1.51,Inf]"
G025_R383_C1142,G025_R389_C1132,2.9154759474226504,FALSE,0.5007086867135352,"(1.51,Inf]"
G025_R383_C1143,G025_R389_C1132,3.132491021535417,FALSE,0.2321816758081706,"(1.51,Inf]"
G025_R383_C1144,G025_R389_C1132,3.3541019662496847,FALSE,-0.029639109968092613,"(1.51,Inf]"
G025_R383_C1145,G025_R389_C1132,3.5794552658190883,FALSE,-0.0243603954593491,"(1.51,Inf]"
G025_R383_C1146,G025_R389_C1132,3.8078865529319543,FALSE,-0.1983788312604873,"(1.51,Inf]"
G025_R383_C1147,G025_R389_C1132,4.038873605350878,FALSE,-0.28270808488307836,"(1.51,Inf]"
G025_R384_C1132,G025_R389_C1132,1.25,FALSE,0.8087144821764446,"(1.01,1.51]"
G025_R384_C1133,G025_R389_C1132,1.2747548783981961,FALSE,0.8139701840134478,"(1.01,1.51]"
G025_R384_C1134,G025_R389_C1132,1.346291201783626,FALSE,0.8116420267682356,"(1.01,1.51]"
G025_R384_C1135,G025_R389_C1132,1.4577379737113252,FALSE,0.8078110007510753,"(1.01,1.51]"
G025_R384_C1136,G025_R389_C1132,1.6007810593582121,FALSE,0.8081216261560042,"(1.51,Inf]"
G025_R384_C1137,G025_R389_C1132,1.7677669529663689,FALSE,0.7928920207848672,"(1.51,Inf]"
G025_R384_C1138,G025_R389_C1132,1.9525624189766635,FALSE,0.8118230812656212,"(1.51,Inf]"
G025_R384_C1139,G025_R389_C1132,2.1505813167606567,FALSE,0.8237169093788005,"(1.51,Inf]"
G025_R384_C1140,G025_R389_C1132,2.358495283014151,FALSE,0.7367977705622982,"(1.51,Inf]"
G025_R384_C1141,G025_R389_C1132,2.57390753524675,FALSE,0.608540688096469,"(1.51,Inf]"
G025_R384_C1142,G025_R389_C1132,2.7950849718747373,FALSE,0.38784246174551923,"(1.51,Inf]"
G025_R385_C1132,G025_R389_C1132,1,FALSE,0.8353552020347035,"(0.76,1.01]"
G025_R385_C1133,G025_R389_C1132,1.0307764064044151,FALSE,0.8271410998190052,"(1.01,1.51]"
G025_R385_C1134,G025_R389_C1132,1.118033988749895,FALSE,0.8129637186687786,"(1.01,1.51]"
G025_R385_C1135,G025_R389_C1132,1.25,FALSE,0.8213711972634133,"(1.01,1.51]"
G025_R385_C1136,G025_R389_C1132,1.4142135623730951,FALSE,0.8144634251263398,"(1.01,1.51]"
G025_R385_C1137,G025_R389_C1132,1.6007810593582121,FALSE,0.8142581118431357,"(1.51,Inf]"
G025_R385_C1138,G025_R389_C1132,1.8027756377319946,FALSE,0.8229693979049271,"(1.51,Inf]"
G025_R385_C1139,G025_R389_C1132,2.0155644370746373,FALSE,0.7854862837569084,"(1.51,Inf]"
G025_R385_C1140,G025_R389_C1132,2.23606797749979,FALSE,0.6663670572685901,"(1.51,Inf]"
G025_R385_C1141,G025_R389_C1132,2.462214450449026,FALSE,0.5194788682783404,"(1.51,Inf]"
G025_R385_C1142,G025_R389_C1132,2.692582403567252,FALSE,0.39624270120596033,"(1.51,Inf]"
G025_R386_C1132,G025_R389_C1132,0.75,FALSE,0.8446407529247734,"(0.51,0.76]"
G025_R386_C1133,G025_R389_C1132,0.7905694150420949,FALSE,0.8572307939266613,"(0.76,1.01]"
G025_R386_C1134,G025_R389_C1132,0.9013878188659973,FALSE,0.8372663919256548,"(0.76,1.01]"
G025_R386_C1135,G025_R389_C1132,1.0606601717798212,FALSE,0.8305192135732423,"(1.01,1.51]"
G025_R386_C1136,G025_R389_C1132,1.25,FALSE,0.8257817596273999,"(1.01,1.51]"
G025_R386_C1137,G025_R389_C1132,1.4577379737113252,FALSE,0.8121558961604276,"(1.01,1.51]"
G025_R386_C1138,G025_R389_C1132,1.6770509831248424,FALSE,0.7641708429366746,"(1.51,Inf]"
G025_R386_C1139,G025_R389_C1132,1.9039432764659772,FALSE,0.6853768647884658,"(1.51,Inf]"
G025_R386_C1141,G025_R389_C1132,2.3717082451262845,FALSE,0.5897956963588015,"(1.51,Inf]"
G025_R387_C1132,G025_R389_C1132,0.5,FALSE,0.8948555766164922,"(0.26,0.51]"
G025_R387_C1133,G025_R389_C1132,0.5590169943749475,FALSE,0.8799133920161808,"(0.51,0.76]"
G025_R387_C1134,G025_R389_C1132,0.7071067811865476,FALSE,0.8695526619305232,"(0.51,0.76]"
G025_R387_C1135,G025_R389_C1132,0.9013878188659973,FALSE,0.8427895826098322,"(0.76,1.01]"
G025_R387_C1136,G025_R389_C1132,1.118033988749895,FALSE,0.8208135285076488,"(1.01,1.51]"
G025_R387_C1137,G025_R389_C1132,1.346291201783626,FALSE,0.815887884986973,"(1.01,1.51]"
G025_R387_C1138,G025_R389_C1132,1.5811388300841898,FALSE,0.780528526815172,"(1.51,Inf]"
G025_R387_C1139,G025_R389_C1132,1.8200274723201295,FALSE,0.7438279360132821,"(1.51,Inf]"
G025_R387_C1140,G025_R389_C1132,2.0615528128088303,FALSE,0.7062324774185893,"(1.51,Inf]"
G025_R387_C1141,G025_R389_C1132,2.3048861143232218,FALSE,0.6256748714750835,"(1.51,Inf]"
G025_R387_C1142,G025_R389_C1132,2.5495097567963922,FALSE,0.44943999958990044,"(1.51,Inf]"
G025_R387_C1143,G025_R389_C1132,2.7950849718747373,FALSE,0.480154209534774,"(1.51,Inf]"
G025_R388_C1132,G025_R389_C1132,0.25,TRUE,0.950843484709431,"[0,0.26]"
G025_R388_C1133,G025_R389_C1132,0.3535533905932738,FALSE,0.923220402451642,"(0.26,0.51]"
G025_R388_C1134,G025_R389_C1132,0.5590169943749475,FALSE,0.9067693641669561,"(0.51,0.76]"
G025_R388_C1135,G025_R389_C1132,0.7905694150420949,FALSE,0.8919035501242231,"(0.76,1.01]"
G025_R388_C1136,G025_R389_C1132,1.0307764064044151,FALSE,0.8587645944718759,"(1.01,1.51]"
G025_R388_C1137,G025_R389_C1132,1.2747548783981961,FALSE,0.8365034533802731,"(1.01,1.51]"
G025_R388_C1138,G025_R389_C1132,1.5206906325745548,FALSE,0.8035127843125693,"(1.51,Inf]"
G025_R388_C1139,G025_R389_C1132,1.7677669529663689,FALSE,0.7910014343570579,"(1.51,Inf]"
G025_R388_C1140,G025_R389_C1132,2.0155644370746373,FALSE,0.7413822724381909,"(1.51,Inf]"
G025_R388_C1141,G025_R389_C1132,2.2638462845343543,FALSE,0.7457596916047218,"(1.51,Inf]"
G025_R388_C1142,G025_R389_C1132,2.5124689052802225,FALSE,0.7387986558102863,"(1.51,Inf]"
G025_R388_C1143,G025_R389_C1132,2.7613402542968153,FALSE,0.7198740571789107,"(1.51,Inf]"
G025_R388_C1144,G025_R389_C1132,3.010398644698074,FALSE,0.7380719607054387,"(1.51,Inf]"
G025_R388_C1145,G025_R389_C1132,3.2596012026013246,FALSE,0.6168765902834618,"(1.51,Inf]"
G025_R380_C1132,G025_R389_C1133,2.2638462845343543,FALSE,0.7769125426005316,"(1.51,Inf]"
G025_R380_C1133,G025_R389_C1133,2.25,FALSE,0.7650698469639954,"(1.51,Inf]"
G025_R380_C1134,G025_R389_C1133,2.2638462845343543,FALSE,0.7087634830282925,"(1.51,Inf]"
G025_R380_C1135,G025_R389_C1133,2.3048861143232218,FALSE,0.6388807417510033,"(1.51,Inf]"
G025_R380_C1143,G025_R389_C1133,3.3634060117684275,FALSE,0.0721288869032426,"(1.51,Inf]"
G025_R380_C1144,G025_R389_C1133,3.553167600887974,FALSE,0.2394512084163597,"(1.51,Inf]"
G025_R380_C1145,G025_R389_C1133,3.75,FALSE,0.08827998538782002,"(1.51,Inf]"
G025_R380_C1146,G025_R389_C1133,3.952847075210474,FALSE,0.017471623064657903,"(1.51,Inf]"
G025_R380_C1147,G025_R389_C1133,4.16082924427331,FALSE,-0.01813467197171065,"(1.51,Inf]"
G025_R381_C1132,G025_R389_C1133,2.0155644370746373,FALSE,0.7938068647921243,"(1.51,Inf]"
G025_R381_C1133,G025_R389_C1133,2,FALSE,0.7869548051945074,"(1.51,Inf]"
G025_R381_C1134,G025_R389_C1133,2.0155644370746373,FALSE,0.7805607628446445,"(1.51,Inf]"
G025_R381_C1135,G025_R389_C1133,2.0615528128088303,FALSE,0.766587784843944,"(1.51,Inf]"
G025_R381_C1143,G025_R389_C1133,3.2015621187164243,FALSE,0.12041254315726183,"(1.51,Inf]"
G025_R381_C1144,G025_R389_C1133,3.400367627183861,FALSE,0.283113551596974,"(1.51,Inf]"
G025_R381_C1145,G025_R389_C1133,3.605551275463989,FALSE,0.15970106259969702,"(1.51,Inf]"
G025_R381_C1146,G025_R389_C1133,3.816084380618437,FALSE,0.10279988023248049,"(1.51,Inf]"
G025_R381_C1147,G025_R389_C1133,4.031128874149275,FALSE,0.04993959473096198,"(1.51,Inf]"
G025_R382_C1132,G025_R389_C1133,1.7677669529663689,FALSE,0.8022187078864949,"(1.51,Inf]"
G025_R382_C1133,G025_R389_C1133,1.75,FALSE,0.7963047171115678,"(1.51,Inf]"
G025_R382_C1134,G025_R389_C1133,1.7677669529663689,FALSE,0.8042398243875925,"(1.51,Inf]"
G025_R382_C1135,G025_R389_C1133,1.8200274723201295,FALSE,0.7955226799632208,"(1.51,Inf]"
G025_R382_C1136,G025_R389_C1133,1.9039432764659772,FALSE,0.7463955153017912,"(1.51,Inf]"
G025_R382_C1138,G025_R389_C1133,2.1505813167606567,FALSE,0.15379555520562982,"(1.51,Inf]"
G025_R382_C1141,G025_R389_C1133,2.6575364531836625,FALSE,0.3274322764089922,"(1.51,Inf]"
G025_R382_C1143,G025_R389_C1133,3.0516389039334255,FALSE,0.07909584207174833,"(1.51,Inf]"
G025_R382_C1144,G025_R389_C1133,3.2596012026013246,FALSE,0.10128495652435876,"(1.51,Inf]"
G025_R382_C1145,G025_R389_C1133,3.473110997362451,FALSE,-0.014057262460639574,"(1.51,Inf]"
G025_R382_C1146,G025_R389_C1133,3.69120576505835,FALSE,-0.05681240925552755,"(1.51,Inf]"
G025_R382_C1147,G025_R389_C1133,3.913118960624632,FALSE,-0.05175524074347799,"(1.51,Inf]"
G025_R383_C1132,G025_R389_C1133,1.5206906325745548,FALSE,0.8035285338221165,"(1.51,Inf]"
G025_R383_C1133,G025_R389_C1133,1.5,FALSE,0.8164972160717874,"(1.01,1.51]"
G025_R383_C1134,G025_R389_C1133,1.5206906325745548,FALSE,0.8141545942684181,"(1.51,Inf]"
G025_R383_C1135,G025_R389_C1133,1.5811388300841898,FALSE,0.800540859538391,"(1.51,Inf]"
G025_R383_C1136,G025_R389_C1133,1.6770509831248424,FALSE,0.7817152187674362,"(1.51,Inf]"
G025_R383_C1137,G025_R389_C1133,1.8027756377319946,FALSE,0.7292321328995935,"(1.51,Inf]"
G025_R383_C1139,G025_R389_C1133,2.1213203435596424,FALSE,0.7516159538998874,"(1.51,Inf]"
G025_R383_C1140,G025_R389_C1133,2.3048861143232218,FALSE,0.777794968705822,"(1.51,Inf]"
G025_R383_C1141,G025_R389_C1133,2.5,FALSE,0.6678543834985742,"(1.51,Inf]"
G025_R383_C1142,G025_R389_C1133,2.704163456597992,FALSE,0.4965165903521619,"(1.51,Inf]"
G025_R383_C1143,G025_R389_C1133,2.9154759474226504,FALSE,0.19340778801915648,"(1.51,Inf]"
G025_R383_C1144,G025_R389_C1133,3.132491021535417,FALSE,-0.027038364894249184,"(1.51,Inf]"
G025_R383_C1145,G025_R389_C1133,3.3541019662496847,FALSE,-0.04928377025851309,"(1.51,Inf]"
G025_R383_C1146,G025_R389_C1133,3.5794552658190883,FALSE,-0.20098239342987104,"(1.51,Inf]"
G025_R383_C1147,G025_R389_C1133,3.8078865529319543,FALSE,-0.24626662865860177,"(1.51,Inf]"
G025_R384_C1132,G025_R389_C1133,1.2747548783981961,FALSE,0.7967504917859051,"(1.01,1.51]"
G025_R384_C1133,G025_R389_C1133,1.25,FALSE,0.7992437939021589,"(1.01,1.51]"
G025_R384_C1134,G025_R389_C1133,1.2747548783981961,FALSE,0.7955088591814962,"(1.01,1.51]"
G025_R384_C1135,G025_R389_C1133,1.346291201783626,FALSE,0.7984626021596203,"(1.01,1.51]"
G025_R384_C1136,G025_R389_C1133,1.4577379737113252,FALSE,0.7963798483169613,"(1.01,1.51]"
G025_R384_C1137,G025_R389_C1133,1.6007810593582121,FALSE,0.7768916590158206,"(1.51,Inf]"
G025_R384_C1138,G025_R389_C1133,1.7677669529663689,FALSE,0.7881697161327044,"(1.51,Inf]"
G025_R384_C1139,G025_R389_C1133,1.9525624189766635,FALSE,0.804011566686024,"(1.51,Inf]"
G025_R384_C1140,G025_R389_C1133,2.1505813167606567,FALSE,0.7278660077742966,"(1.51,Inf]"
G025_R384_C1141,G025_R389_C1133,2.358495283014151,FALSE,0.6083905492081211,"(1.51,Inf]"
G025_R384_C1142,G025_R389_C1133,2.57390753524675,FALSE,0.3931966282495142,"(1.51,Inf]"
G025_R385_C1132,G025_R389_C1133,1.0307764064044151,FALSE,0.7994843247105607,"(1.01,1.51]"
G025_R385_C1133,G025_R389_C1133,1,FALSE,0.8034931627209904,"(0.76,1.01]"
G025_R385_C1134,G025_R389_C1133,1.0307764064044151,FALSE,0.797698716442034,"(1.01,1.51]"
G025_R385_C1135,G025_R389_C1133,1.118033988749895,FALSE,0.804621105770164,"(1.01,1.51]"
G025_R385_C1136,G025_R389_C1133,1.25,FALSE,0.8018040450075805,"(1.01,1.51]"
G025_R385_C1137,G025_R389_C1133,1.4142135623730951,FALSE,0.7890227744250675,"(1.01,1.51]"
G025_R385_C1138,G025_R389_C1133,1.6007810593582121,FALSE,0.8162496289494775,"(1.51,Inf]"
G025_R385_C1139,G025_R389_C1133,1.8027756377319946,FALSE,0.7715572472563895,"(1.51,Inf]"
G025_R385_C1140,G025_R389_C1133,2.0155644370746373,FALSE,0.6476640877199822,"(1.51,Inf]"
G025_R385_C1141,G025_R389_C1133,2.23606797749979,FALSE,0.5143602127583693,"(1.51,Inf]"
G025_R385_C1142,G025_R389_C1133,2.462214450449026,FALSE,0.3843242948280609,"(1.51,Inf]"
G025_R386_C1132,G025_R389_C1133,0.7905694150420949,FALSE,0.8165599870968213,"(0.76,1.01]"
G025_R386_C1133,G025_R389_C1133,0.75,FALSE,0.8407524133550819,"(0.51,0.76]"
G025_R386_C1134,G025_R389_C1133,0.7905694150420949,FALSE,0.8242110197314738,"(0.76,1.01]"
G025_R386_C1135,G025_R389_C1133,0.9013878188659973,FALSE,0.8211047433853002,"(0.76,1.01]"
G025_R386_C1136,G025_R389_C1133,1.0606601717798212,FALSE,0.814818150293654,"(1.01,1.51]"
G025_R386_C1137,G025_R389_C1133,1.25,FALSE,0.7993592960121003,"(1.01,1.51]"
G025_R386_C1138,G025_R389_C1133,1.4577379737113252,FALSE,0.7546361783461651,"(1.01,1.51]"
G025_R386_C1139,G025_R389_C1133,1.6770509831248424,FALSE,0.6796109777030229,"(1.51,Inf]"
G025_R386_C1141,G025_R389_C1133,2.1360009363293826,FALSE,0.580360020989594,"(1.51,Inf]"
G025_R387_C1132,G025_R389_C1133,0.5590169943749475,FALSE,0.8857087300401955,"(0.51,0.76]"
G025_R387_C1133,G025_R389_C1133,0.5,FALSE,0.8848480936937838,"(0.26,0.51]"
G025_R387_C1134,G025_R389_C1133,0.5590169943749475,FALSE,0.8669417912908659,"(0.51,0.76]"
G025_R387_C1135,G025_R389_C1133,0.7071067811865476,FALSE,0.8433136512513758,"(0.51,0.76]"
G025_R387_C1136,G025_R389_C1133,0.9013878188659973,FALSE,0.8227224416283017,"(0.76,1.01]"
G025_R387_C1137,G025_R389_C1133,1.118033988749895,FALSE,0.8205746718170759,"(1.01,1.51]"
G025_R387_C1138,G025_R389_C1133,1.346291201783626,FALSE,0.7743329001061164,"(1.01,1.51]"
G025_R387_C1139,G025_R389_C1133,1.5811388300841898,FALSE,0.7378719467075681,"(1.51,Inf]"
G025_R387_C1140,G025_R389_C1133,1.8200274723201295,FALSE,0.6988171668860099,"(1.51,Inf]"
G025_R387_C1141,G025_R389_C1133,2.0615528128088303,FALSE,0.6263296004434435,"(1.51,Inf]"
G025_R387_C1142,G025_R389_C1133,2.3048861143232218,FALSE,0.45765190361554786,"(1.51,Inf]"
G025_R387_C1143,G025_R389_C1133,2.5495097567963922,FALSE,0.4737698609657987,"(1.51,Inf]"
G025_R388_C1132,G025_R389_C1133,0.3535533905932738,FALSE,0.933907336073636,"(0.26,0.51]"
G025_R388_C1133,G025_R389_C1133,0.25,TRUE,0.9477521416560372,"[0,0.26]"
G025_R388_C1134,G025_R389_C1133,0.3535533905932738,FALSE,0.921664216163228,"(0.26,0.51]"
G025_R388_C1135,G025_R389_C1133,0.5590169943749475,FALSE,0.8961958843537323,"(0.51,0.76]"
G025_R388_C1136,G025_R389_C1133,0.7905694150420949,FALSE,0.8638259699424029,"(0.76,1.01]"
G025_R388_C1137,G025_R389_C1133,1.0307764064044151,FALSE,0.833469568849797,"(1.01,1.51]"
G025_R388_C1138,G025_R389_C1133,1.2747548783981961,FALSE,0.8001973574495228,"(1.01,1.51]"
G025_R388_C1139,G025_R389_C1133,1.5206906325745548,FALSE,0.7915777192274027,"(1.51,Inf]"
G025_R388_C1140,G025_R389_C1133,1.7677669529663689,FALSE,0.7244426268765053,"(1.51,Inf]"
G025_R388_C1141,G025_R389_C1133,2.0155644370746373,FALSE,0.724072326370374,"(1.51,Inf]"
G025_R388_C1142,G025_R389_C1133,2.2638462845343543,FALSE,0.7225857804707287,"(1.51,Inf]"
G025_R388_C1143,G025_R389_C1133,2.5124689052802225,FALSE,0.7017080448589136,"(1.51,Inf]"
G025_R388_C1144,G025_R389_C1133,2.7613402542968153,FALSE,0.7204482552489717,"(1.51,Inf]"
G025_R388_C1145,G025_R389_C1133,3.010398644698074,FALSE,0.6044357314103677,"(1.51,Inf]"
G025_R389_C1132,G025_R389_C1133,0.25,TRUE,0.9664619972885572,"[0,0.26]"
G025_R380_C1132,G025_R389_C1134,2.3048861143232218,FALSE,0.768749609121592,"(1.51,Inf]"
G025_R380_C1133,G025_R389_C1134,2.2638462845343543,FALSE,0.7593768953552729,"(1.51,Inf]"
G025_R380_C1134,G025_R389_C1134,2.25,FALSE,0.6977282725255803,"(1.51,Inf]"
G025_R380_C1135,G025_R389_C1134,2.2638462845343543,FALSE,0.6463786839612881,"(1.51,Inf]"
G025_R380_C1143,G025_R389_C1134,3.181980515339464,FALSE,0.06083853631108342,"(1.51,Inf]"
G025_R380_C1144,G025_R389_C1134,3.3634060117684275,FALSE,0.24483381251216765,"(1.51,Inf]"
G025_R380_C1145,G025_R389_C1134,3.553167600887974,FALSE,0.10114074773928226,"(1.51,Inf]"
G025_R380_C1146,G025_R389_C1134,3.75,FALSE,0.017824291014261157,"(1.51,Inf]"
G025_R380_C1147,G025_R389_C1134,3.952847075210474,FALSE,-0.0023524535627006526,"(1.51,Inf]"
G025_R381_C1132,G025_R389_C1134,2.0615528128088303,FALSE,0.7909046293462468,"(1.51,Inf]"
G025_R381_C1133,G025_R389_C1134,2.0155644370746373,FALSE,0.7707151719053569,"(1.51,Inf]"
G025_R381_C1134,G025_R389_C1134,2,FALSE,0.7677242051764125,"(1.51,Inf]"
G025_R381_C1135,G025_R389_C1134,2.0155644370746373,FALSE,0.7685992540813128,"(1.51,Inf]"
G025_R381_C1143,G025_R389_C1134,3.010398644698074,FALSE,0.1129506580272528,"(1.51,Inf]"
G025_R381_C1144,G025_R389_C1134,3.2015621187164243,FALSE,0.3074489285719928,"(1.51,Inf]"
G025_R381_C1145,G025_R389_C1134,3.400367627183861,FALSE,0.16931838560628037,"(1.51,Inf]"
G025_R381_C1146,G025_R389_C1134,3.605551275463989,FALSE,0.08762039157770704,"(1.51,Inf]"
G025_R381_C1147,G025_R389_C1134,3.816084380618437,FALSE,0.054760431062985386,"(1.51,Inf]"
G025_R382_C1132,G025_R389_C1134,1.8200274723201295,FALSE,0.802834737585485,"(1.51,Inf]"
G025_R382_C1133,G025_R389_C1134,1.7677669529663689,FALSE,0.7966598102875577,"(1.51,Inf]"
G025_R382_C1134,G025_R389_C1134,1.75,FALSE,0.7995444353940002,"(1.51,Inf]"
G025_R382_C1135,G025_R389_C1134,1.7677669529663689,FALSE,0.7964253836334381,"(1.51,Inf]"
G025_R382_C1136,G025_R389_C1134,1.8200274723201295,FALSE,0.7623818064517126,"(1.51,Inf]"
G025_R382_C1138,G025_R389_C1134,2.0155644370746373,FALSE,0.13431233365194464,"(1.51,Inf]"
G025_R382_C1141,G025_R389_C1134,2.4748737341529163,FALSE,0.3538056706749931,"(1.51,Inf]"
G025_R382_C1143,G025_R389_C1134,2.850438562747845,FALSE,0.10476435870159594,"(1.51,Inf]"
G025_R382_C1144,G025_R389_C1134,3.0516389039334255,FALSE,0.11910665909349191,"(1.51,Inf]"
G025_R382_C1145,G025_R389_C1134,3.2596012026013246,FALSE,0.0014107061396302887,"(1.51,Inf]"
G025_R382_C1146,G025_R389_C1134,3.473110997362451,FALSE,-0.04353096628477392,"(1.51,Inf]"
G025_R382_C1147,G025_R389_C1134,3.69120576505835,FALSE,-0.07237584174940621,"(1.51,Inf]"
G025_R383_C1132,G025_R389_C1134,1.5811388300841898,FALSE,0.7801261238984046,"(1.51,Inf]"
G025_R383_C1133,G025_R389_C1134,1.5206906325745548,FALSE,0.8060009425457841,"(1.51,Inf]"
G025_R383_C1134,G025_R389_C1134,1.5,FALSE,0.8112283748108177,"(1.01,1.51]"
G025_R383_C1135,G025_R389_C1134,1.5206906325745548,FALSE,0.8048756642787223,"(1.51,Inf]"
G025_R383_C1136,G025_R389_C1134,1.5811388300841898,FALSE,0.798405033360948,"(1.51,Inf]"
G025_R383_C1137,G025_R389_C1134,1.6770509831248424,FALSE,0.7461718258982825,"(1.51,Inf]"
G025_R383_C1139,G025_R389_C1134,1.9525624189766635,FALSE,0.7396939150718891,"(1.51,Inf]"
G025_R383_C1140,G025_R389_C1134,2.1213203435596424,FALSE,0.78402215872819625,"(1.51,Inf]"
G025_R383_C1141,G025_R389_C1134,2.3048861143232218,FALSE,0.6730123397252026,"(1.51,Inf]"
G025_R383_C1142,G025_R389_C1134,2.5,FALSE,0.5292103375000127,"(1.51,Inf]"
G025_R383_C1143,G025_R389_C1134,2.704163456597992,FALSE,0.1980624264392008,"(1.51,Inf]"
G025_R383_C1144,G025_R389_C1134,2.9154759474226504,FALSE,-0.019285034643886895,"(1.51,Inf]"
G025_R383_C1145,G025_R389_C1134,3.132491021535417,FALSE,-0.03950388949737796,"(1.51,Inf]"
G025_R383_C1146,G025_R389_C1134,3.3541019662496847,FALSE,-0.18470761125820914,"(1.51,Inf]"
G025_R383_C1147,G025_R389_C1134,3.5794552658190883,FALSE,-0.2348201027696487,"(1.51,Inf]"
G025_R384_C1132,G025_R389_C1134,1.346291201783626,FALSE,0.7713881270958278,"(1.01,1.51]"
G025_R384_C1133,G025_R389_C1134,1.2747548783981961,FALSE,0.7982789993509772,"(1.01,1.51]"
G025_R384_C1134,G025_R389_C1134,1.25,FALSE,0.8006241557061968,"(1.01,1.51]"
G025_R384_C1135,G025_R389_C1134,1.2747548783981961,FALSE,0.7938113292600538,"(1.01,1.51]"
G025_R384_C1136,G025_R389_C1134,1.346291201783626,FALSE,0.8059219251424768,"(1.01,1.51]"
G025_R384_C1137,G025_R389_C1134,1.4577379737113252,FALSE,0.772053322374543,"(1.01,1.51]"
G025_R384_C1138,G025_R389_C1134,1.6007810593582121,FALSE,0.7864097022000356,"(1.51,Inf]"
G025_R384_C1139,G025_R389_C1134,1.7677669529663689,FALSE,0.800892907723974,"(1.51,Inf]"
G025_R384_C1140,G025_R389_C1134,1.9525624189766635,FALSE,0.7557988004616459,"(1.51,Inf]"
G025_R384_C1141,G025_R389_C1134,2.1505813167606567,FALSE,0.6300843160199047,"(1.51,Inf]"
G025_R384_C1142,G025_R389_C1134,2.358495283014151,FALSE,0.4008971479576309,"(1.51,Inf]"
G025_R385_C1132,G025_R389_C1134,1.118033988749895,FALSE,0.7985566921798433,"(1.01,1.51]"
G025_R385_C1133,G025_R389_C1134,1.0307764064044151,FALSE,0.8054016232351363,"(1.01,1.51]"
G025_R385_C1134,G025_R389_C1134,1,FALSE,0.8013402138271137,"(0.76,1.01]"
G025_R385_C1135,G025_R389_C1134,1.0307764064044151,FALSE,0.7984584327921129,"(1.01,1.51]"
G025_R385_C1136,G025_R389_C1134,1.118033988749895,FALSE,0.8062232864882738,"(1.01,1.51]"
G025_R385_C1137,G025_R389_C1134,1.25,FALSE,0.8049092952479596,"(1.01,1.51]"
G025_R385_C1138,G025_R389_C1134,1.4142135623730951,FALSE,0.8277044822665269,"(1.01,1.51]"
G025_R385_C1139,G025_R389_C1134,1.6007810593582121,FALSE,0.7868902604850272,"(1.51,Inf]"
G025_R385_C1140,G025_R389_C1134,1.8027756377319946,FALSE,0.6735176765339304,"(1.51,Inf]"
G025_R385_C1141,G025_R389_C1134,2.0155644370746373,FALSE,0.5454476320154381,"(1.51,Inf]"
G025_R385_C1142,G025_R389_C1134,2.23606797749979,FALSE,0.4169947265297146,"(1.51,Inf]"
G025_R386_C1132,G025_R389_C1134,0.9013878188659973,FALSE,0.7929788239894654,"(0.76,1.01]"
G025_R386_C1133,G025_R389_C1134,0.7905694150420949,FALSE,0.815996732839869,"(0.76,1.01]"
G025_R386_C1134,G025_R389_C1134,0.75,FALSE,0.8202745159782354,"(0.51,0.76]"
G025_R386_C1135,G025_R389_C1134,0.7905694150420949,FALSE,0.8285059823698768,"(0.76,1.01]"
G025_R386_C1136,G025_R389_C1134,0.9013878188659973,FALSE,0.8374731863187835,"(0.76,1.01]"
G025_R386_C1137,G025_R389_C1134,1.0606601717798212,FALSE,0.8260438794494473,"(1.01,1.51]"
G025_R386_C1138,G025_R389_C1134,1.25,FALSE,0.7895099855575286,"(1.01,1.51]"
G025_R386_C1139,G025_R389_C1134,1.4577379737113252,FALSE,0.7071480354212712,"(1.01,1.51]"
G025_R386_C1141,G025_R389_C1134,1.9039432764659772,FALSE,0.6072211295077318,"(1.51,Inf]"
G025_R387_C1132,G025_R389_C1134,0.7071067811865476,FALSE,0.8458282011377432,"(0.51,0.76]"
G025_R387_C1133,G025_R389_C1134,0.5590169943749475,FALSE,0.8578478863416003,"(0.51,0.76]"
G025_R387_C1134,G025_R389_C1134,0.5,FALSE,0.8632500539449101,"(0.26,0.51]"
G025_R387_C1135,G025_R389_C1134,0.5590169943749475,FALSE,0.8610882416052107,"(0.51,0.76]"
G025_R387_C1136,G025_R389_C1134,0.7071067811865476,FALSE,0.8611331187738553,"(0.51,0.76]"
G025_R387_C1137,G025_R389_C1134,0.9013878188659973,FALSE,0.843745147853515,"(0.76,1.01]"
G025_R387_C1138,G025_R389_C1134,1.118033988749895,FALSE,0.7941594287508954,"(1.01,1.51]"
G025_R387_C1139,G025_R389_C1134,1.346291201783626,FALSE,0.758884977788503,"(1.01,1.51]"
G025_R387_C1140,G025_R389_C1134,1.5811388300841898,FALSE,0.7086630206766654,"(1.51,Inf]"
G025_R387_C1141,G025_R389_C1134,1.8200274723201295,FALSE,0.5972886209172622,"(1.51,Inf]"
G025_R387_C1142,G025_R389_C1134,2.0615528128088303,FALSE,0.42042561492702024,"(1.51,Inf]"
G025_R387_C1143,G025_R389_C1134,2.3048861143232218,FALSE,0.45607949221739347,"(1.51,Inf]"
G025_R388_C1132,G025_R389_C1134,0.5590169943749475,FALSE,0.8910312797058164,"(0.51,0.76]"
G025_R388_C1133,G025_R389_C1134,0.3535533905932738,FALSE,0.9221617124273677,"(0.26,0.51]"
G025_R388_C1134,G025_R389_C1134,0.25,TRUE,0.9329218535581569,"[0,0.26]"
G025_R388_C1135,G025_R389_C1134,0.3535533905932738,FALSE,0.916490217896261,"(0.26,0.51]"
G025_R388_C1136,G025_R389_C1134,0.5590169943749475,FALSE,0.8774389523618749,"(0.51,0.76]"
G025_R388_C1137,G025_R389_C1134,0.7905694150420949,FALSE,0.8467436787303749,"(0.76,1.01]"
G025_R388_C1138,G025_R389_C1134,1.0307764064044151,FALSE,0.822499252885721,"(1.01,1.51]"
G025_R388_C1139,G025_R389_C1134,1.2747548783981961,FALSE,0.8015603215033387,"(1.01,1.51]"
G025_R388_C1140,G025_R389_C1134,1.5206906325745548,FALSE,0.7290544536027154,"(1.51,Inf]"
G025_R388_C1141,G025_R389_C1134,1.7677669529663689,FALSE,0.716721244987929,"(1.51,Inf]"
G025_R388_C1142,G025_R389_C1134,2.0155644370746373,FALSE,0.7172544945387557,"(1.51,Inf]"
G025_R388_C1143,G025_R389_C1134,2.2638462845343543,FALSE,0.6999115393347716,"(1.51,Inf]"
G025_R388_C1144,G025_R389_C1134,2.5124689052802225,FALSE,0.7217261660998827,"(1.51,Inf]"
G025_R388_C1145,G025_R389_C1134,2.7613402542968153,FALSE,0.588076646093426,"(1.51,Inf]"
G025_R389_C1132,G025_R389_C1134,0.5,FALSE,0.9224696843514507,"(0.26,0.51]"
G025_R389_C1133,G025_R389_C1134,0.25,TRUE,0.9492421573475983,"[0,0.26]"
G025_R380_C1132,G025_R389_C1135,2.3717082451262845,FALSE,0.7519648315424293,"(1.51,Inf]"
G025_R380_C1133,G025_R389_C1135,2.3048861143232218,FALSE,0.7390568738093738,"(1.51,Inf]"
G025_R380_C1134,G025_R389_C1135,2.2638462845343543,FALSE,0.6807273892879981,"(1.51,Inf]"
G025_R380_C1135,G025_R389_C1135,2.25,FALSE,0.6238420827106794,"(1.51,Inf]"
G025_R380_C1143,G025_R389_C1135,3.010398644698074,FALSE,0.0616757992227478,"(1.51,Inf]"
G025_R380_C1144,G025_R389_C1135,3.181980515339464,FALSE,0.26066346588161937,"(1.51,Inf]"
G025_R380_C1145,G025_R389_C1135,3.3634060117684275,FALSE,0.10741932306342891,"(1.51,Inf]"
G025_R380_C1146,G025_R389_C1135,3.553167600887974,FALSE,0.03195310267289332,"(1.51,Inf]"
G025_R380_C1147,G025_R389_C1135,3.75,FALSE,-0.005583215353672352,"(1.51,Inf]"
G025_R381_C1132,G025_R389_C1135,2.1360009363293826,FALSE,0.7787476822753346,"(1.51,Inf]"
G025_R381_C1133,G025_R389_C1135,2.0615528128088303,FALSE,0.7658485225421882,"(1.51,Inf]"
G025_R381_C1134,G025_R389_C1135,2.0155644370746373,FALSE,0.7665180278406565,"(1.51,Inf]"
G025_R381_C1135,G025_R389_C1135,2,FALSE,0.7742194547262841,"(1.51,Inf]"
G025_R381_C1143,G025_R389_C1135,2.8284271247461903,FALSE,0.14391855518071156,"(1.51,Inf]"
G025_R381_C1144,G025_R389_C1135,3.010398644698074,FALSE,0.31714144687151213,"(1.51,Inf]"
G025_R381_C1145,G025_R389_C1135,3.2015621187164243,FALSE,0.17053788488982521,"(1.51,Inf]"
G025_R381_C1146,G025_R389_C1135,3.400367627183861,FALSE,0.0926543132208387,"(1.51,Inf]"
G025_R381_C1147,G025_R389_C1135,3.605551275463989,FALSE,0.02443555429137104,"(1.51,Inf]"
G025_R382_C1132,G025_R389_C1135,1.9039432764659772,FALSE,0.79455823377353,"(1.51,Inf]"
G025_R382_C1133,G025_R389_C1135,1.8200274723201295,FALSE,0.7914193849248785,"(1.51,Inf]"
G025_R382_C1134,G025_R389_C1135,1.7677669529663689,FALSE,0.8012285167796404,"(1.51,Inf]"
G025_R382_C1135,G025_R389_C1135,1.75,FALSE,0.7952216330141578,"(1.51,Inf]"
G025_R382_C1136,G025_R389_C1135,1.7677669529663689,FALSE,0.7706498245026262,"(1.51,Inf]"
G025_R382_C1138,G025_R389_C1135,1.9039432764659772,FALSE,0.16584919460809508,"(1.51,Inf]"
G025_R382_C1141,G025_R389_C1135,2.3048861143232218,FALSE,0.3490462163695809,"(1.51,Inf]"
G025_R382_C1143,G025_R389_C1135,2.6575364531836625,FALSE,0.11878293152996787,"(1.51,Inf]"
G025_R382_C1144,G025_R389_C1135,2.850438562747845,FALSE,0.11782349185489441,"(1.51,Inf]"
G025_R382_C1145,G025_R389_C1135,3.0516389039334255,FALSE,-0.005483040527978847,"(1.51,Inf]"
G025_R382_C1146,G025_R389_C1135,3.2596012026013246,FALSE,-0.07959428948436692,"(1.51,Inf]"
G025_R382_C1147,G025_R389_C1135,3.473110997362451,FALSE,-0.13279712006453948,"(1.51,Inf]"
G025_R383_C1132,G025_R389_C1135,1.6770509831248424,FALSE,0.7761345440707148,"(1.51,Inf]"
G025_R383_C1133,G025_R389_C1135,1.5811388300841898,FALSE,0.8015958572522617,"(1.51,Inf]"
G025_R383_C1134,G025_R389_C1135,1.5206906325745548,FALSE,0.7999533747773968,"(1.51,Inf]"
G025_R383_C1135,G025_R389_C1135,1.5,FALSE,0.7908537092209472,"(1.01,1.51]"
G025_R383_C1136,G025_R389_C1135,1.5206906325745548,FALSE,0.7863317843977499,"(1.51,Inf]"
G025_R383_C1137,G025_R389_C1135,1.5811388300841898,FALSE,0.7351241222537152,"(1.51,Inf]"
G025_R383_C1139,G025_R389_C1135,1.8027756377319946,FALSE,0.7391747362833675,"(1.51,Inf]"
G025_R383_C1140,G025_R389_C1135,1.9525624189766635,FALSE,0.7807800077512993,"(1.51,Inf]"
G025_R383_C1141,G025_R389_C1135,2.1213203435596424,FALSE,0.6832939301171751,"(1.51,Inf]"
G025_R383_C1142,G025_R389_C1135,2.3048861143232218,FALSE,0.5526855005942187,"(1.51,Inf]"
G025_R383_C1143,G025_R389_C1135,2.5,FALSE,0.2102522780282425,"(1.51,Inf]"
G025_R383_C1144,G025_R389_C1135,2.704163456597992,FALSE,-0.01628090591473042,"(1.51,Inf]"
G025_R383_C1145,G025_R389_C1135,2.9154759474226504,FALSE,-0.05736417127133934,"(1.51,Inf]"
G025_R383_C1146,G025_R389_C1135,3.132491021535417,FALSE,-0.2018079140468433,"(1.51,Inf]"
G025_R383_C1147,G025_R389_C1135,3.3541019662496847,FALSE,-0.26766349651153715,"(1.51,Inf]"
G025_R384_C1132,G025_R389_C1135,1.4577379737113252,FALSE,0.7679664337332767,"(1.01,1.51]"
G025_R384_C1133,G025_R389_C1135,1.346291201783626,FALSE,0.784524485391596,"(1.01,1.51]"
G025_R384_C1134,G025_R389_C1135,1.2747548783981961,FALSE,0.7844278385353509,"(1.01,1.51]"
G025_R384_C1135,G025_R389_C1135,1.25,FALSE,0.7807580080282702,"(1.01,1.51]"
G025_R384_C1136,G025_R389_C1135,1.2747548783981961,FALSE,0.7997210659761522,"(1.01,1.51]"
G025_R384_C1137,G025_R389_C1135,1.346291201783626,FALSE,0.7830965828132774,"(1.01,1.51]"
G025_R384_C1138,G025_R389_C1135,1.4577379737113252,FALSE,0.7834012033972064,"(1.01,1.51]"
G025_R384_C1139,G025_R389_C1135,1.6007810593582121,FALSE,0.7919702675267248,"(1.51,Inf]"
G025_R384_C1140,G025_R389_C1135,1.7677669529663689,FALSE,0.7608427519446301,"(1.51,Inf]"
G025_R384_C1141,G025_R389_C1135,1.9525624189766635,FALSE,0.6602780739061663,"(1.51,Inf]"
G025_R384_C1142,G025_R389_C1135,2.1505813167606567,FALSE,0.45543578950978253,"(1.51,Inf]"
G025_R385_C1132,G025_R389_C1135,1.25,FALSE,0.7849318343043595,"(1.01,1.51]"
G025_R385_C1133,G025_R389_C1135,1.118033988749895,FALSE,0.7910498537997975,"(1.01,1.51]"
G025_R385_C1134,G025_R389_C1135,1.0307764064044151,FALSE,0.7956042310313586,"(1.01,1.51]"
G025_R385_C1135,G025_R389_C1135,1,FALSE,0.8001257695165458,"(0.76,1.01]"
G025_R385_C1136,G025_R389_C1135,1.0307764064044151,FALSE,0.8130155344739594,"(1.01,1.51]"
G025_R385_C1137,G025_R389_C1135,1.118033988749895,FALSE,0.8093508486825873,"(1.01,1.51]"
G025_R385_C1138,G025_R389_C1135,1.25,FALSE,0.8268246864328858,"(1.01,1.51]"
G025_R385_C1139,G025_R389_C1135,1.4142135623730951,FALSE,0.7926382062164642,"(1.01,1.51]"
G025_R385_C1140,G025_R389_C1135,1.6007810593582121,FALSE,0.6947081631621502,"(1.51,Inf]"
G025_R385_C1141,G025_R389_C1135,1.8027756377319946,FALSE,0.5826418286969669,"(1.51,Inf]"
G025_R385_C1142,G025_R389_C1135,2.0155644370746373,FALSE,0.4515158678065645,"(1.51,Inf]"
G025_R386_C1132,G025_R389_C1135,1.0606601717798212,FALSE,0.7866382278441907,"(1.01,1.51]"
G025_R386_C1133,G025_R389_C1135,0.9013878188659973,FALSE,0.8131486978055271,"(0.76,1.01]"
G025_R386_C1134,G025_R389_C1135,0.7905694150420949,FALSE,0.8197642331338684,"(0.76,1.01]"
G025_R386_C1135,G025_R389_C1135,0.75,FALSE,0.8276249196346187,"(0.51,0.76]"
G025_R386_C1136,G025_R389_C1135,0.7905694150420949,FALSE,0.8423508784519348,"(0.76,1.01]"
G025_R386_C1137,G025_R389_C1135,0.9013878188659973,FALSE,0.8274415258404997,"(0.76,1.01]"
G025_R386_C1138,G025_R389_C1135,1.0606601717798212,FALSE,0.7974670810164152,"(1.01,1.51]"
G025_R386_C1139,G025_R389_C1135,1.25,FALSE,0.7171389128894273,"(1.01,1.51]"
G025_R386_C1141,G025_R389_C1135,1.6770509831248424,FALSE,0.6262774521977924,"(1.51,Inf]"
G025_R387_C1132,G025_R389_C1135,0.9013878188659973,FALSE,0.8396186987457436,"(0.76,1.01]"
G025_R387_C1133,G025_R389_C1135,0.7071067811865476,FALSE,0.8622248541017804,"(0.51,0.76]"
G025_R387_C1134,G025_R389_C1135,0.5590169943749475,FALSE,0.8602909275384597,"(0.51,0.76]"
G025_R387_C1135,G025_R389_C1135,0.5,FALSE,0.8652565115297361,"(0.26,0.51]"
G025_R387_C1136,G025_R389_C1135,0.5590169943749475,FALSE,0.8708528732950671,"(0.51,0.76]"
G025_R387_C1137,G025_R389_C1135,0.7071067811865476,FALSE,0.8554550249060131,"(0.51,0.76]"
G025_R387_C1138,G025_R389_C1135,0.9013878188659973,FALSE,0.8081071391961869,"(0.76,1.01]"
G025_R387_C1139,G025_R389_C1135,1.118033988749895,FALSE,0.7758891391859476,"(1.01,1.51]"
G025_R387_C1140,G025_R389_C1135,1.346291201783626,FALSE,0.7293433044722234,"(1.01,1.51]"
G025_R387_C1141,G025_R389_C1135,1.5811388300841898,FALSE,0.5996718890338881,"(1.51,Inf]"
G025_R387_C1142,G025_R389_C1135,1.8200274723201295,FALSE,0.43880514209413213,"(1.51,Inf]"
G025_R387_C1143,G025_R389_C1135,2.0615528128088303,FALSE,0.4581605498782759,"(1.51,Inf]"
G025_R388_C1132,G025_R389_C1135,0.7905694150420949,FALSE,0.8704150523085138,"(0.76,1.01]"
G025_R388_C1133,G025_R389_C1135,0.5590169943749475,FALSE,0.9019830401472599,"(0.51,0.76]"
G025_R388_C1134,G025_R389_C1135,0.3535533905932738,FALSE,0.9129410095047041,"(0.26,0.51]"
G025_R388_C1135,G025_R389_C1135,0.25,TRUE,0.9213207362616804,"[0,0.26]"
G025_R388_C1136,G025_R389_C1135,0.3535533905932738,FALSE,0.9011814308758725,"(0.26,0.51]"
G025_R388_C1137,G025_R389_C1135,0.5590169943749475,FALSE,0.8611881375194337,"(0.51,0.76]"
G025_R388_C1138,G025_R389_C1135,0.7905694150420949,FALSE,0.8372568686021216,"(0.76,1.01]"
G025_R388_C1139,G025_R389_C1135,1.0307764064044151,FALSE,0.8133303619696073,"(1.01,1.51]"
G025_R388_C1140,G025_R389_C1135,1.2747548783981961,FALSE,0.7455704546368878,"(1.01,1.51]"
G025_R388_C1141,G025_R389_C1135,1.5206906325745548,FALSE,0.7230271866893987,"(1.51,Inf]"
G025_R388_C1142,G025_R389_C1135,1.7677669529663689,FALSE,0.7183592150647486,"(1.51,Inf]"
G025_R388_C1143,G025_R389_C1135,2.0155644370746373,FALSE,0.7116656089481977,"(1.51,Inf]"
G025_R388_C1144,G025_R389_C1135,2.2638462845343543,FALSE,0.7363775698909997,"(1.51,Inf]"
G025_R388_C1145,G025_R389_C1135,2.5124689052802225,FALSE,0.5742373441935493,"(1.51,Inf]"
G025_R389_C1132,G025_R389_C1135,0.75,FALSE,0.8909229901500899,"(0.51,0.76]"
G025_R389_C1133,G025_R389_C1135,0.5,FALSE,0.9153711844923936,"(0.26,0.51]"
G025_R389_C1134,G025_R389_C1135,0.25,TRUE,0.9589368359680241,"[0,0.26]"
G025_R380_C1132,G025_R389_C1136,2.462214450449026,FALSE,0.7402876574539128,"(1.51,Inf]"
G025_R380_C1133,G025_R389_C1136,2.3717082451262845,FALSE,0.7230616102126961,"(1.51,Inf]"
G025_R380_C1134,G025_R389_C1136,2.3048861143232218,FALSE,0.6831364008073786,"(1.51,Inf]"
G025_R380_C1135,G025_R389_C1136,2.2638462845343543,FALSE,0.6391251548594455,"(1.51,Inf]"
G025_R380_C1143,G025_R389_C1136,2.850438562747845,FALSE,0.0565916254612663,"(1.51,Inf]"
G025_R380_C1144,G025_R389_C1136,3.010398644698074,FALSE,0.23823758817210755,"(1.51,Inf]"
G025_R380_C1145,G025_R389_C1136,3.181980515339464,FALSE,0.09086028261669434,"(1.51,Inf]"
G025_R380_C1146,G025_R389_C1136,3.3634060117684275,FALSE,-0.034125350022241666,"(1.51,Inf]"
G025_R380_C1147,G025_R389_C1136,3.553167600887974,FALSE,-0.06544089875294777,"(1.51,Inf]"
G025_R381_C1132,G025_R389_C1136,2.23606797749979,FALSE,0.7778671438699825,"(1.51,Inf]"
G025_R381_C1133,G025_R389_C1136,2.1360009363293826,FALSE,0.760532289873032,"(1.51,Inf]"
G025_R381_C1134,G025_R389_C1136,2.0615528128088303,FALSE,0.7510298162166708,"(1.51,Inf]"
G025_R381_C1135,G025_R389_C1136,2.0155644370746373,FALSE,0.7619478373919072,"(1.51,Inf]"
G025_R381_C1143,G025_R389_C1136,2.6575364531836625,FALSE,0.15814879615621677,"(1.51,Inf]"
G025_R381_C1144,G025_R389_C1136,2.8284271247461903,FALSE,0.2794547367650406,"(1.51,Inf]"
G025_R381_C1145,G025_R389_C1136,3.010398644698074,FALSE,0.15871514217928678,"(1.51,Inf]"
G025_R381_C1146,G025_R389_C1136,3.2015621187164243,FALSE,0.07916852203885014,"(1.51,Inf]"
G025_R381_C1147,G025_R389_C1136,3.400367627183861,FALSE,0.02195629264592892,"(1.51,Inf]"
G025_R382_C1132,G025_R389_C1136,2.0155644370746373,FALSE,0.7802962831421195,"(1.51,Inf]"
G025_R382_C1133,G025_R389_C1136,1.9039432764659772,FALSE,0.78342963208068,"(1.51,Inf]"
G025_R382_C1134,G025_R389_C1136,1.8200274723201295,FALSE,0.7789073103107608,"(1.51,Inf]"
G025_R382_C1135,G025_R389_C1136,1.7677669529663689,FALSE,0.7772512351705794,"(1.51,Inf]"
G025_R382_C1136,G025_R389_C1136,1.75,FALSE,0.7784916916011471,"(1.51,Inf]"
G025_R382_C1138,G025_R389_C1136,1.8200274723201295,FALSE,0.19647474019801076,"(1.51,Inf]"
G025_R382_C1141,G025_R389_C1136,2.1505813167606567,FALSE,0.4070352153047926,"(1.51,Inf]"
G025_R382_C1143,G025_R389_C1136,2.4748737341529163,FALSE,0.15950253834825856,"(1.51,Inf]"
G025_R382_C1144,G025_R389_C1136,2.6575364531836625,FALSE,0.13736343557833688,"(1.51,Inf]"
G025_R382_C1145,G025_R389_C1136,2.850438562747845,FALSE,0.016097225155317706,"(1.51,Inf]"
G025_R382_C1146,G025_R389_C1136,3.0516389039334255,FALSE,-0.0705366307046102,"(1.51,Inf]"
G025_R382_C1147,G025_R389_C1136,3.2596012026013246,FALSE,-0.12573504114452516,"(1.51,Inf]"
G025_R383_C1132,G025_R389_C1136,1.8027756377319946,FALSE,0.7682952499817821,"(1.51,Inf]"
G025_R383_C1133,G025_R389_C1136,1.6770509831248424,FALSE,0.7880716452028191,"(1.51,Inf]"
G025_R383_C1134,G025_R389_C1136,1.5811388300841898,FALSE,0.784549210957654,"(1.51,Inf]"
G025_R383_C1135,G025_R389_C1136,1.5206906325745548,FALSE,0.7794263789763288,"(1.51,Inf]"
G025_R383_C1136,G025_R389_C1136,1.5,FALSE,0.7831096362448879,"(1.01,1.51]"
G025_R383_C1137,G025_R389_C1136,1.5206906325745548,FALSE,0.748856786377569,"(1.51,Inf]"
G025_R383_C1139,G025_R389_C1136,1.6770509831248424,FALSE,0.7395139708059333,"(1.51,Inf]"
G025_R383_C1140,G025_R389_C1136,1.8027756377319946,FALSE,0.779923187608321,"(1.51,Inf]"
G025_R383_C1141,G025_R389_C1136,1.9525624189766635,FALSE,0.7115131429460841,"(1.51,Inf]"
G025_R383_C1142,G025_R389_C1136,2.1213203435596424,FALSE,0.5876433290361446,"(1.51,Inf]"
G025_R383_C1143,G025_R389_C1136,2.3048861143232218,FALSE,0.2494908552066692,"(1.51,Inf]"
G025_R383_C1144,G025_R389_C1136,2.5,FALSE,0.0028133982504499142,"(1.51,Inf]"
G025_R383_C1145,G025_R389_C1136,2.704163456597992,FALSE,-0.04814083900494855,"(1.51,Inf]"
G025_R383_C1146,G025_R389_C1136,2.9154759474226504,FALSE,-0.13919424657860993,"(1.51,Inf]"
G025_R383_C1147,G025_R389_C1136,3.132491021535417,FALSE,-0.2249098140043906,"(1.51,Inf]"
G025_R384_C1132,G025_R389_C1136,1.6007810593582121,FALSE,0.761590986699651,"(1.51,Inf]"
G025_R384_C1133,G025_R389_C1136,1.4577379737113252,FALSE,0.7689394919400077,"(1.01,1.51]"
G025_R384_C1134,G025_R389_C1136,1.346291201783626,FALSE,0.7734908480558618,"(1.01,1.51]"
G025_R384_C1135,G025_R389_C1136,1.2747548783981961,FALSE,0.766497035217202,"(1.01,1.51]"
G025_R384_C1136,G025_R389_C1136,1.25,FALSE,0.7927436217860141,"(1.01,1.51]"
G025_R384_C1137,G025_R389_C1136,1.2747548783981961,FALSE,0.7957277414345862,"(1.01,1.51]"
G025_R384_C1138,G025_R389_C1136,1.346291201783626,FALSE,0.774942146142818,"(1.01,1.51]"
G025_R384_C1139,G025_R389_C1136,1.4577379737113252,FALSE,0.7999477883138146,"(1.01,1.51]"
G025_R384_C1140,G025_R389_C1136,1.6007810593582121,FALSE,0.7798888076877587,"(1.51,Inf]"
G025_R384_C1141,G025_R389_C1136,1.7677669529663689,FALSE,0.7002692232871971,"(1.51,Inf]"
G025_R384_C1142,G025_R389_C1136,1.9525624189766635,FALSE,0.5058137331637916,"(1.51,Inf]"
G025_R385_C1132,G025_R389_C1136,1.4142135623730951,FALSE,0.7598151899688802,"(1.01,1.51]"
G025_R385_C1133,G025_R389_C1136,1.25,FALSE,0.7722555514273165,"(1.01,1.51]"
G025_R385_C1134,G025_R389_C1136,1.118033988749895,FALSE,0.7772877019801308,"(1.01,1.51]"
G025_R385_C1135,G025_R389_C1136,1.0307764064044151,FALSE,0.7807923401322746,"(1.01,1.51]"
G025_R385_C1136,G025_R389_C1136,1,FALSE,0.811284520691481,"(0.76,1.01]"
G025_R385_C1137,G025_R389_C1136,1.0307764064044151,FALSE,0.8192457170134348,"(1.01,1.51]"
G025_R385_C1138,G025_R389_C1136,1.118033988749895,FALSE,0.824320552434259,"(1.01,1.51]"
G025_R385_C1139,G025_R389_C1136,1.25,FALSE,0.8058566627591981,"(1.01,1.51]"
G025_R385_C1140,G025_R389_C1136,1.4142135623730951,FALSE,0.7290218684097782,"(1.01,1.51]"
G025_R385_C1141,G025_R389_C1136,1.6007810593582121,FALSE,0.6350096638124145,"(1.51,Inf]"
G025_R385_C1142,G025_R389_C1136,1.8027756377319946,FALSE,0.47453999172682426,"(1.51,Inf]"
G025_R386_C1132,G025_R389_C1136,1.25,FALSE,0.7721048018863006,"(1.01,1.51]"
G025_R386_C1133,G025_R389_C1136,1.0606601717798212,FALSE,0.7885388034773433,"(1.01,1.51]"
G025_R386_C1134,G025_R389_C1136,0.9013878188659973,FALSE,0.7932180377777581,"(0.76,1.01]"
G025_R386_C1135,G025_R389_C1136,0.7905694150420949,FALSE,0.8062575213304476,"(0.76,1.01]"
G025_R386_C1136,G025_R389_C1136,0.75,FALSE,0.8391199105785654,"(0.51,0.76]"
G025_R386_C1137,G025_R389_C1136,0.7905694150420949,FALSE,0.8340802854519783,"(0.76,1.01]"
G025_R386_C1138,G025_R389_C1136,0.9013878188659973,FALSE,0.8068906277350845,"(0.76,1.01]"
G025_R386_C1139,G025_R389_C1136,1.0606601717798212,FALSE,0.7534594052476241,"(1.01,1.51]"
G025_R386_C1141,G025_R389_C1136,1.4577379737113252,FALSE,0.6564312019964726,"(1.01,1.51]"
G025_R387_C1132,G025_R389_C1136,1.118033988749895,FALSE,0.79687055581636,"(1.01,1.51]"
G025_R387_C1133,G025_R389_C1136,0.9013878188659973,FALSE,0.8217828909795688,"(0.76,1.01]"
G025_R387_C1134,G025_R389_C1136,0.7071067811865476,FALSE,0.8201697074808936,"(0.51,0.76]"
G025_R387_C1135,G025_R389_C1136,0.5590169943749475,FALSE,0.8450912341762509,"(0.51,0.76]"
G025_R387_C1136,G025_R389_C1136,0.5,FALSE,0.8696059478042668,"(0.26,0.51]"
G025_R387_C1137,G025_R389_C1136,0.5590169943749475,FALSE,0.879595252140612,"(0.51,0.76]"
G025_R387_C1138,G025_R389_C1136,0.7071067811865476,FALSE,0.8450618833275854,"(0.51,0.76]"
G025_R387_C1139,G025_R389_C1136,0.9013878188659973,FALSE,0.8067598556461473,"(0.76,1.01]"
G025_R387_C1140,G025_R389_C1136,1.118033988749895,FALSE,0.7653760780235603,"(1.01,1.51]"
G025_R387_C1141,G025_R389_C1136,1.346291201783626,FALSE,0.5982736412768215,"(1.01,1.51]"
G025_R387_C1142,G025_R389_C1136,1.5811388300841898,FALSE,0.46409728129949895,"(1.51,Inf]"
G025_R387_C1143,G025_R389_C1136,1.8200274723201295,FALSE,0.44909771927048425,"(1.51,Inf]"
G025_R388_C1132,G025_R389_C1136,1.0307764064044151,FALSE,0.839036918574133,"(1.01,1.51]"
G025_R388_C1133,G025_R389_C1136,0.7905694150420949,FALSE,0.8609932615608682,"(0.76,1.01]"
G025_R388_C1134,G025_R389_C1136,0.5590169943749475,FALSE,0.8587033991718047,"(0.51,0.76]"
G025_R388_C1135,G025_R389_C1136,0.3535533905932738,FALSE,0.8892968909947007,"(0.26,0.51]"
G025_R388_C1136,G025_R389_C1136,0.25,TRUE,0.923699060136668,"[0,0.26]"
G025_R388_C1137,G025_R389_C1136,0.3535533905932738,FALSE,0.9058715948768992,"(0.26,0.51]"
G025_R388_C1138,G025_R389_C1136,0.5590169943749475,FALSE,0.881948947958069,"(0.51,0.76]"
G025_R388_C1139,G025_R389_C1136,0.7905694150420949,FALSE,0.8508642751587335,"(0.76,1.01]"
G025_R388_C1140,G025_R389_C1136,1.0307764064044151,FALSE,0.7816396806894536,"(1.01,1.51]"
G025_R388_C1141,G025_R389_C1136,1.2747548783981961,FALSE,0.7423440410519349,"(1.01,1.51]"
G025_R388_C1142,G025_R389_C1136,1.5206906325745548,FALSE,0.731520779137953,"(1.51,Inf]"
G025_R388_C1143,G025_R389_C1136,1.7677669529663689,FALSE,0.7020459814266835,"(1.51,Inf]"
G025_R388_C1144,G025_R389_C1136,2.0155644370746373,FALSE,0.7294470487870687,"(1.51,Inf]"
G025_R388_C1145,G025_R389_C1136,2.2638462845343543,FALSE,0.5689806801401461,"(1.51,Inf]"
G025_R389_C1132,G025_R389_C1136,1,FALSE,0.8622580368710191,"(0.76,1.01]"
G025_R389_C1133,G025_R389_C1136,0.75,FALSE,0.868791427142511,"(0.51,0.76]"
G025_R389_C1134,G025_R389_C1136,0.5,FALSE,0.8942497779132766,"(0.26,0.51]"
G025_R389_C1135,G025_R389_C1136,0.25,TRUE,0.9450758548564667,"[0,0.26]"
G025_R380_C1132,G025_R389_C1137,2.57390753524675,FALSE,0.7083784753451235,"(1.51,Inf]"
G025_R380_C1133,G025_R389_C1137,2.462214450449026,FALSE,0.6862353005803089,"(1.51,Inf]"
G025_R380_C1134,G025_R389_C1137,2.3717082451262845,FALSE,0.6490797774957727,"(1.51,Inf]"
G025_R380_C1135,G025_R389_C1137,2.3048861143232218,FALSE,0.6074408950457812,"(1.51,Inf]"
G025_R380_C1143,G025_R389_C1137,2.704163456597992,FALSE,0.034984753304680385,"(1.51,Inf]"
G025_R380_C1144,G025_R389_C1137,2.850438562747845,FALSE,0.2432771271408701,"(1.51,Inf]"
G025_R380_C1145,G025_R389_C1137,3.010398644698074,FALSE,0.10571882378720837,"(1.51,Inf]"
G025_R380_C1146,G025_R389_C1137,3.181980515339464,FALSE,-0.005411889835813655,"(1.51,Inf]"
G025_R380_C1147,G025_R389_C1137,3.3634060117684275,FALSE,-0.042000925289107253,"(1.51,Inf]"
G025_R381_C1132,G025_R389_C1137,2.358495283014151,FALSE,0.7465911569273829,"(1.51,Inf]"
G025_R381_C1133,G025_R389_C1137,2.23606797749979,FALSE,0.7261209131837458,"(1.51,Inf]"
G025_R381_C1134,G025_R389_C1137,2.1360009363293826,FALSE,0.7059913331981774,"(1.51,Inf]"
G025_R381_C1135,G025_R389_C1137,2.0615528128088303,FALSE,0.714885712597933,"(1.51,Inf]"
G025_R381_C1143,G025_R389_C1137,2.5,FALSE,0.15945776112610496,"(1.51,Inf]"
G025_R381_C1144,G025_R389_C1137,2.6575364531836625,FALSE,0.32863011375252416,"(1.51,Inf]"
G025_R381_C1145,G025_R389_C1137,2.8284271247461903,FALSE,0.17101028825677186,"(1.51,Inf]"
G025_R381_C1146,G025_R389_C1137,3.010398644698074,FALSE,0.11804636831299985,"(1.51,Inf]"
G025_R381_C1147,G025_R389_C1137,3.2015621187164243,FALSE,0.04909928196283824,"(1.51,Inf]"
G025_R382_C1132,G025_R389_C1137,2.1505813167606567,FALSE,0.7647632978044129,"(1.51,Inf]"
G025_R382_C1133,G025_R389_C1137,2.0155644370746373,FALSE,0.7576979787989448,"(1.51,Inf]"
G025_R382_C1134,G025_R389_C1137,1.9039432764659772,FALSE,0.7580371565916787,"(1.51,Inf]"
G025_R382_C1135,G025_R389_C1137,1.8200274723201295,FALSE,0.7661182412908456,"(1.51,Inf]"
G025_R382_C1136,G025_R389_C1137,1.7677669529663689,FALSE,0.7517262749485095,"(1.51,Inf]"
G025_R382_C1138,G025_R389_C1137,1.7677669529663689,FALSE,0.2229418487400071,"(1.51,Inf]"
G025_R382_C1141,G025_R389_C1137,2.0155644370746373,FALSE,0.4357219071927487,"(1.51,Inf]"
G025_R382_C1143,G025_R389_C1137,2.3048861143232218,FALSE,0.2189861247202237,"(1.51,Inf]"
G025_R382_C1144,G025_R389_C1137,2.4748737341529163,FALSE,0.17779816573663987,"(1.51,Inf]"
G025_R382_C1145,G025_R389_C1137,2.6575364531836625,FALSE,0.021102238916600007,"(1.51,Inf]"
G025_R382_C1146,G025_R389_C1137,2.850438562747845,FALSE,-0.06651219263717091,"(1.51,Inf]"
G025_R382_C1147,G025_R389_C1137,3.0516389039334255,FALSE,-0.11014704078742685,"(1.51,Inf]"
G025_R383_C1132,G025_R389_C1137,1.9525624189766635,FALSE,0.7544732001818845,"(1.51,Inf]"
G025_R383_C1133,G025_R389_C1137,1.8027756377319946,FALSE,0.7590086715952828,"(1.51,Inf]"
G025_R383_C1134,G025_R389_C1137,1.6770509831248424,FALSE,0.7624853843118564,"(1.51,Inf]"
G025_R383_C1135,G025_R389_C1137,1.5811388300841898,FALSE,0.7650328935269066,"(1.51,Inf]"
G025_R383_C1136,G025_R389_C1137,1.5206906325745548,FALSE,0.7701839772906255,"(1.51,Inf]"
G025_R383_C1137,G025_R389_C1137,1.5,FALSE,0.7379557825847299,"(1.01,1.51]"
G025_R383_C1139,G025_R389_C1137,1.5811388300841898,FALSE,0.7326604622588844,"(1.51,Inf]"
G025_R383_C1140,G025_R389_C1137,1.6770509831248424,FALSE,0.7705471913329045,"(1.51,Inf]"
G025_R383_C1141,G025_R389_C1137,1.8027756377319946,FALSE,0.7166546187459323,"(1.51,Inf]"
G025_R383_C1142,G025_R389_C1137,1.9525624189766635,FALSE,0.5580306419777326,"(1.51,Inf]"
G025_R383_C1143,G025_R389_C1137,2.1213203435596424,FALSE,0.2600578722335947,"(1.51,Inf]"
G025_R383_C1144,G025_R389_C1137,2.3048861143232218,FALSE,-0.027931033268849745,"(1.51,Inf]"
G025_R383_C1145,G025_R389_C1137,2.5,FALSE,-0.04613049356736797,"(1.51,Inf]"
G025_R383_C1146,G025_R389_C1137,2.704163456597992,FALSE,-0.14180360016884874,"(1.51,Inf]"
G025_R383_C1147,G025_R389_C1137,2.9154759474226504,FALSE,-0.2491115841912475,"(1.51,Inf]"
G025_R384_C1132,G025_R389_C1137,1.7677669529663689,FALSE,0.7361222913099458,"(1.51,Inf]"
G025_R384_C1133,G025_R389_C1137,1.6007810593582121,FALSE,0.7494965736712609,"(1.51,Inf]"
G025_R384_C1134,G025_R389_C1137,1.4577379737113252,FALSE,0.7516308969427115,"(1.01,1.51]"
G025_R384_C1135,G025_R389_C1137,1.346291201783626,FALSE,0.7485186090883592,"(1.01,1.51]"
G025_R384_C1136,G025_R389_C1137,1.2747548783981961,FALSE,0.7883674290629338,"(1.01,1.51]"
G025_R384_C1137,G025_R389_C1137,1.25,FALSE,0.7926926725653279,"(1.01,1.51]"
G025_R384_C1138,G025_R389_C1137,1.2747548783981961,FALSE,0.7722173233597655,"(1.01,1.51]"
G025_R384_C1139,G025_R389_C1137,1.346291201783626,FALSE,0.8091194726216383,"(1.01,1.51]"
G025_R384_C1140,G025_R389_C1137,1.4577379737113252,FALSE,0.7891428587500279,"(1.01,1.51]"
G025_R384_C1141,G025_R389_C1137,1.6007810593582121,FALSE,0.6876355889967077,"(1.51,Inf]"
G025_R384_C1142,G025_R389_C1137,1.7677669529663689,FALSE,0.4700231305354999,"(1.51,Inf]"
G025_R385_C1132,G025_R389_C1137,1.6007810593582121,FALSE,0.7472749184506249,"(1.51,Inf]"
G025_R385_C1133,G025_R389_C1137,1.4142135623730951,FALSE,0.7476096605072227,"(1.01,1.51]"
G025_R385_C1134,G025_R389_C1137,1.25,FALSE,0.7553778482267346,"(1.01,1.51]"
G025_R385_C1135,G025_R389_C1137,1.118033988749895,FALSE,0.7859996380951924,"(1.01,1.51]"
G025_R385_C1136,G025_R389_C1137,1.0307764064044151,FALSE,0.810604617047505,"(1.01,1.51]"
G025_R385_C1137,G025_R389_C1137,1,FALSE,0.8144972831384445,"(0.76,1.01]"
G025_R385_C1138,G025_R389_C1137,1.0307764064044151,FALSE,0.8230778997236531,"(1.01,1.51]"
G025_R385_C1139,G025_R389_C1137,1.118033988749895,FALSE,0.8213688370368901,"(1.01,1.51]"
G025_R385_C1140,G025_R389_C1137,1.25,FALSE,0.7382833543554437,"(1.01,1.51]"
G025_R385_C1141,G025_R389_C1137,1.4142135623730951,FALSE,0.6324392973703314,"(1.01,1.51]"
G025_R385_C1142,G025_R389_C1137,1.6007810593582121,FALSE,0.44027041275839446,"(1.51,Inf]"
G025_R386_C1132,G025_R389_C1137,1.4577379737113252,FALSE,0.755241485357648,"(1.01,1.51]"
G025_R386_C1133,G025_R389_C1137,1.25,FALSE,0.7706508189377012,"(1.01,1.51]"
G025_R386_C1134,G025_R389_C1137,1.0606601717798212,FALSE,0.7726885091499541,"(1.01,1.51]"
G025_R386_C1135,G025_R389_C1137,0.9013878188659973,FALSE,0.8023250558318968,"(0.76,1.01]"
G025_R386_C1136,G025_R389_C1137,0.7905694150420949,FALSE,0.8347250825013188,"(0.76,1.01]"
G025_R386_C1137,G025_R389_C1137,0.75,FALSE,0.8433082467286588,"(0.51,0.76]"
G025_R386_C1138,G025_R389_C1137,0.7905694150420949,FALSE,0.8236736646116044,"(0.76,1.01]"
G025_R386_C1139,G025_R389_C1137,0.9013878188659973,FALSE,0.7747880004935388,"(0.76,1.01]"
G025_R386_C1141,G025_R389_C1137,1.25,FALSE,0.6405278739692642,"(1.01,1.51]"
G025_R387_C1132,G025_R389_C1137,1.346291201783626,FALSE,0.7762758343188114,"(1.01,1.51]"
G025_R387_C1133,G025_R389_C1137,1.118033988749895,FALSE,0.7961395718055618,"(1.01,1.51]"
G025_R387_C1134,G025_R389_C1137,0.9013878188659973,FALSE,0.8013986135311636,"(0.76,1.01]"
G025_R387_C1135,G025_R389_C1137,0.7071067811865476,FALSE,0.8269919971968531,"(0.51,0.76]"
G025_R387_C1136,G025_R389_C1137,0.5590169943749475,FALSE,0.8442945696772541,"(0.51,0.76]"
G025_R387_C1137,G025_R389_C1137,0.5,FALSE,0.8823786693418115,"(0.26,0.51]"
G025_R387_C1138,G025_R389_C1137,0.5590169943749475,FALSE,0.878068755880464,"(0.51,0.76]"
G025_R387_C1139,G025_R389_C1137,0.7071067811865476,FALSE,0.8425361515809457,"(0.51,0.76]"
G025_R387_C1140,G025_R389_C1137,0.9013878188659973,FALSE,0.7938441210733811,"(0.76,1.01]"
G025_R387_C1141,G025_R389_C1137,1.118033988749895,FALSE,0.6237969444443244,"(1.01,1.51]"
G025_R387_C1142,G025_R389_C1137,1.346291201783626,FALSE,0.44926053907281244,"(1.01,1.51]"
G025_R387_C1143,G025_R389_C1137,1.5811388300841898,FALSE,0.42331383467431605,"(1.51,Inf]"
G025_R388_C1132,G025_R389_C1137,1.2747548783981961,FALSE,0.8065719420732823,"(1.01,1.51]"
G025_R388_C1133,G025_R389_C1137,1.0307764064044151,FALSE,0.8289470288384352,"(1.01,1.51]"
G025_R388_C1134,G025_R389_C1137,0.7905694150420949,FALSE,0.8354587106383964,"(0.76,1.01]"
G025_R388_C1135,G025_R389_C1137,0.5590169943749475,FALSE,0.8654845702057689,"(0.51,0.76]"
G025_R388_C1136,G025_R389_C1137,0.3535533905932738,FALSE,0.9073865490406909,"(0.26,0.51]"
G025_R388_C1137,G025_R389_C1137,0.25,TRUE,0.9307064690812367,"[0,0.26]"
G025_R388_C1138,G025_R389_C1137,0.3535533905932738,FALSE,0.9199334282317958,"(0.26,0.51]"
G025_R388_C1139,G025_R389_C1137,0.5590169943749475,FALSE,0.8788720281327466,"(0.51,0.76]"
G025_R388_C1140,G025_R389_C1137,0.7905694150420949,FALSE,0.7997627694526834,"(0.76,1.01]"
G025_R388_C1141,G025_R389_C1137,1.0307764064044151,FALSE,0.7674554828056656,"(1.01,1.51]"
G025_R388_C1142,G025_R389_C1137,1.2747548783981961,FALSE,0.7554105561150881,"(1.01,1.51]"
G025_R388_C1143,G025_R389_C1137,1.5206906325745548,FALSE,0.7215171841962739,"(1.51,Inf]"
G025_R388_C1144,G025_R389_C1137,1.7677669529663689,FALSE,0.722246435520895,"(1.51,Inf]"
G025_R388_C1145,G025_R389_C1137,2.0155644370746373,FALSE,0.5797260153178488,"(1.51,Inf]"
G025_R389_C1132,G025_R389_C1137,1.25,FALSE,0.8341493632732838,"(1.01,1.51]"
G025_R389_C1133,G025_R389_C1137,1,FALSE,0.8345509370071643,"(0.76,1.01]"
G025_R389_C1134,G025_R389_C1137,0.75,FALSE,0.8549290300599284,"(0.51,0.76]"
G025_R389_C1135,G025_R389_C1137,0.5,FALSE,0.8900198247185455,"(0.26,0.51]"
G025_R389_C1136,G025_R389_C1137,0.25,TRUE,0.9415061926972218,"[0,0.26]"
G025_R380_C1132,G025_R389_C1138,2.704163456597992,FALSE,0.7018617481780158,"(1.51,Inf]"
G025_R380_C1133,G025_R389_C1138,2.57390753524675,FALSE,0.6811167863365558,"(1.51,Inf]"
G025_R380_C1134,G025_R389_C1138,2.462214450449026,FALSE,0.6324910727606311,"(1.51,Inf]"
G025_R380_C1135,G025_R389_C1138,2.3717082451262845,FALSE,0.5700501879835209,"(1.51,Inf]"
G025_R380_C1143,G025_R389_C1138,2.57390753524675,FALSE,0.008460091463620844,"(1.51,Inf]"
G025_R380_C1144,G025_R389_C1138,2.704163456597992,FALSE,0.23648916962706296,"(1.51,Inf]"
G025_R380_C1145,G025_R389_C1138,2.850438562747845,FALSE,0.11123261903692165,"(1.51,Inf]"
G025_R380_C1146,G025_R389_C1138,3.010398644698074,FALSE,-1.0583002654358243e-5,"(1.51,Inf]"
G025_R380_C1147,G025_R389_C1138,3.181980515339464,FALSE,-0.06864954364022732,"(1.51,Inf]"
G025_R381_C1132,G025_R389_C1138,2.5,FALSE,0.744254046142886,"(1.51,Inf]"
G025_R381_C1133,G025_R389_C1138,2.358495283014151,FALSE,0.7139341097678052,"(1.51,Inf]"
G025_R381_C1134,G025_R389_C1138,2.23606797749979,FALSE,0.6775950977588824,"(1.51,Inf]"
G025_R381_C1135,G025_R389_C1138,2.1360009363293826,FALSE,0.6813540829733665,"(1.51,Inf]"
G025_R381_C1143,G025_R389_C1138,2.358495283014151,FALSE,0.17178931480433146,"(1.51,Inf]"
G025_R381_C1144,G025_R389_C1138,2.5,FALSE,0.31926504314360366,"(1.51,Inf]"
G025_R381_C1145,G025_R389_C1138,2.6575364531836625,FALSE,0.16341387498711907,"(1.51,Inf]"
G025_R381_C1146,G025_R389_C1138,2.8284271247461903,FALSE,0.11149763783165682,"(1.51,Inf]"
G025_R381_C1147,G025_R389_C1138,3.010398644698074,FALSE,0.03998885577225267,"(1.51,Inf]"
G025_R382_C1132,G025_R389_C1138,2.3048861143232218,FALSE,0.7477896687225305,"(1.51,Inf]"
G025_R382_C1133,G025_R389_C1138,2.1505813167606567,FALSE,0.7394331154495584,"(1.51,Inf]"
G025_R382_C1134,G025_R389_C1138,2.0155644370746373,FALSE,0.7388999024044606,"(1.51,Inf]"
G025_R382_C1135,G025_R389_C1138,1.9039432764659772,FALSE,0.7536683453469752,"(1.51,Inf]"
G025_R382_C1136,G025_R389_C1138,1.8200274723201295,FALSE,0.7297431616746887,"(1.51,Inf]"
G025_R382_C1138,G025_R389_C1138,1.75,FALSE,0.22091386530505389,"(1.51,Inf]"
G025_R382_C1141,G025_R389_C1138,1.9039432764659772,FALSE,0.41058553625419913,"(1.51,Inf]"
G025_R382_C1143,G025_R389_C1138,2.1505813167606567,FALSE,0.1888962262387885,"(1.51,Inf]"
G025_R382_C1144,G025_R389_C1138,2.3048861143232218,FALSE,0.20921399098771773,"(1.51,Inf]"
G025_R382_C1145,G025_R389_C1138,2.4748737341529163,FALSE,0.034996733348834796,"(1.51,Inf]"
G025_R382_C1146,G025_R389_C1138,2.6575364531836625,FALSE,-0.07172916584499052,"(1.51,Inf]"
G025_R382_C1147,G025_R389_C1138,2.850438562747845,FALSE,-0.13890994383612063,"(1.51,Inf]"
G025_R383_C1132,G025_R389_C1138,2.1213203435596424,FALSE,0.7294386509614661,"(1.51,Inf]"
G025_R383_C1133,G025_R389_C1138,1.9525624189766635,FALSE,0.7373201060300381,"(1.51,Inf]"
G025_R383_C1134,G025_R389_C1138,1.8027756377319946,FALSE,0.7353401893142841,"(1.51,Inf]"
G025_R383_C1135,G025_R389_C1138,1.6770509831248424,FALSE,0.7402057263008577,"(1.51,Inf]"
G025_R383_C1136,G025_R389_C1138,1.5811388300841898,FALSE,0.7615573758626072,"(1.51,Inf]"
G025_R383_C1137,G025_R389_C1138,1.5206906325745548,FALSE,0.7199790810353892,"(1.51,Inf]"
G025_R383_C1139,G025_R389_C1138,1.5206906325745548,FALSE,0.7212057672918786,"(1.51,Inf]"
G025_R383_C1140,G025_R389_C1138,1.5811388300841898,FALSE,0.77511449809606,"(1.51,Inf]"
G025_R383_C1141,G025_R389_C1138,1.6770509831248424,FALSE,0.7043353702030367,"(1.51,Inf]"
G025_R383_C1142,G025_R389_C1138,1.8027756377319946,FALSE,0.5642024157346713,"(1.51,Inf]"
G025_R383_C1143,G025_R389_C1138,1.9525624189766635,FALSE,0.2623293633399835,"(1.51,Inf]"
G025_R383_C1144,G025_R389_C1138,2.1213203435596424,FALSE,-0.009994615262223738,"(1.51,Inf]"
G025_R383_C1145,G025_R389_C1138,2.3048861143232218,FALSE,-0.07250762521607484,"(1.51,Inf]"
G025_R383_C1146,G025_R389_C1138,2.5,FALSE,-0.17492743358392804,"(1.51,Inf]"
G025_R383_C1147,G025_R389_C1138,2.704163456597992,FALSE,-0.29046782998412923,"(1.51,Inf]"
G025_R384_C1132,G025_R389_C1138,1.9525624189766635,FALSE,0.7193030721162911,"(1.51,Inf]"
G025_R384_C1133,G025_R389_C1138,1.7677669529663689,FALSE,0.7263417072319064,"(1.51,Inf]"
G025_R384_C1134,G025_R389_C1138,1.6007810593582121,FALSE,0.7405640922689667,"(1.51,Inf]"
G025_R384_C1135,G025_R389_C1138,1.4577379737113252,FALSE,0.7522123935862177,"(1.01,1.51]"
G025_R384_C1136,G025_R389_C1138,1.346291201783626,FALSE,0.7676291443897946,"(1.01,1.51]"
G025_R384_C1137,G025_R389_C1138,1.2747548783981961,FALSE,0.7584590742788222,"(1.01,1.51]"
G025_R384_C1138,G025_R389_C1138,1.25,FALSE,0.7400423594647257,"(1.01,1.51]"
G025_R384_C1139,G025_R389_C1138,1.2747548783981961,FALSE,0.7800868572006872,"(1.01,1.51]"
G025_R384_C1140,G025_R389_C1138,1.346291201783626,FALSE,0.7819851049544072,"(1.01,1.51]"
G025_R384_C1141,G025_R389_C1138,1.4577379737113252,FALSE,0.6838512205785467,"(1.01,1.51]"
G025_R384_C1142,G025_R389_C1138,1.6007810593582121,FALSE,0.4586102721207297,"(1.51,Inf]"
G025_R385_C1132,G025_R389_C1138,1.8027756377319946,FALSE,0.7422546515420474,"(1.51,Inf]"
G025_R385_C1133,G025_R389_C1138,1.6007810593582121,FALSE,0.7407248554621709,"(1.51,Inf]"
G025_R385_C1134,G025_R389_C1138,1.4142135623730951,FALSE,0.761345216969381,"(1.01,1.51]"
G025_R385_C1135,G025_R389_C1138,1.25,FALSE,0.7899954538339157,"(1.01,1.51]"
G025_R385_C1136,G025_R389_C1138,1.118033988749895,FALSE,0.7923707253968858,"(1.01,1.51]"
G025_R385_C1137,G025_R389_C1138,1.0307764064044151,FALSE,0.781521874716368,"(1.01,1.51]"
G025_R385_C1138,G025_R389_C1138,1,FALSE,0.8035630003566507,"(0.76,1.01]"
G025_R385_C1139,G025_R389_C1138,1.0307764064044151,FALSE,0.8121468825617535,"(1.01,1.51]"
G025_R385_C1140,G025_R389_C1138,1.118033988749895,FALSE,0.731667956876867,"(1.01,1.51]"
G025_R385_C1141,G025_R389_C1138,1.25,FALSE,0.620071397423351,"(1.01,1.51]"
G025_R385_C1142,G025_R389_C1138,1.4142135623730951,FALSE,0.4301987560040875,"(1.01,1.51]"
G025_R386_C1132,G025_R389_C1138,1.6770509831248424,FALSE,0.7581851047890696,"(1.51,Inf]"
G025_R386_C1133,G025_R389_C1138,1.4577379737113252,FALSE,0.7748212537150382,"(1.01,1.51]"
G025_R386_C1134,G025_R389_C1138,1.25,FALSE,0.7803811631052057,"(1.01,1.51]"
G025_R386_C1135,G025_R389_C1138,1.0606601717798212,FALSE,0.7985574726686998,"(1.01,1.51]"
G025_R386_C1136,G025_R389_C1138,0.9013878188659973,FALSE,0.8165821802746028,"(0.76,1.01]"
G025_R386_C1137,G025_R389_C1138,0.7905694150420949,FALSE,0.8199433312858833,"(0.76,1.01]"
G025_R386_C1138,G025_R389_C1138,0.75,FALSE,0.8159133451255309,"(0.51,0.76]"
G025_R386_C1139,G025_R389_C1138,0.7905694150420949,FALSE,0.7745804750547056,"(0.76,1.01]"
G025_R386_C1141,G025_R389_C1138,1.0606601717798212,FALSE,0.6366248775104363,"(1.01,1.51]"
G025_R387_C1132,G025_R389_C1138,1.5811388300841898,FALSE,0.7563701438744738,"(1.51,Inf]"
G025_R387_C1133,G025_R389_C1138,1.346291201783626,FALSE,0.7820284538659518,"(1.01,1.51]"
G025_R387_C1134,G025_R389_C1138,1.118033988749895,FALSE,0.7987014534181887,"(1.01,1.51]"
G025_R387_C1135,G025_R389_C1138,0.9013878188659973,FALSE,0.8232943759578619,"(0.76,1.01]"
G025_R387_C1136,G025_R389_C1138,0.7071067811865476,FALSE,0.8278186003012805,"(0.51,0.76]"
G025_R387_C1137,G025_R389_C1138,0.5590169943749475,FALSE,0.8531324591843779,"(0.51,0.76]"
G025_R387_C1138,G025_R389_C1138,0.5,FALSE,0.8656415929042965,"(0.26,0.51]"
G025_R387_C1139,G025_R389_C1138,0.5590169943749475,FALSE,0.8356106196748885,"(0.51,0.76]"
G025_R387_C1140,G025_R389_C1138,0.7071067811865476,FALSE,0.7888324385106282,"(0.51,0.76]"
G025_R387_C1141,G025_R389_C1138,0.9013878188659973,FALSE,0.6035503156813543,"(0.76,1.01]"
G025_R387_C1142,G025_R389_C1138,1.118033988749895,FALSE,0.4402696857304049,"(1.01,1.51]"
G025_R387_C1143,G025_R389_C1138,1.346291201783626,FALSE,0.4093331130265256,"(1.01,1.51]"
G025_R388_C1132,G025_R389_C1138,1.5206906325745548,FALSE,0.7875590539584144,"(1.51,Inf]"
G025_R388_C1133,G025_R389_C1138,1.2747548783981961,FALSE,0.8087462593219698,"(1.01,1.51]"
G025_R388_C1134,G025_R389_C1138,1.0307764064044151,FALSE,0.8251233044922169,"(1.01,1.51]"
G025_R388_C1135,G025_R389_C1138,0.7905694150420949,FALSE,0.8376321702212556,"(0.76,1.01]"
G025_R388_C1136,G025_R389_C1138,0.5590169943749475,FALSE,0.865926764560766,"(0.51,0.76]"
G025_R388_C1137,G025_R389_C1138,0.3535533905932738,FALSE,0.8911977001130554,"(0.26,0.51]"
G025_R388_C1138,G025_R389_C1138,0.25,TRUE,0.9303366306145727,"[0,0.26]"
G025_R388_C1139,G025_R389_C1138,0.3535533905932738,FALSE,0.8974860234395327,"(0.26,0.51]"
G025_R388_C1140,G025_R389_C1138,0.5590169943749475,FALSE,0.8281878723133299,"(0.51,0.76]"
G025_R388_C1141,G025_R389_C1138,0.7905694150420949,FALSE,0.7647109743894412,"(0.76,1.01]"
G025_R388_C1142,G025_R389_C1138,1.0307764064044151,FALSE,0.7353948409087723,"(1.01,1.51]"
G025_R388_C1143,G025_R389_C1138,1.2747548783981961,FALSE,0.7037176133921148,"(1.01,1.51]"
G025_R388_C1144,G025_R389_C1138,1.5206906325745548,FALSE,0.6912788255605986,"(1.51,Inf]"
G025_R388_C1145,G025_R389_C1138,1.7677669529663689,FALSE,0.5645057257565306,"(1.51,Inf]"
G025_R389_C1132,G025_R389_C1138,1.5,FALSE,0.7951106714759335,"(1.01,1.51]"
G025_R389_C1133,G025_R389_C1138,1.25,FALSE,0.7999213749504397,"(1.01,1.51]"
G025_R389_C1134,G025_R389_C1138,1,FALSE,0.8285596787709619,"(0.76,1.01]"
G025_R389_C1135,G025_R389_C1138,0.75,FALSE,0.8528420273323885,"(0.51,0.76]"
G025_R389_C1136,G025_R389_C1138,0.5,FALSE,0.8782026941222923,"(0.26,0.51]"
G025_R389_C1137,G025_R389_C1138,0.25,TRUE,0.9393598112050305,"[0,0.26]"
G025_R380_C1132,G025_R389_C1139,2.850438562747845,FALSE,0.7036409262599703,"(1.51,Inf]"
G025_R380_C1133,G025_R389_C1139,2.704163456597992,FALSE,0.6903475321391317,"(1.51,Inf]"
G025_R380_C1134,G025_R389_C1139,2.57390753524675,FALSE,0.638130172103395,"(1.51,Inf]"
G025_R380_C1135,G025_R389_C1139,2.462214450449026,FALSE,0.574782763944422,"(1.51,Inf]"
G025_R380_C1143,G025_R389_C1139,2.462214450449026,FALSE,0.05678141384883101,"(1.51,Inf]"
G025_R380_C1144,G025_R389_C1139,2.57390753524675,FALSE,0.19048554519074165,"(1.51,Inf]"
G025_R380_C1145,G025_R389_C1139,2.704163456597992,FALSE,0.08857593547684513,"(1.51,Inf]"
G025_R380_C1146,G025_R389_C1139,2.850438562747845,FALSE,-0.02250460112474724,"(1.51,Inf]"
G025_R380_C1147,G025_R389_C1139,3.010398644698074,FALSE,-0.09658327732156699,"(1.51,Inf]"
G025_R381_C1132,G025_R389_C1139,2.6575364531836625,FALSE,0.7339344238297609,"(1.51,Inf]"
G025_R381_C1133,G025_R389_C1139,2.5,FALSE,0.7215457163429446,"(1.51,Inf]"
G025_R381_C1134,G025_R389_C1139,2.358495283014151,FALSE,0.6878225331313684,"(1.51,Inf]"
G025_R381_C1135,G025_R389_C1139,2.23606797749979,FALSE,0.678550990561499,"(1.51,Inf]"
G025_R381_C1143,G025_R389_C1139,2.23606797749979,FALSE,0.1399318702751245,"(1.51,Inf]"
G025_R381_C1144,G025_R389_C1139,2.358495283014151,FALSE,0.2932766806141218,"(1.51,Inf]"
G025_R381_C1145,G025_R389_C1139,2.5,FALSE,0.16008852609164104,"(1.51,Inf]"
G025_R381_C1146,G025_R389_C1139,2.6575364531836625,FALSE,0.10540942360947397,"(1.51,Inf]"
G025_R381_C1147,G025_R389_C1139,2.8284271247461903,FALSE,0.026488571025129946,"(1.51,Inf]"
G025_R382_C1132,G025_R389_C1139,2.4748737341529163,FALSE,0.721906596011314,"(1.51,Inf]"
G025_R382_C1133,G025_R389_C1139,2.3048861143232218,FALSE,0.7245778001957988,"(1.51,Inf]"
G025_R382_C1134,G025_R389_C1139,2.1505813167606567,FALSE,0.7263727736990698,"(1.51,Inf]"
G025_R382_C1135,G025_R389_C1139,2.0155644370746373,FALSE,0.7318584763071255,"(1.51,Inf]"
G025_R382_C1136,G025_R389_C1139,1.9039432764659772,FALSE,0.7093826019951357,"(1.51,Inf]"
G025_R382_C1138,G025_R389_C1139,1.7677669529663689,FALSE,0.21576764697081785,"(1.51,Inf]"
G025_R382_C1141,G025_R389_C1139,1.8200274723201295,FALSE,0.3691296050117267,"(1.51,Inf]"
G025_R382_C1143,G025_R389_C1139,2.0155644370746373,FALSE,0.20542961022362372,"(1.51,Inf]"
G025_R382_C1144,G025_R389_C1139,2.1505813167606567,FALSE,0.2277982858251958,"(1.51,Inf]"
G025_R382_C1145,G025_R389_C1139,2.3048861143232218,FALSE,0.052026930561693455,"(1.51,Inf]"
G025_R382_C1146,G025_R389_C1139,2.4748737341529163,FALSE,-0.11202803921525549,"(1.51,Inf]"
G025_R382_C1147,G025_R389_C1139,2.6575364531836625,FALSE,-0.11256437780224936,"(1.51,Inf]"
G025_R383_C1132,G025_R389_C1139,2.3048861143232218,FALSE,0.703354712942609,"(1.51,Inf]"
G025_R383_C1133,G025_R389_C1139,2.1213203435596424,FALSE,0.718535382102126,"(1.51,Inf]"
G025_R383_C1134,G025_R389_C1139,1.9525624189766635,FALSE,0.725975747766963,"(1.51,Inf]"
G025_R383_C1135,G025_R389_C1139,1.8027756377319946,FALSE,0.726632812549177,"(1.51,Inf]"
G025_R383_C1136,G025_R389_C1139,1.6770509831248424,FALSE,0.7467737348309551,"(1.51,Inf]"
G025_R383_C1137,G025_R389_C1139,1.5811388300841898,FALSE,0.6949266787832038,"(1.51,Inf]"
G025_R383_C1139,G025_R389_C1139,1.5,FALSE,0.70478901554431,"(1.01,1.51]"
G025_R383_C1140,G025_R389_C1139,1.5206906325745548,FALSE,0.7569740017183978,"(1.51,Inf]"
G025_R383_C1141,G025_R389_C1139,1.5811388300841898,FALSE,0.6928037515437352,"(1.51,Inf]"
G025_R383_C1142,G025_R389_C1139,1.6770509831248424,FALSE,0.5894257329423004,"(1.51,Inf]"
G025_R383_C1143,G025_R389_C1139,1.8027756377319946,FALSE,0.30413949601252677,"(1.51,Inf]"
G025_R383_C1144,G025_R389_C1139,1.9525624189766635,FALSE,-0.014360324245693622,"(1.51,Inf]"
G025_R383_C1145,G025_R389_C1139,2.1213203435596424,FALSE,-0.02112937328250851,"(1.51,Inf]"
G025_R383_C1146,G025_R389_C1139,2.3048861143232218,FALSE,-0.12569196332215546,"(1.51,Inf]"
G025_R383_C1147,G025_R389_C1139,2.5,FALSE,-0.2592198644961388,"(1.51,Inf]"
G025_R384_C1132,G025_R389_C1139,2.1505813167606567,FALSE,0.6932018293900424,"(1.51,Inf]"
G025_R384_C1133,G025_R389_C1139,1.9525624189766635,FALSE,0.7078568702552572,"(1.51,Inf]"
G025_R384_C1134,G025_R389_C1139,1.7677669529663689,FALSE,0.7248900837159079,"(1.51,Inf]"
G025_R384_C1135,G025_R389_C1139,1.6007810593582121,FALSE,0.7293291895097992,"(1.51,Inf]"
G025_R384_C1136,G025_R389_C1139,1.4577379737113252,FALSE,0.7448323157213864,"(1.01,1.51]"
G025_R384_C1137,G025_R389_C1139,1.346291201783626,FALSE,0.7284074148796392,"(1.01,1.51]"
G025_R384_C1138,G025_R389_C1139,1.2747548783981961,FALSE,0.7079828429467951,"(1.01,1.51]"
G025_R384_C1139,G025_R389_C1139,1.25,FALSE,0.7561178553094036,"(1.01,1.51]"
G025_R384_C1140,G025_R389_C1139,1.2747548783981961,FALSE,0.766751194844842,"(1.01,1.51]"
G025_R384_C1141,G025_R389_C1139,1.346291201783626,FALSE,0.6796050350901391,"(1.01,1.51]"
G025_R384_C1142,G025_R389_C1139,1.4577379737113252,FALSE,0.5007795396303715,"(1.01,1.51]"
G025_R385_C1132,G025_R389_C1139,2.0155644370746373,FALSE,0.7238695126115536,"(1.51,Inf]"
G025_R385_C1133,G025_R389_C1139,1.8027756377319946,FALSE,0.7289392051160559,"(1.51,Inf]"
G025_R385_C1134,G025_R389_C1139,1.6007810593582121,FALSE,0.7438307554944635,"(1.51,Inf]"
G025_R385_C1135,G025_R389_C1139,1.4142135623730951,FALSE,0.7678048268501465,"(1.01,1.51]"
G025_R385_C1136,G025_R389_C1139,1.25,FALSE,0.7710674054916541,"(1.01,1.51]"
G025_R385_C1137,G025_R389_C1139,1.118033988749895,FALSE,0.7286850452137431,"(1.01,1.51]"
G025_R385_C1138,G025_R389_C1139,1.0307764064044151,FALSE,0.7485966027699902,"(1.01,1.51]"
G025_R385_C1139,G025_R389_C1139,1,FALSE,0.7855715079809596,"(0.76,1.01]"
G025_R385_C1140,G025_R389_C1139,1.0307764064044151,FALSE,0.7370236839723111,"(1.01,1.51]"
G025_R385_C1141,G025_R389_C1139,1.118033988749895,FALSE,0.6330315541639191,"(1.01,1.51]"
G025_R385_C1142,G025_R389_C1139,1.25,FALSE,0.4541347391913808,"(1.01,1.51]"
G025_R386_C1132,G025_R389_C1139,1.9039432764659772,FALSE,0.7362019122713951,"(1.51,Inf]"
G025_R386_C1133,G025_R389_C1139,1.6770509831248424,FALSE,0.7491383177440357,"(1.51,Inf]"
G025_R386_C1134,G025_R389_C1139,1.4577379737113252,FALSE,0.7592992045931969,"(1.01,1.51]"
G025_R386_C1135,G025_R389_C1139,1.25,FALSE,0.7771031890951646,"(1.01,1.51]"
G025_R386_C1136,G025_R389_C1139,1.0606601717798212,FALSE,0.7898799385282363,"(1.01,1.51]"
G025_R386_C1137,G025_R389_C1139,0.9013878188659973,FALSE,0.7743320557357087,"(0.76,1.01]"
G025_R386_C1138,G025_R389_C1139,0.7905694150420949,FALSE,0.7676535874463654,"(0.76,1.01]"
G025_R386_C1139,G025_R389_C1139,0.75,FALSE,0.7702524141905888,"(0.51,0.76]"
G025_R386_C1141,G025_R389_C1139,0.9013878188659973,FALSE,0.6480409673299593,"(0.76,1.01]"
G025_R387_C1132,G025_R389_C1139,1.8200274723201295,FALSE,0.7325905973528374,"(1.51,Inf]"
G025_R387_C1133,G025_R389_C1139,1.5811388300841898,FALSE,0.7406276517514322,"(1.51,Inf]"
G025_R387_C1134,G025_R389_C1139,1.346291201783626,FALSE,0.7611451038277192,"(1.01,1.51]"
G025_R387_C1135,G025_R389_C1139,1.118033988749895,FALSE,0.7927351577943157,"(1.01,1.51]"
G025_R387_C1136,G025_R389_C1139,0.9013878188659973,FALSE,0.7912977718371029,"(0.76,1.01]"
G025_R387_C1137,G025_R389_C1139,0.7071067811865476,FALSE,0.8117777898237988,"(0.51,0.76]"
G025_R387_C1138,G025_R389_C1139,0.5590169943749475,FALSE,0.8318513177931545,"(0.51,0.76]"
G025_R387_C1139,G025_R389_C1139,0.5,FALSE,0.835295387471285,"(0.26,0.51]"
G025_R387_C1140,G025_R389_C1139,0.5590169943749475,FALSE,0.7965610267081005,"(0.51,0.76]"
G025_R387_C1141,G025_R389_C1139,0.7071067811865476,FALSE,0.6166862057670686,"(0.51,0.76]"
G025_R387_C1142,G025_R389_C1139,0.9013878188659973,FALSE,0.47157580224994905,"(0.76,1.01]"
G025_R387_C1143,G025_R389_C1139,1.118033988749895,FALSE,0.4339555173447587,"(1.01,1.51]"
G025_R388_C1132,G025_R389_C1139,1.7677669529663689,FALSE,0.7751746120753608,"(1.51,Inf]"
G025_R388_C1133,G025_R389_C1139,1.5206906325745548,FALSE,0.7740296651197904,"(1.51,Inf]"
G025_R388_C1134,G025_R389_C1139,1.2747548783981961,FALSE,0.7806854350063256,"(1.01,1.51]"
G025_R388_C1135,G025_R389_C1139,1.0307764064044151,FALSE,0.7775855543285028,"(1.01,1.51]"
G025_R388_C1136,G025_R389_C1139,0.7905694150420949,FALSE,0.7999786381790376,"(0.76,1.01]"
G025_R388_C1137,G025_R389_C1139,0.5590169943749475,FALSE,0.8257586336667242,"(0.51,0.76]"
G025_R388_C1138,G025_R389_C1139,0.3535533905932738,FALSE,0.8825265696917323,"(0.26,0.51]"
G025_R388_C1139,G025_R389_C1139,0.25,TRUE,0.9194901676578082,"[0,0.26]"
G025_R388_C1140,G025_R389_C1139,0.3535533905932738,FALSE,0.8934758387416459,"(0.26,0.51]"
G025_R388_C1141,G025_R389_C1139,0.5590169943749475,FALSE,0.8121397866894068,"(0.51,0.76]"
G025_R388_C1142,G025_R389_C1139,0.7905694150420949,FALSE,0.7501330007926249,"(0.76,1.01]"
G025_R388_C1143,G025_R389_C1139,1.0307764064044151,FALSE,0.7123935751231844,"(1.01,1.51]"
G025_R388_C1144,G025_R389_C1139,1.2747548783981961,FALSE,0.6828618299333181,"(1.01,1.51]"
G025_R388_C1145,G025_R389_C1139,1.5206906325745548,FALSE,0.5431445417239928,"(1.51,Inf]"
G025_R389_C1132,G025_R389_C1139,1.75,FALSE,0.75395352314350506,"(1.51,Inf]"
G025_R389_C1133,G025_R389_C1139,1.5,FALSE,0.7564835694173676,"(1.01,1.51]"
G025_R389_C1134,G025_R389_C1139,1.25,FALSE,0.7739243587655649,"(1.01,1.51]"
G025_R389_C1135,G025_R389_C1139,1,FALSE,0.7935856483925848,"(0.76,1.01]"
G025_R389_C1136,G025_R389_C1139,0.75,FALSE,0.82401795289932,"(0.51,0.76]"
G025_R389_C1137,G025_R389_C1139,0.5,FALSE,0.8636736195628543,"(0.26,0.51]"
G025_R389_C1138,G025_R389_C1139,0.25,TRUE,0.9299847327855605,"[0,0.26]"
G025_R380_C1132,G025_R389_C1140,3.010398644698074,FALSE,0.6688556728283908,"(1.51,Inf]"
G025_R380_C1133,G025_R389_C1140,2.850438562747845,FALSE,0.6471429114834982,"(1.51,Inf]"
G025_R380_C1134,G025_R389_C1140,2.704163456597992,FALSE,0.5834843120398961,"(1.51,Inf]"
G025_R380_C1135,G025_R389_C1140,2.57390753524675,FALSE,0.5245881580782527,"(1.51,Inf]"
G025_R380_C1143,G025_R389_C1140,2.3717082451262845,FALSE,0.06254653163213766,"(1.51,Inf]"
G025_R380_C1144,G025_R389_C1140,2.462214450449026,FALSE,0.2031169308417599,"(1.51,Inf]"
G025_R380_C1145,G025_R389_C1140,2.57390753524675,FALSE,0.09298630462060753,"(1.51,Inf]"
G025_R380_C1146,G025_R389_C1140,2.704163456597992,FALSE,-0.034527245267911434,"(1.51,Inf]"
G025_R380_C1147,G025_R389_C1140,2.850438562747845,FALSE,-0.0818975346597538,"(1.51,Inf]"
G025_R381_C1132,G025_R389_C1140,2.8284271247461903,FALSE,0.7025118035001463,"(1.51,Inf]"
G025_R381_C1133,G025_R389_C1140,2.6575364531836625,FALSE,0.7051544177508744,"(1.51,Inf]"
G025_R381_C1134,G025_R389_C1140,2.5,FALSE,0.6675238608464045,"(1.51,Inf]"
G025_R381_C1135,G025_R389_C1140,2.358495283014151,FALSE,0.6603544309159528,"(1.51,Inf]"
G025_R381_C1143,G025_R389_C1140,2.1360009363293826,FALSE,0.10000843272455875,"(1.51,Inf]"
G025_R381_C1144,G025_R389_C1140,2.23606797749979,FALSE,0.28682196943668675,"(1.51,Inf]"
G025_R381_C1145,G025_R389_C1140,2.358495283014151,FALSE,0.15597580881188317,"(1.51,Inf]"
G025_R381_C1146,G025_R389_C1140,2.5,FALSE,0.080039017579806,"(1.51,Inf]"
G025_R381_C1147,G025_R389_C1140,2.6575364531836625,FALSE,0.016072501285892694,"(1.51,Inf]"
G025_R382_C1132,G025_R389_C1140,2.6575364531836625,FALSE,0.693180807467268,"(1.51,Inf]"
G025_R382_C1133,G025_R389_C1140,2.4748737341529163,FALSE,0.6939145805362676,"(1.51,Inf]"
G025_R382_C1134,G025_R389_C1140,2.3048861143232218,FALSE,0.699728102422208,"(1.51,Inf]"
G025_R382_C1135,G025_R389_C1140,2.1505813167606567,FALSE,0.7179404628701124,"(1.51,Inf]"
G025_R382_C1136,G025_R389_C1140,2.0155644370746373,FALSE,0.6895571512011068,"(1.51,Inf]"
G025_R382_C1138,G025_R389_C1140,1.8200274723201295,FALSE,0.19637323279848642,"(1.51,Inf]"
G025_R382_C1141,G025_R389_C1140,1.7677669529663689,FALSE,0.3302957429687146,"(1.51,Inf]"
G025_R382_C1143,G025_R389_C1140,1.9039432764659772,FALSE,0.19470427637241208,"(1.51,Inf]"
G025_R382_C1144,G025_R389_C1140,2.0155644370746373,FALSE,0.23669712891317224,"(1.51,Inf]"
G025_R382_C1145,G025_R389_C1140,2.1505813167606567,FALSE,0.07987042448226848,"(1.51,Inf]"
G025_R382_C1146,G025_R389_C1140,2.3048861143232218,FALSE,-0.07294960864417108,"(1.51,Inf]"
G025_R382_C1147,G025_R389_C1140,2.4748737341529163,FALSE,-0.08674860208753397,"(1.51,Inf]"
G025_R383_C1132,G025_R389_C1140,2.5,FALSE,0.684390715398677,"(1.51,Inf]"
G025_R383_C1133,G025_R389_C1140,2.3048861143232218,FALSE,0.6880144838091037,"(1.51,Inf]"
G025_R383_C1134,G025_R389_C1140,2.1213203435596424,FALSE,0.6922701971111567,"(1.51,Inf]"
G025_R383_C1135,G025_R389_C1140,1.9525624189766635,FALSE,0.7071059827712872,"(1.51,Inf]"
G025_R383_C1136,G025_R389_C1140,1.8027756377319946,FALSE,0.7294145094639308,"(1.51,Inf]"
G025_R383_C1137,G025_R389_C1140,1.6770509831248424,FALSE,0.6793442085273178,"(1.51,Inf]"
G025_R383_C1139,G025_R389_C1140,1.5206906325745548,FALSE,0.6830672567788498,"(1.51,Inf]"
G025_R383_C1140,G025_R389_C1140,1.5,FALSE,0.7167022199999726,"(1.01,1.51]"
G025_R383_C1141,G025_R389_C1140,1.5206906325745548,FALSE,0.6535541813864044,"(1.51,Inf]"
G025_R383_C1142,G025_R389_C1140,1.5811388300841898,FALSE,0.5758943298343763,"(1.51,Inf]"
G025_R383_C1143,G025_R389_C1140,1.6770509831248424,FALSE,0.324557998370573,"(1.51,Inf]"
G025_R383_C1144,G025_R389_C1140,1.8027756377319946,FALSE,-0.018323909765200055,"(1.51,Inf]"
G025_R383_C1145,G025_R389_C1140,1.9525624189766635,FALSE,-0.02783076518237617,"(1.51,Inf]"
G025_R383_C1146,G025_R389_C1140,2.1213203435596424,FALSE,-0.11530912668476105,"(1.51,Inf]"
G025_R383_C1147,G025_R389_C1140,2.3048861143232218,FALSE,-0.2433109647586048,"(1.51,Inf]"
G025_R384_C1132,G025_R389_C1140,2.358495283014151,FALSE,0.6829129656286377,"(1.51,Inf]"
G025_R384_C1133,G025_R389_C1140,2.1505813167606567,FALSE,0.6827234731071471,"(1.51,Inf]"
G025_R384_C1134,G025_R389_C1140,1.9525624189766635,FALSE,0.683548231251397,"(1.51,Inf]"
G025_R384_C1135,G025_R389_C1140,1.7677669529663689,FALSE,0.6992774122361896,"(1.51,Inf]"
G025_R384_C1136,G025_R389_C1140,1.6007810593582121,FALSE,0.7172592974447726,"(1.51,Inf]"
G025_R384_C1137,G025_R389_C1140,1.4577379737113252,FALSE,0.707447194962411,"(1.01,1.51]"
G025_R384_C1138,G025_R389_C1140,1.346291201783626,FALSE,0.6728269023221124,"(1.01,1.51]"
G025_R384_C1139,G025_R389_C1140,1.2747548783981961,FALSE,0.7294738880489129,"(1.01,1.51]"
G025_R384_C1140,G025_R389_C1140,1.25,FALSE,0.7160828908209781,"(1.01,1.51]"
G025_R384_C1141,G025_R389_C1140,1.2747548783981961,FALSE,0.6323024120523646,"(1.01,1.51]"
G025_R384_C1142,G025_R389_C1140,1.346291201783626,FALSE,0.49592496184215595,"(1.01,1.51]"
G025_R385_C1132,G025_R389_C1140,2.23606797749979,FALSE,0.6987264756153125,"(1.51,Inf]"
G025_R385_C1133,G025_R389_C1140,2.0155644370746373,FALSE,0.7043941487185008,"(1.51,Inf]"
G025_R385_C1134,G025_R389_C1140,1.8027756377319946,FALSE,0.717638706010839,"(1.51,Inf]"
G025_R385_C1135,G025_R389_C1140,1.6007810593582121,FALSE,0.7426204184561829,"(1.51,Inf]"
G025_R385_C1136,G025_R389_C1140,1.4142135623730951,FALSE,0.7381458809784591,"(1.01,1.51]"
G025_R385_C1137,G025_R389_C1140,1.25,FALSE,0.6916851673488682,"(1.01,1.51]"
G025_R385_C1138,G025_R389_C1140,1.118033988749895,FALSE,0.7041096549205504,"(1.01,1.51]"
G025_R385_C1139,G025_R389_C1140,1.0307764064044151,FALSE,0.7373003416925294,"(1.01,1.51]"
G025_R385_C1140,G025_R389_C1140,1,FALSE,0.689983053539361,"(0.76,1.01]"
G025_R385_C1141,G025_R389_C1140,1.0307764064044151,FALSE,0.5972552922539076,"(1.01,1.51]"
G025_R385_C1142,G025_R389_C1140,1.118033988749895,FALSE,0.4197724390911378,"(1.01,1.51]"
G025_R386_C1132,G025_R389_C1140,2.1360009363293826,FALSE,0.7104388215026634,"(1.51,Inf]"
G025_R386_C1133,G025_R389_C1140,1.9039432764659772,FALSE,0.7167644486914482,"(1.51,Inf]"
G025_R386_C1134,G025_R389_C1140,1.6770509831248424,FALSE,0.7276345837374729,"(1.51,Inf]"
G025_R386_C1135,G025_R389_C1140,1.4577379737113252,FALSE,0.7533220578222748,"(1.01,1.51]"
G025_R386_C1136,G025_R389_C1140,1.25,FALSE,0.7473490521010385,"(1.01,1.51]"
G025_R386_C1137,G025_R389_C1140,1.0606601717798212,FALSE,0.7170116876417162,"(1.01,1.51]"
G025_R386_C1138,G025_R389_C1140,0.9013878188659973,FALSE,0.7184380970672883,"(0.76,1.01]"
G025_R386_C1139,G025_R389_C1140,0.7905694150420949,FALSE,0.7262296298723527,"(0.76,1.01]"
G025_R386_C1141,G025_R389_C1140,0.7905694150420949,FALSE,0.5902689339301687,"(0.76,1.01]"
G025_R387_C1132,G025_R389_C1140,2.0615528128088303,FALSE,0.7272778682423512,"(1.51,Inf]"
G025_R387_C1133,G025_R389_C1140,1.8200274723201295,FALSE,0.7227338079419042,"(1.51,Inf]"
G025_R387_C1134,G025_R389_C1140,1.5811388300841898,FALSE,0.7421084309422598,"(1.51,Inf]"
G025_R387_C1135,G025_R389_C1140,1.346291201783626,FALSE,0.7612376382034478,"(1.01,1.51]"
G025_R387_C1136,G025_R389_C1140,1.118033988749895,FALSE,0.7632206605734254,"(1.01,1.51]"
G025_R387_C1137,G025_R389_C1140,0.9013878188659973,FALSE,0.7486768813535495,"(0.76,1.01]"
G025_R387_C1138,G025_R389_C1140,0.7071067811865476,FALSE,0.7783597952025111,"(0.51,0.76]"
G025_R387_C1139,G025_R389_C1140,0.5590169943749475,FALSE,0.8030781948292699,"(0.51,0.76]"
G025_R387_C1140,G025_R389_C1140,0.5,FALSE,0.7795987291773774,"(0.26,0.51]"
G025_R387_C1141,G025_R389_C1140,0.5590169943749475,FALSE,0.603101873338018,"(0.51,0.76]"
G025_R387_C1142,G025_R389_C1140,0.7071067811865476,FALSE,0.4468847562270665,"(0.51,0.76]"
G025_R387_C1143,G025_R389_C1140,0.9013878188659973,FALSE,0.4347831009844757,"(0.76,1.01]"
G025_R388_C1132,G025_R389_C1140,2.0155644370746373,FALSE,0.7495044723542197,"(1.51,Inf]"
G025_R388_C1133,G025_R389_C1140,1.7677669529663689,FALSE,0.7422000701245229,"(1.51,Inf]"
G025_R388_C1134,G025_R389_C1140,1.5206906325745548,FALSE,0.7382759128886591,"(1.51,Inf]"
G025_R388_C1135,G025_R389_C1140,1.2747548783981961,FALSE,0.7342115906701082,"(1.01,1.51]"
G025_R388_C1136,G025_R389_C1140,1.0307764064044151,FALSE,0.735022737538357,"(1.01,1.51]"
G025_R388_C1137,G025_R389_C1140,0.7905694150420949,FALSE,0.7553050522947026,"(0.76,1.01]"
G025_R388_C1138,G025_R389_C1140,0.5590169943749475,FALSE,0.8072220944687991,"(0.51,0.76]"
G025_R388_C1139,G025_R389_C1140,0.3535533905932738,FALSE,0.8712293271014526,"(0.26,0.51]"
G025_R388_C1140,G025_R389_C1140,0.25,TRUE,0.9078948891477074,"[0,0.26]"
G025_R388_C1141,G025_R389_C1140,0.3535533905932738,FALSE,0.8723024883118007,"(0.26,0.51]"
G025_R388_C1142,G025_R389_C1140,0.5590169943749475,FALSE,0.7981928533880822,"(0.51,0.76]"
G025_R388_C1143,G025_R389_C1140,0.7905694150420949,FALSE,0.7678931216047781,"(0.76,1.01]"
G025_R388_C1144,G025_R389_C1140,1.0307764064044151,FALSE,0.7084231642840243,"(1.01,1.51]"
G025_R388_C1145,G025_R389_C1140,1.2747548783981961,FALSE,0.5142166842583678,"(1.01,1.51]"
G025_R389_C1132,G025_R389_C1140,2,FALSE,0.7210262362459923,"(1.51,Inf]"
G025_R389_C1133,G025_R389_C1140,1.75,FALSE,0.7128485234214984,"(1.51,Inf]"
G025_R389_C1134,G025_R389_C1140,1.5,FALSE,0.7193179710303285,"(1.01,1.51]"
G025_R389_C1135,G025_R389_C1140,1.25,FALSE,0.7411065859899835,"(1.01,1.51]"
G025_R389_C1136,G025_R389_C1140,1,FALSE,0.7554304726157942,"(0.76,1.01]"
G025_R389_C1137,G025_R389_C1140,0.75,FALSE,0.7824704391808585,"(0.51,0.76]"
G025_R389_C1138,G025_R389_C1140,0.5,FALSE,0.83039371963533,"(0.26,0.51]"
G025_R389_C1139,G025_R389_C1140,0.25,TRUE,0.9206031227848365,"[0,0.26]"
G025_R380_C1132,G025_R389_C1141,3.181980515339464,FALSE,0.646272529990678,"(1.51,Inf]"
G025_R380_C1133,G025_R389_C1141,3.010398644698074,FALSE,0.626093061335659,"(1.51,Inf]"
G025_R380_C1134,G025_R389_C1141,2.850438562747845,FALSE,0.5688399371663414,"(1.51,Inf]"
G025_R380_C1135,G025_R389_C1141,2.704163456597992,FALSE,0.4934511433882053,"(1.51,Inf]"
G025_R380_C1143,G025_R389_C1141,2.3048861143232218,FALSE,0.09732613961854265,"(1.51,Inf]"
G025_R380_C1144,G025_R389_C1141,2.3717082451262845,FALSE,0.2303840965650432,"(1.51,Inf]"
G025_R380_C1145,G025_R389_C1141,2.462214450449026,FALSE,0.12518634374517218,"(1.51,Inf]"
G025_R380_C1146,G025_R389_C1141,2.57390753524675,FALSE,-0.023345547610139135,"(1.51,Inf]"
G025_R380_C1147,G025_R389_C1141,2.704163456597992,FALSE,-0.05379886372371606,"(1.51,Inf]"
G025_R381_C1132,G025_R389_C1141,3.010398644698074,FALSE,0.6647614493613295,"(1.51,Inf]"
G025_R381_C1133,G025_R389_C1141,2.8284271247461903,FALSE,0.6842182149633216,"(1.51,Inf]"
G025_R381_C1134,G025_R389_C1141,2.6575364531836625,FALSE,0.6424278538529429,"(1.51,Inf]"
G025_R381_C1135,G025_R389_C1141,2.5,FALSE,0.6428732092671631,"(1.51,Inf]"
G025_R381_C1143,G025_R389_C1141,2.0615528128088303,FALSE,0.08944703133409065,"(1.51,Inf]"
G025_R381_C1144,G025_R389_C1141,2.1360009363293826,FALSE,0.3273338042932629,"(1.51,Inf]"
G025_R381_C1145,G025_R389_C1141,2.23606797749979,FALSE,0.19929206531165003,"(1.51,Inf]"
G025_R381_C1146,G025_R389_C1141,2.358495283014151,FALSE,0.09343445956671985,"(1.51,Inf]"
G025_R381_C1147,G025_R389_C1141,2.5,FALSE,0.04918750308137624,"(1.51,Inf]"
G025_R382_C1132,G025_R389_C1141,2.850438562747845,FALSE,0.6732554728583989,"(1.51,Inf]"
G025_R382_C1133,G025_R389_C1141,2.6575364531836625,FALSE,0.6731307717153915,"(1.51,Inf]"
G025_R382_C1134,G025_R389_C1141,2.4748737341529163,FALSE,0.6796459653790002,"(1.51,Inf]"
G025_R382_C1135,G025_R389_C1141,2.3048861143232218,FALSE,0.6944326741313158,"(1.51,Inf]"
G025_R382_C1136,G025_R389_C1141,2.1505813167606567,FALSE,0.682902608487549,"(1.51,Inf]"
G025_R382_C1138,G025_R389_C1141,1.9039432764659772,FALSE,0.17729972329200036,"(1.51,Inf]"
G025_R382_C1141,G025_R389_C1141,1.75,FALSE,0.26156446549234713,"(1.51,Inf]"
G025_R382_C1143,G025_R389_C1141,1.8200274723201295,FALSE,0.2149422949940183,"(1.51,Inf]"
G025_R382_C1144,G025_R389_C1141,1.9039432764659772,FALSE,0.24009925369110735,"(1.51,Inf]"
G025_R382_C1145,G025_R389_C1141,2.0155644370746373,FALSE,0.119494763789,"(1.51,Inf]"
G025_R382_C1146,G025_R389_C1141,2.1505813167606567,FALSE,-0.030866858581936624,"(1.51,Inf]"
G025_R382_C1147,G025_R389_C1141,2.3048861143232218,FALSE,-0.01795379370680782,"(1.51,Inf]"
G025_R383_C1132,G025_R389_C1141,2.704163456597992,FALSE,0.6822969402178218,"(1.51,Inf]"
G025_R383_C1133,G025_R389_C1141,2.5,FALSE,0.6835415333846816,"(1.51,Inf]"
G025_R383_C1134,G025_R389_C1141,2.3048861143232218,FALSE,0.6810014034109658,"(1.51,Inf]"
G025_R383_C1135,G025_R389_C1141,2.1213203435596424,FALSE,0.7054727181838546,"(1.51,Inf]"
G025_R383_C1136,G025_R389_C1141,1.9525624189766635,FALSE,0.7386168251340819,"(1.51,Inf]"
G025_R383_C1137,G025_R389_C1141,1.8027756377319946,FALSE,0.6864614203135456,"(1.51,Inf]"
G025_R383_C1139,G025_R389_C1141,1.5811388300841898,FALSE,0.6678995404726109,"(1.51,Inf]"
G025_R383_C1140,G025_R389_C1141,1.5206906325745548,FALSE,0.6790390634182902,"(1.51,Inf]"
G025_R383_C1141,G025_R389_C1141,1.5,FALSE,0.5958791451501272,"(1.01,1.51]"
G025_R383_C1142,G025_R389_C1141,1.5206906325745548,FALSE,0.5021471827832495,"(1.51,Inf]"
G025_R383_C1143,G025_R389_C1141,1.5811388300841898,FALSE,0.3194996765361842,"(1.51,Inf]"
G025_R383_C1144,G025_R389_C1141,1.6770509831248424,FALSE,-0.00391075121552749,"(1.51,Inf]"
G025_R383_C1145,G025_R389_C1141,1.8027756377319946,FALSE,-0.030312742518425743,"(1.51,Inf]"
G025_R383_C1146,G025_R389_C1141,1.9525624189766635,FALSE,-0.11462706900969977,"(1.51,Inf]"
G025_R383_C1147,G025_R389_C1141,2.1213203435596424,FALSE,-0.1945545877173493,"(1.51,Inf]"
G025_R384_C1132,G025_R389_C1141,2.57390753524675,FALSE,0.6978733002963157,"(1.51,Inf]"
G025_R384_C1133,G025_R389_C1141,2.358495283014151,FALSE,0.6826062980894188,"(1.51,Inf]"
G025_R384_C1134,G025_R389_C1141,2.1505813167606567,FALSE,0.6847553725500416,"(1.51,Inf]"
G025_R384_C1135,G025_R389_C1141,1.9525624189766635,FALSE,0.695070200687316,"(1.51,Inf]"
G025_R384_C1136,G025_R389_C1141,1.7677669529663689,FALSE,0.731856461538001,"(1.51,Inf]"
G025_R384_C1137,G025_R389_C1141,1.6007810593582121,FALSE,0.7170962443195076,"(1.51,Inf]"
G025_R384_C1138,G025_R389_C1141,1.4577379737113252,FALSE,0.6533701982156468,"(1.01,1.51]"
G025_R384_C1139,G025_R389_C1141,1.346291201783626,FALSE,0.7059516009155078,"(1.01,1.51]"
G025_R384_C1140,G025_R389_C1141,1.2747548783981961,FALSE,0.6722434210824639,"(1.01,1.51]"
G025_R384_C1141,G025_R389_C1141,1.25,FALSE,0.58060277129796245,"(1.01,1.51]"
G025_R384_C1142,G025_R389_C1141,1.2747548783981961,FALSE,0.44046815145873314,"(1.01,1.51]"
G025_R385_C1132,G025_R389_C1141,2.462214450449026,FALSE,0.7262751574234693,"(1.51,Inf]"
G025_R385_C1133,G025_R389_C1141,2.23606797749979,FALSE,0.7133264955330539,"(1.51,Inf]"
G025_R385_C1134,G025_R389_C1141,2.0155644370746373,FALSE,0.7127733403913289,"(1.51,Inf]"
G025_R385_C1135,G025_R389_C1141,1.8027756377319946,FALSE,0.7423773437706097,"(1.51,Inf]"
G025_R385_C1136,G025_R389_C1141,1.6007810593582121,FALSE,0.7392882726083783,"(1.51,Inf]"
G025_R385_C1137,G025_R389_C1141,1.4142135623730951,FALSE,0.6865713613629875,"(1.01,1.51]"
G025_R385_C1138,G025_R389_C1141,1.25,FALSE,0.6856971571744437,"(1.01,1.51]"
G025_R385_C1139,G025_R389_C1141,1.118033988749895,FALSE,0.6958372769981875,"(1.01,1.51]"
G025_R385_C1140,G025_R389_C1141,1.0307764064044151,FALSE,0.6374771475187525,"(1.01,1.51]"
G025_R385_C1141,G025_R389_C1141,1,FALSE,0.5535751881164167,"(0.76,1.01]"
G025_R385_C1142,G025_R389_C1141,1.0307764064044151,FALSE,0.4075307133342034,"(1.01,1.51]"
G025_R386_C1132,G025_R389_C1141,2.3717082451262845,FALSE,0.7358760069492387,"(1.51,Inf]"
G025_R386_C1133,G025_R389_C1141,2.1360009363293826,FALSE,0.7299168949428675,"(1.51,Inf]"
G025_R386_C1134,G025_R389_C1141,1.9039432764659772,FALSE,0.7305771280535361,"(1.51,Inf]"
G025_R386_C1135,G025_R389_C1141,1.6770509831248424,FALSE,0.7649299132754369,"(1.51,Inf]"
G025_R386_C1136,G025_R389_C1141,1.4577379737113252,FALSE,0.7449972218977452,"(1.01,1.51]"
G025_R386_C1137,G025_R389_C1141,1.25,FALSE,0.7114364207202492,"(1.01,1.51]"
G025_R386_C1138,G025_R389_C1141,1.0606601717798212,FALSE,0.7033379168965461,"(1.01,1.51]"
G025_R386_C1139,G025_R389_C1141,0.9013878188659973,FALSE,0.6830863653672576,"(0.76,1.01]"
G025_R386_C1141,G025_R389_C1141,0.75,FALSE,0.5676109790189167,"(0.51,0.76]"
G025_R387_C1132,G025_R389_C1141,2.3048861143232218,FALSE,0.7456789957871359,"(1.51,Inf]"
G025_R387_C1133,G025_R389_C1141,2.0615528128088303,FALSE,0.7206042551722389,"(1.51,Inf]"
G025_R387_C1134,G025_R389_C1141,1.8200274723201295,FALSE,0.7376395193483777,"(1.51,Inf]"
G025_R387_C1135,G025_R389_C1141,1.5811388300841898,FALSE,0.7521992589433312,"(1.51,Inf]"
G025_R387_C1136,G025_R389_C1141,1.346291201783626,FALSE,0.7443079311092365,"(1.01,1.51]"
G025_R387_C1137,G025_R389_C1141,1.118033988749895,FALSE,0.7260520817733316,"(1.01,1.51]"
G025_R387_C1138,G025_R389_C1141,0.9013878188659973,FALSE,0.7446708534909748,"(0.76,1.01]"
G025_R387_C1139,G025_R389_C1141,0.7071067811865476,FALSE,0.7580298202753795,"(0.51,0.76]"
G025_R387_C1140,G025_R389_C1141,0.5590169943749475,FALSE,0.7643736121676599,"(0.51,0.76]"
G025_R387_C1141,G025_R389_C1141,0.5,FALSE,0.6144383263171026,"(0.26,0.51]"
G025_R387_C1142,G025_R389_C1141,0.5590169943749475,FALSE,0.4425508323420152,"(0.51,0.76]"
G025_R387_C1143,G025_R389_C1141,0.7071067811865476,FALSE,0.4473417520253512,"(0.51,0.76]"
G025_R388_C1132,G025_R389_C1141,2.2638462845343543,FALSE,0.7580142849646297,"(1.51,Inf]"
G025_R388_C1133,G025_R389_C1141,2.0155644370746373,FALSE,0.7131416669393923,"(1.51,Inf]"
G025_R388_C1134,G025_R389_C1141,1.7677669529663689,FALSE,0.7188649258647105,"(1.51,Inf]"
G025_R388_C1135,G025_R389_C1141,1.5206906325745548,FALSE,0.7194008145391155,"(1.51,Inf]"
G025_R388_C1136,G025_R389_C1141,1.2747548783981961,FALSE,0.7086083861179044,"(1.01,1.51]"
G025_R388_C1137,G025_R389_C1141,1.0307764064044151,FALSE,0.7307448084694532,"(1.01,1.51]"
G025_R388_C1138,G025_R389_C1141,0.7905694150420949,FALSE,0.7599146781679423,"(0.76,1.01]"
G025_R388_C1139,G025_R389_C1141,0.5590169943749475,FALSE,0.8124879852756497,"(0.51,0.76]"
G025_R388_C1140,G025_R389_C1141,0.3535533905932738,FALSE,0.8722251878013114,"(0.26,0.51]"
G025_R388_C1141,G025_R389_C1141,0.25,TRUE,0.899533271880191,"[0,0.26]"
G025_R388_C1142,G025_R389_C1141,0.3535533905932738,FALSE,0.8511228906051748,"(0.26,0.51]"
G025_R388_C1143,G025_R389_C1141,0.5590169943749475,FALSE,0.796595236255414,"(0.51,0.76]"
G025_R388_C1144,G025_R389_C1141,0.7905694150420949,FALSE,0.7213329081817167,"(0.76,1.01]"
G025_R388_C1145,G025_R389_C1141,1.0307764064044151,FALSE,0.5385449453984016,"(1.01,1.51]"
G025_R389_C1132,G025_R389_C1141,2.25,FALSE,0.7260799455251596,"(1.51,Inf]"
G025_R389_C1133,G025_R389_C1141,2,FALSE,0.6936403918124665,"(1.51,Inf]"
G025_R389_C1134,G025_R389_C1141,1.75,FALSE,0.7064832046022571,"(1.51,Inf]"
G025_R389_C1135,G025_R389_C1141,1.5,FALSE,0.6967577530856396,"(1.01,1.51]"
G025_R389_C1136,G025_R389_C1141,1.25,FALSE,0.7093856334783107,"(1.01,1.51]"
G025_R389_C1137,G025_R389_C1141,1,FALSE,0.7428229116260783,"(0.76,1.01]"
G025_R389_C1138,G025_R389_C1141,0.75,FALSE,0.7558271037810134,"(0.51,0.76]"
G025_R389_C1139,G025_R389_C1141,0.5,FALSE,0.8267980739085449,"(0.26,0.51]"
G025_R389_C1140,G025_R389_C1141,0.25,TRUE,0.9364418782039176,"[0,0.26]"
G025_R380_C1132,G025_R389_C1142,3.3634060117684275,FALSE,0.6440732718169653,"(1.51,Inf]"
G025_R380_C1133,G025_R389_C1142,3.181980515339464,FALSE,0.6316794727898882,"(1.51,Inf]"
G025_R380_C1134,G025_R389_C1142,3.010398644698074,FALSE,0.5796395461744931,"(1.51,Inf]"
G025_R380_C1135,G025_R389_C1142,2.850438562747845,FALSE,0.48156391797775583,"(1.51,Inf]"
G025_R380_C1143,G025_R389_C1142,2.2638462845343543,FALSE,0.1263403090704568,"(1.51,Inf]"
G025_R380_C1144,G025_R389_C1142,2.3048861143232218,FALSE,0.27219330245769724,"(1.51,Inf]"
G025_R380_C1145,G025_R389_C1142,2.3717082451262845,FALSE,0.14734437466275843,"(1.51,Inf]"
G025_R380_C1146,G025_R389_C1142,2.462214450449026,FALSE,-0.012528385862985538,"(1.51,Inf]"
G025_R380_C1147,G025_R389_C1142,2.57390753524675,FALSE,-0.050794805606764,"(1.51,Inf]"
G025_R381_C1132,G025_R389_C1142,3.2015621187164243,FALSE,0.663421951377885,"(1.51,Inf]"
G025_R381_C1133,G025_R389_C1142,3.010398644698074,FALSE,0.6842482997731589,"(1.51,Inf]"
G025_R381_C1134,G025_R389_C1142,2.8284271247461903,FALSE,0.6467771919451915,"(1.51,Inf]"
G025_R381_C1135,G025_R389_C1142,2.6575364531836625,FALSE,0.6420508375596693,"(1.51,Inf]"
G025_R381_C1143,G025_R389_C1142,2.0155644370746373,FALSE,0.09210977746602085,"(1.51,Inf]"
G025_R381_C1144,G025_R389_C1142,2.0615528128088303,FALSE,0.308005165070028,"(1.51,Inf]"
G025_R381_C1145,G025_R389_C1142,2.1360009363293826,FALSE,0.19047856993553666,"(1.51,Inf]"
G025_R381_C1146,G025_R389_C1142,2.23606797749979,FALSE,0.08792306537359687,"(1.51,Inf]"
G025_R381_C1147,G025_R389_C1142,2.358495283014151,FALSE,0.04894162560038537,"(1.51,Inf]"
G025_R382_C1132,G025_R389_C1142,3.0516389039334255,FALSE,0.688909120952446,"(1.51,Inf]"
G025_R382_C1133,G025_R389_C1142,2.850438562747845,FALSE,0.6817629274162087,"(1.51,Inf]"
G025_R382_C1134,G025_R389_C1142,2.6575364531836625,FALSE,0.6823898066307071,"(1.51,Inf]"
G025_R382_C1135,G025_R389_C1142,2.4748737341529163,FALSE,0.6949557727035348,"(1.51,Inf]"
G025_R382_C1136,G025_R389_C1142,2.3048861143232218,FALSE,0.6881642553667875,"(1.51,Inf]"
G025_R382_C1138,G025_R389_C1142,2.0155644370746373,FALSE,0.11941134931016206,"(1.51,Inf]"
G025_R382_C1141,G025_R389_C1142,1.7677669529663689,FALSE,0.24194865529271406,"(1.51,Inf]"
G025_R382_C1143,G025_R389_C1142,1.7677669529663689,FALSE,0.1867854306017282,"(1.51,Inf]"
G025_R382_C1144,G025_R389_C1142,1.8200274723201295,FALSE,0.22374784313101775,"(1.51,Inf]"
G025_R382_C1145,G025_R389_C1142,1.9039432764659772,FALSE,0.10666038081815322,"(1.51,Inf]"
G025_R382_C1146,G025_R389_C1142,2.0155644370746373,FALSE,0.006487977123789061,"(1.51,Inf]"
G025_R382_C1147,G025_R389_C1142,2.1505813167606567,FALSE,-2.630566877669799e-4,"(1.51,Inf]"
G025_R383_C1132,G025_R389_C1142,2.9154759474226504,FALSE,0.7013771279331704,"(1.51,Inf]"
G025_R383_C1133,G025_R389_C1142,2.704163456597992,FALSE,0.7099174893558698,"(1.51,Inf]"
G025_R383_C1134,G025_R389_C1142,2.5,FALSE,0.6928348967373317,"(1.51,Inf]"
G025_R383_C1135,G025_R389_C1142,2.3048861143232218,FALSE,0.7079631102271026,"(1.51,Inf]"
G025_R383_C1136,G025_R389_C1142,2.1213203435596424,FALSE,0.7543173883458157,"(1.51,Inf]"
G025_R383_C1137,G025_R389_C1142,1.9525624189766635,FALSE,0.7230789691865194,"(1.51,Inf]"
G025_R383_C1139,G025_R389_C1142,1.6770509831248424,FALSE,0.702303809996842,"(1.51,Inf]"
G025_R383_C1140,G025_R389_C1142,1.5811388300841898,FALSE,0.6926665561244584,"(1.51,Inf]"
G025_R383_C1141,G025_R389_C1142,1.5206906325745548,FALSE,0.5525776393498713,"(1.51,Inf]"
G025_R383_C1142,G025_R389_C1142,1.5,FALSE,0.448082334810127,"(1.01,1.51]"
G025_R383_C1143,G025_R389_C1142,1.5206906325745548,FALSE,0.28252775463598234,"(1.51,Inf]"
G025_R383_C1144,G025_R389_C1142,1.5811388300841898,FALSE,-0.022910464766468373,"(1.51,Inf]"
G025_R383_C1145,G025_R389_C1142,1.6770509831248424,FALSE,-0.08210431855932515,"(1.51,Inf]"
G025_R383_C1146,G025_R389_C1142,1.8027756377319946,FALSE,-0.14500284911452166,"(1.51,Inf]"
G025_R383_C1147,G025_R389_C1142,1.9525624189766635,FALSE,-0.2214421690969196,"(1.51,Inf]"
G025_R384_C1132,G025_R389_C1142,2.7950849718747373,FALSE,0.7106669170990666,"(1.51,Inf]"
G025_R384_C1133,G025_R389_C1142,2.57390753524675,FALSE,0.7073249594222955,"(1.51,Inf]"
G025_R384_C1134,G025_R389_C1142,2.358495283014151,FALSE,0.7029544809965258,"(1.51,Inf]"
G025_R384_C1135,G025_R389_C1142,2.1505813167606567,FALSE,0.7040491574394068,"(1.51,Inf]"
G025_R384_C1136,G025_R389_C1142,1.9525624189766635,FALSE,0.7459388557642814,"(1.51,Inf]"
G025_R384_C1137,G025_R389_C1142,1.7677669529663689,FALSE,0.7458300822473449,"(1.51,Inf]"
G025_R384_C1138,G025_R389_C1142,1.6007810593582121,FALSE,0.6881548829089961,"(1.51,Inf]"
G025_R384_C1139,G025_R389_C1142,1.4577379737113252,FALSE,0.7302057708752003,"(1.01,1.51]"
G025_R384_C1140,G025_R389_C1142,1.346291201783626,FALSE,0.6662999898388675,"(1.01,1.51]"
G025_R384_C1141,G025_R389_C1142,1.2747548783981961,FALSE,0.5359331681341085,"(1.01,1.51]"
G025_R384_C1142,G025_R389_C1142,1.25,FALSE,0.37273456028790136,"(1.01,1.51]"
G025_R385_C1132,G025_R389_C1142,2.692582403567252,FALSE,0.7456247539596116,"(1.51,Inf]"
G025_R385_C1133,G025_R389_C1142,2.462214450449026,FALSE,0.731693496125439,"(1.51,Inf]"
G025_R385_C1134,G025_R389_C1142,2.23606797749979,FALSE,0.7309964735442414,"(1.51,Inf]"
G025_R385_C1135,G025_R389_C1142,2.0155644370746373,FALSE,0.7573114347453643,"(1.51,Inf]"
G025_R385_C1136,G025_R389_C1142,1.8027756377319946,FALSE,0.7566950437420628,"(1.51,Inf]"
G025_R385_C1137,G025_R389_C1142,1.6007810593582121,FALSE,0.7176089788307256,"(1.51,Inf]"
G025_R385_C1138,G025_R389_C1142,1.4142135623730951,FALSE,0.719845004337651,"(1.01,1.51]"
G025_R385_C1139,G025_R389_C1142,1.25,FALSE,0.6844185929315149,"(1.01,1.51]"
G025_R385_C1140,G025_R389_C1142,1.118033988749895,FALSE,0.5924876214267317,"(1.01,1.51]"
G025_R385_C1141,G025_R389_C1142,1.0307764064044151,FALSE,0.49555184092373,"(1.01,1.51]"
G025_R385_C1142,G025_R389_C1142,1,FALSE,0.3894914731610083,"(0.76,1.01]"
G025_R386_C1132,G025_R389_C1142,2.6100766272276377,FALSE,0.743669694324035,"(1.51,Inf]"
G025_R386_C1133,G025_R389_C1142,2.3717082451262845,FALSE,0.744668325545521,"(1.51,Inf]"
G025_R386_C1134,G025_R389_C1142,2.1360009363293826,FALSE,0.748570811732416,"(1.51,Inf]"
G025_R386_C1135,G025_R389_C1142,1.9039432764659772,FALSE,0.7780044461164977,"(1.51,Inf]"
G025_R386_C1136,G025_R389_C1142,1.6770509831248424,FALSE,0.7547112383160255,"(1.51,Inf]"
G025_R386_C1137,G025_R389_C1142,1.4577379737113252,FALSE,0.7179053056516713,"(1.01,1.51]"
G025_R386_C1138,G025_R389_C1142,1.25,FALSE,0.6909052898498348,"(1.01,1.51]"
G025_R386_C1139,G025_R389_C1142,1.0606601717798212,FALSE,0.6392563308227038,"(1.01,1.51]"
G025_R386_C1141,G025_R389_C1142,0.7905694150420949,FALSE,0.5434172605922419,"(0.76,1.01]"
G025_R387_C1132,G025_R389_C1142,2.5495097567963922,FALSE,0.75311823406296,"(1.51,Inf]"
G025_R387_C1133,G025_R389_C1142,2.3048861143232218,FALSE,0.7238883148047426,"(1.51,Inf]"
G025_R387_C1134,G025_R389_C1142,2.0615528128088303,FALSE,0.7427116506027712,"(1.51,Inf]"
G025_R387_C1135,G025_R389_C1142,1.8200274723201295,FALSE,0.7558294196511207,"(1.51,Inf]"
G025_R387_C1136,G025_R389_C1142,1.5811388300841898,FALSE,0.7446946690902609,"(1.51,Inf]"
G025_R387_C1137,G025_R389_C1142,1.346291201783626,FALSE,0.7190281639223782,"(1.01,1.51]"
G025_R387_C1138,G025_R389_C1142,1.118033988749895,FALSE,0.7186806250568318,"(1.01,1.51]"
G025_R387_C1139,G025_R389_C1142,0.9013878188659973,FALSE,0.7106340194288231,"(0.76,1.01]"
G025_R387_C1140,G025_R389_C1142,0.7071067811865476,FALSE,0.7228825313711055,"(0.51,0.76]"
G025_R387_C1141,G025_R389_C1142,0.5590169943749475,FALSE,0.626666515280907,"(0.51,0.76]"
G025_R387_C1142,G025_R389_C1142,0.5,FALSE,0.47038456754717084,"(0.26,0.51]"
G025_R387_C1143,G025_R389_C1142,0.5590169943749475,FALSE,0.49254252578005553,"(0.51,0.76]"
G025_R388_C1132,G025_R389_C1142,2.5124689052802225,FALSE,0.7510043425311508,"(1.51,Inf]"
G025_R388_C1133,G025_R389_C1142,2.2638462845343543,FALSE,0.7086444398123989,"(1.51,Inf]"
G025_R388_C1134,G025_R389_C1142,2.0155644370746373,FALSE,0.7100824985026285,"(1.51,Inf]"
G025_R388_C1135,G025_R389_C1142,1.7677669529663689,FALSE,0.7129932717854578,"(1.51,Inf]"
G025_R388_C1136,G025_R389_C1142,1.5206906325745548,FALSE,0.6941967720054928,"(1.51,Inf]"
G025_R388_C1137,G025_R389_C1142,1.2747548783981961,FALSE,0.7032126328630381,"(1.01,1.51]"
G025_R388_C1138,G025_R389_C1142,1.0307764064044151,FALSE,0.7270173428217915,"(1.01,1.51]"
G025_R388_C1139,G025_R389_C1142,0.7905694150420949,FALSE,0.7636746587693233,"(0.76,1.01]"
G025_R388_C1140,G025_R389_C1142,0.5590169943749475,FALSE,0.7866993166900218,"(0.51,0.76]"
G025_R388_C1141,G025_R389_C1142,0.3535533905932738,FALSE,0.8648606630869817,"(0.26,0.51]"
G025_R388_C1142,G025_R389_C1142,0.25,TRUE,0.8856175333546213,"[0,0.26]"
G025_R388_C1143,G025_R389_C1142,0.3535533905932738,FALSE,0.8394075614146056,"(0.26,0.51]"
G025_R388_C1144,G025_R389_C1142,0.5590169943749475,FALSE,0.7612026307841191,"(0.51,0.76]"
G025_R388_C1145,G025_R389_C1142,0.7905694150420949,FALSE,0.5684130822225482,"(0.76,1.01]"
G025_R389_C1132,G025_R389_C1142,2.5,FALSE,0.7181427465205662,"(1.51,Inf]"
G025_R389_C1133,G025_R389_C1142,2.25,FALSE,0.6952944915938329,"(1.51,Inf]"
G025_R389_C1134,G025_R389_C1142,2,FALSE,0.7006416588172386,"(1.51,Inf]"
G025_R389_C1135,G025_R389_C1142,1.75,FALSE,0.6858024508706673,"(1.51,Inf]"
G025_R389_C1136,G025_R389_C1142,1.5,FALSE,0.6837701266718831,"(1.01,1.51]"
G025_R389_C1137,G025_R389_C1142,1.25,FALSE,0.7060147257605007,"(1.01,1.51]"
G025_R389_C1138,G025_R389_C1142,1,FALSE,0.7056027546942949,"(0.76,1.01]"
G025_R389_C1139,G025_R389_C1142,0.75,FALSE,0.7438804416014957,"(0.51,0.76]"
G025_R389_C1140,G025_R389_C1142,0.5,FALSE,0.8323442651217807,"(0.26,0.51]"
G025_R389_C1141,G025_R389_C1142,0.25,TRUE,0.9224056832310208,"[0,0.26]"
G025_R380_C1132,G025_R389_C1143,3.553167600887974,FALSE,0.6463102836900199,"(1.51,Inf]"
G025_R380_C1133,G025_R389_C1143,3.3634060117684275,FALSE,0.6413463223433886,"(1.51,Inf]"
G025_R380_C1134,G025_R389_C1143,3.181980515339464,FALSE,0.5713975282624663,"(1.51,Inf]"
G025_R380_C1135,G025_R389_C1143,3.010398644698074,FALSE,0.4686351547419311,"(1.51,Inf]"
G025_R380_C1143,G025_R389_C1143,2.25,FALSE,0.1368731797672844,"(1.51,Inf]"
G025_R380_C1144,G025_R389_C1143,2.2638462845343543,FALSE,0.2610294711305921,"(1.51,Inf]"
G025_R380_C1145,G025_R389_C1143,2.3048861143232218,FALSE,0.13891797294172487,"(1.51,Inf]"
G025_R380_C1146,G025_R389_C1143,2.3717082451262845,FALSE,0.016882584655914388,"(1.51,Inf]"
G025_R380_C1147,G025_R389_C1143,2.462214450449026,FALSE,-0.029958978035387922,"(1.51,Inf]"
G025_R381_C1132,G025_R389_C1143,3.400367627183861,FALSE,0.6582382031673555,"(1.51,Inf]"
G025_R381_C1133,G025_R389_C1143,3.2015621187164243,FALSE,0.6860645874446982,"(1.51,Inf]"
G025_R381_C1134,G025_R389_C1143,3.010398644698074,FALSE,0.6669931713494006,"(1.51,Inf]"
G025_R381_C1135,G025_R389_C1143,2.8284271247461903,FALSE,0.6658519082612809,"(1.51,Inf]"
G025_R381_C1143,G025_R389_C1143,2,FALSE,0.11045044027368747,"(1.51,Inf]"
G025_R381_C1144,G025_R389_C1143,2.0155644370746373,FALSE,0.2911941033781848,"(1.51,Inf]"
G025_R381_C1145,G025_R389_C1143,2.0615528128088303,FALSE,0.17116676857344812,"(1.51,Inf]"
G025_R381_C1146,G025_R389_C1143,2.1360009363293826,FALSE,0.08337193022510202,"(1.51,Inf]"
G025_R381_C1147,G025_R389_C1143,2.23606797749979,FALSE,0.05906392659410489,"(1.51,Inf]"
G025_R382_C1132,G025_R389_C1143,3.2596012026013246,FALSE,0.696574558353062,"(1.51,Inf]"
G025_R382_C1133,G025_R389_C1143,3.0516389039334255,FALSE,0.6991562025316527,"(1.51,Inf]"
G025_R382_C1134,G025_R389_C1143,2.850438562747845,FALSE,0.6956268621059145,"(1.51,Inf]"
G025_R382_C1135,G025_R389_C1143,2.6575364531836625,FALSE,0.7064865816778635,"(1.51,Inf]"
G025_R382_C1136,G025_R389_C1143,2.4748737341529163,FALSE,0.7008078299389616,"(1.51,Inf]"
G025_R382_C1138,G025_R389_C1143,2.1505813167606567,FALSE,0.09442767025014959,"(1.51,Inf]"
G025_R382_C1141,G025_R389_C1143,1.8200274723201295,FALSE,0.27049226935185716,"(1.51,Inf]"
G025_R382_C1143,G025_R389_C1143,1.75,FALSE,0.1484039995095566,"(1.51,Inf]"
G025_R382_C1144,G025_R389_C1143,1.7677669529663689,FALSE,0.18452237959229717,"(1.51,Inf]"
G025_R382_C1145,G025_R389_C1143,1.8200274723201295,FALSE,0.09317392951502293,"(1.51,Inf]"
G025_R382_C1146,G025_R389_C1143,1.9039432764659772,FALSE,0.0013322642868768286,"(1.51,Inf]"
G025_R382_C1147,G025_R389_C1143,2.0155644370746373,FALSE,-0.00970646563006509,"(1.51,Inf]"
G025_R383_C1132,G025_R389_C1143,3.132491021535417,FALSE,0.7060514262106189,"(1.51,Inf]"
G025_R383_C1133,G025_R389_C1143,2.9154759474226504,FALSE,0.7199420486499274,"(1.51,Inf]"
G025_R383_C1134,G025_R389_C1143,2.704163456597992,FALSE,0.70408021195635,"(1.51,Inf]"
G025_R383_C1135,G025_R389_C1143,2.5,FALSE,0.719533759917551,"(1.51,Inf]"
G025_R383_C1136,G025_R389_C1143,2.3048861143232218,FALSE,0.7675189863309411,"(1.51,Inf]"
G025_R383_C1137,G025_R389_C1143,2.1213203435596424,FALSE,0.7346400870049354,"(1.51,Inf]"
G025_R383_C1139,G025_R389_C1143,1.8027756377319946,FALSE,0.7063653859761004,"(1.51,Inf]"
G025_R383_C1140,G025_R389_C1143,1.6770509831248424,FALSE,0.6993450946189445,"(1.51,Inf]"
G025_R383_C1141,G025_R389_C1143,1.5811388300841898,FALSE,0.5483698446414774,"(1.51,Inf]"
G025_R383_C1142,G025_R389_C1143,1.5206906325745548,FALSE,0.4222001034803038,"(1.51,Inf]"
G025_R383_C1143,G025_R389_C1143,1.5,FALSE,0.22169619544240277,"(1.01,1.51]"
G025_R383_C1144,G025_R389_C1143,1.5206906325745548,FALSE,-0.02265654560217818,"(1.51,Inf]"
G025_R383_C1145,G025_R389_C1143,1.5811388300841898,FALSE,-0.08786938173798033,"(1.51,Inf]"
G025_R383_C1146,G025_R389_C1143,1.6770509831248424,FALSE,-0.16908254604598769,"(1.51,Inf]"
G025_R383_C1147,G025_R389_C1143,1.8027756377319946,FALSE,-0.24369916125095448,"(1.51,Inf]"
G025_R384_C1132,G025_R389_C1143,3.020761493398643,FALSE,0.7110711397948867,"(1.51,Inf]"
G025_R384_C1133,G025_R389_C1143,2.7950849718747373,FALSE,0.7086365156099557,"(1.51,Inf]"
G025_R384_C1134,G025_R389_C1143,2.57390753524675,FALSE,0.7201810382435221,"(1.51,Inf]"
G025_R384_C1135,G025_R389_C1143,2.358495283014151,FALSE,0.7245940317608118,"(1.51,Inf]"
G025_R384_C1136,G025_R389_C1143,2.1505813167606567,FALSE,0.7610412002035233,"(1.51,Inf]"
G025_R384_C1137,G025_R389_C1143,1.9525624189766635,FALSE,0.7591667690155405,"(1.51,Inf]"
G025_R384_C1138,G025_R389_C1143,1.7677669529663689,FALSE,0.721975126023755,"(1.51,Inf]"
G025_R384_C1139,G025_R389_C1143,1.6007810593582121,FALSE,0.7492561665861549,"(1.51,Inf]"
G025_R384_C1140,G025_R389_C1143,1.4577379737113252,FALSE,0.6717922417175753,"(1.01,1.51]"
G025_R384_C1141,G025_R389_C1143,1.346291201783626,FALSE,0.5175397405849073,"(1.01,1.51]"
G025_R384_C1142,G025_R389_C1143,1.2747548783981961,FALSE,0.32564877937148057,"(1.01,1.51]"
G025_R385_C1132,G025_R389_C1143,2.9261749776799064,FALSE,0.7348687731876501,"(1.51,Inf]"
G025_R385_C1133,G025_R389_C1143,2.692582403567252,FALSE,0.7372522892535426,"(1.51,Inf]"
G025_R385_C1134,G025_R389_C1143,2.462214450449026,FALSE,0.7363860910727646,"(1.51,Inf]"
G025_R385_C1135,G025_R389_C1143,2.23606797749979,FALSE,0.762066314657603,"(1.51,Inf]"
G025_R385_C1136,G025_R389_C1143,2.0155644370746373,FALSE,0.7696736800356435,"(1.51,Inf]"
G025_R385_C1137,G025_R389_C1143,1.8027756377319946,FALSE,0.7362549328264909,"(1.51,Inf]"
G025_R385_C1138,G025_R389_C1143,1.6007810593582121,FALSE,0.7362896135451812,"(1.51,Inf]"
G025_R385_C1139,G025_R389_C1143,1.4142135623730951,FALSE,0.6986039260923792,"(1.01,1.51]"
G025_R385_C1140,G025_R389_C1143,1.25,FALSE,0.5791238294528697,"(1.01,1.51]"
G025_R385_C1141,G025_R389_C1143,1.118033988749895,FALSE,0.4452387284855137,"(1.01,1.51]"
G025_R385_C1142,G025_R389_C1143,1.0307764064044151,FALSE,0.3532779893692247,"(1.01,1.51]"
G025_R386_C1132,G025_R389_C1143,2.850438562747845,FALSE,0.7457062085460436,"(1.51,Inf]"
G025_R386_C1133,G025_R389_C1143,2.6100766272276377,FALSE,0.7493631302901399,"(1.51,Inf]"
G025_R386_C1134,G025_R389_C1143,2.3717082451262845,FALSE,0.7557790913090165,"(1.51,Inf]"
G025_R386_C1135,G025_R389_C1143,2.1360009363293826,FALSE,0.7807941547895755,"(1.51,Inf]"
G025_R386_C1136,G025_R389_C1143,1.9039432764659772,FALSE,0.7751055737007785,"(1.51,Inf]"
G025_R386_C1137,G025_R389_C1143,1.6770509831248424,FALSE,0.7357795356172571,"(1.51,Inf]"
G025_R386_C1138,G025_R389_C1143,1.4577379737113252,FALSE,0.7055132903691274,"(1.01,1.51]"
G025_R386_C1139,G025_R389_C1143,1.25,FALSE,0.6118590102513701,"(1.01,1.51]"
G025_R386_C1141,G025_R389_C1143,0.9013878188659973,FALSE,0.5000136903703706,"(0.76,1.01]"
G025_R387_C1132,G025_R389_C1143,2.7950849718747373,FALSE,0.7506521201315268,"(1.51,Inf]"
G025_R387_C1133,G025_R389_C1143,2.5495097567963922,FALSE,0.7219336144178948,"(1.51,Inf]"
G025_R387_C1134,G025_R389_C1143,2.3048861143232218,FALSE,0.7430147014554401,"(1.51,Inf]"
G025_R387_C1135,G025_R389_C1143,2.0615528128088303,FALSE,0.7532833585859069,"(1.51,Inf]"
G025_R387_C1136,G025_R389_C1143,1.8200274723201295,FALSE,0.7591353211237122,"(1.51,Inf]"
G025_R387_C1137,G025_R389_C1143,1.5811388300841898,FALSE,0.7234813273134829,"(1.51,Inf]"
G025_R387_C1138,G025_R389_C1143,1.346291201783626,FALSE,0.7078997754448522,"(1.01,1.51]"
G025_R387_C1139,G025_R389_C1143,1.118033988749895,FALSE,0.6768325774790596,"(1.01,1.51]"
G025_R387_C1140,G025_R389_C1143,0.9013878188659973,FALSE,0.682327659207832,"(0.76,1.01]"
G025_R387_C1141,G025_R389_C1143,0.7071067811865476,FALSE,0.6182623947651844,"(0.51,0.76]"
G025_R387_C1142,G025_R389_C1143,0.5590169943749475,FALSE,0.46622930335681145,"(0.51,0.76]"
G025_R387_C1143,G025_R389_C1143,0.5,FALSE,0.48709647208919005,"(0.26,0.51]"
G025_R388_C1132,G025_R389_C1143,2.7613402542968153,FALSE,0.7346054719815733,"(1.51,Inf]"
G025_R388_C1133,G025_R389_C1143,2.5124689052802225,FALSE,0.7058456860574808,"(1.51,Inf]"
G025_R388_C1134,G025_R389_C1143,2.2638462845343543,FALSE,0.7078023119513664,"(1.51,Inf]"
G025_R388_C1135,G025_R389_C1143,2.0155644370746373,FALSE,0.7182566162644575,"(1.51,Inf]"
G025_R388_C1136,G025_R389_C1143,1.7677669529663689,FALSE,0.7153833354162091,"(1.51,Inf]"
G025_R388_C1137,G025_R389_C1143,1.5206906325745548,FALSE,0.7110748859780217,"(1.51,Inf]"
G025_R388_C1138,G025_R389_C1143,1.2747548783981961,FALSE,0.7070592623118831,"(1.01,1.51]"
G025_R388_C1139,G025_R389_C1143,1.0307764064044151,FALSE,0.721717050983399,"(1.01,1.51]"
G025_R388_C1140,G025_R389_C1143,0.7905694150420949,FALSE,0.7388880485260685,"(0.76,1.01]"
G025_R388_C1141,G025_R389_C1143,0.5590169943749475,FALSE,0.8279200113592501,"(0.51,0.76]"
G025_R388_C1142,G025_R389_C1143,0.3535533905932738,FALSE,0.883312837198955,"(0.26,0.51]"
G025_R388_C1143,G025_R389_C1143,0.25,TRUE,0.8864975150019141,"[0,0.26]"
G025_R388_C1144,G025_R389_C1143,0.3535533905932738,FALSE,0.790456418662052,"(0.26,0.51]"
G025_R388_C1145,G025_R389_C1143,0.5590169943749475,FALSE,0.5776608359720545,"(0.51,0.76]"
G025_R389_C1132,G025_R389_C1143,2.75,FALSE,0.7053917257821274,"(1.51,Inf]"
G025_R389_C1133,G025_R389_C1143,2.5,FALSE,0.6848139830113948,"(1.51,Inf]"
G025_R389_C1134,G025_R389_C1143,2.25,FALSE,0.7001146191540589,"(1.51,Inf]"
G025_R389_C1135,G025_R389_C1143,2,FALSE,0.6927242154004832,"(1.51,Inf]"
G025_R389_C1136,G025_R389_C1143,1.75,FALSE,0.6909634149365231,"(1.51,Inf]"
G025_R389_C1137,G025_R389_C1143,1.5,FALSE,0.6982806481841745,"(1.01,1.51]"
G025_R389_C1138,G025_R389_C1143,1.25,FALSE,0.6835100337704866,"(1.01,1.51]"
G025_R389_C1139,G025_R389_C1143,1,FALSE,0.6973651125933271,"(0.76,1.01]"
G025_R389_C1140,G025_R389_C1143,0.75,FALSE,0.7652896224308654,"(0.51,0.76]"
G025_R389_C1141,G025_R389_C1143,0.5,FALSE,0.8464526159376634,"(0.26,0.51]"
G025_R389_C1142,G025_R389_C1143,0.25,TRUE,0.9390102284644614,"[0,0.26]"
G025_R380_C1132,G025_R389_C1144,3.75,FALSE,0.6841600411148439,"(1.51,Inf]"
G025_R380_C1133,G025_R389_C1144,3.553167600887974,FALSE,0.6734752952075175,"(1.51,Inf]"
G025_R380_C1134,G025_R389_C1144,3.3634060117684275,FALSE,0.6128453206030652,"(1.51,Inf]"
G025_R380_C1135,G025_R389_C1144,3.181980515339464,FALSE,0.5374143101962642,"(1.51,Inf]"
G025_R380_C1143,G025_R389_C1144,2.2638462845343543,FALSE,0.1009405576671416,"(1.51,Inf]"
G025_R380_C1144,G025_R389_C1144,2.25,FALSE,0.20679371658673318,"(1.51,Inf]"
G025_R380_C1145,G025_R389_C1144,2.2638462845343543,FALSE,0.06815798701650677,"(1.51,Inf]"
G025_R380_C1146,G025_R389_C1144,2.3048861143232218,FALSE,0.014275208934478768,"(1.51,Inf]"
G025_R380_C1147,G025_R389_C1144,2.3717082451262845,FALSE,-0.012314832666418384,"(1.51,Inf]"
G025_R381_C1132,G025_R389_C1144,3.605551275463989,FALSE,0.6989085284218438,"(1.51,Inf]"
G025_R381_C1133,G025_R389_C1144,3.400367627183861,FALSE,0.7254825411219408,"(1.51,Inf]"
G025_R381_C1134,G025_R389_C1144,3.2015621187164243,FALSE,0.7255699932125915,"(1.51,Inf]"
G025_R381_C1135,G025_R389_C1144,3.010398644698074,FALSE,0.7180049825652356,"(1.51,Inf]"
G025_R381_C1143,G025_R389_C1144,2.0155644370746373,FALSE,0.09255659710112125,"(1.51,Inf]"
G025_R381_C1144,G025_R389_C1144,2,FALSE,0.2781183824772362,"(1.51,Inf]"
G025_R381_C1145,G025_R389_C1144,2.0155644370746373,FALSE,0.13902211802268694,"(1.51,Inf]"
G025_R381_C1146,G025_R389_C1144,2.0615528128088303,FALSE,0.110162374779765,"(1.51,Inf]"
G025_R381_C1147,G025_R389_C1144,2.1360009363293826,FALSE,0.0763062864055408,"(1.51,Inf]"
G025_R382_C1132,G025_R389_C1144,3.473110997362451,FALSE,0.7298959438918332,"(1.51,Inf]"
G025_R382_C1133,G025_R389_C1144,3.2596012026013246,FALSE,0.7396097795021798,"(1.51,Inf]"
G025_R382_C1134,G025_R389_C1144,3.0516389039334255,FALSE,0.750896714593161,"(1.51,Inf]"
G025_R382_C1135,G025_R389_C1144,2.850438562747845,FALSE,0.7603747707132242,"(1.51,Inf]"
G025_R382_C1136,G025_R389_C1144,2.6575364531836625,FALSE,0.7366288886107658,"(1.51,Inf]"
G025_R382_C1138,G025_R389_C1144,2.3048861143232218,FALSE,0.06629887429188953,"(1.51,Inf]"
G025_R382_C1141,G025_R389_C1144,1.9039432764659772,FALSE,0.3345978708189284,"(1.51,Inf]"
G025_R382_C1143,G025_R389_C1144,1.7677669529663689,FALSE,0.1507804750791156,"(1.51,Inf]"
G025_R382_C1144,G025_R389_C1144,1.75,FALSE,0.18931459301618433,"(1.51,Inf]"
G025_R382_C1145,G025_R389_C1144,1.7677669529663689,FALSE,0.09462482413947718,"(1.51,Inf]"
G025_R382_C1146,G025_R389_C1144,1.8200274723201295,FALSE,-0.0035035369438282658,"(1.51,Inf]"
G025_R382_C1147,G025_R389_C1144,1.9039432764659772,FALSE,0.007790655901155249,"(1.51,Inf]"
G025_R383_C1132,G025_R389_C1144,3.3541019662496847,FALSE,0.7324115970734605,"(1.51,Inf]"
G025_R383_C1133,G025_R389_C1144,3.132491021535417,FALSE,0.7544447331318204,"(1.51,Inf]"
G025_R383_C1134,G025_R389_C1144,2.9154759474226504,FALSE,0.7603295219538954,"(1.51,Inf]"
G025_R383_C1135,G025_R389_C1144,2.704163456597992,FALSE,0.7699242459849419,"(1.51,Inf]"
G025_R383_C1136,G025_R389_C1144,2.5,FALSE,0.79956991517003,"(1.51,Inf]"
G025_R383_C1137,G025_R389_C1144,2.3048861143232218,FALSE,0.7632499015923012,"(1.51,Inf]"
G025_R383_C1139,G025_R389_C1144,1.9525624189766635,FALSE,0.7182319500495447,"(1.51,Inf]"
G025_R383_C1140,G025_R389_C1144,1.8027756377319946,FALSE,0.7527677032135167,"(1.51,Inf]"
G025_R383_C1141,G025_R389_C1144,1.6770509831248424,FALSE,0.6003170152176865,"(1.51,Inf]"
G025_R383_C1142,G025_R389_C1144,1.5811388300841898,FALSE,0.46848387078549963,"(1.51,Inf]"
G025_R383_C1143,G025_R389_C1144,1.5206906325745548,FALSE,0.1796139956631581,"(1.51,Inf]"
G025_R383_C1144,G025_R389_C1144,1.5,FALSE,-0.0295793845321163,"(1.01,1.51]"
G025_R383_C1145,G025_R389_C1144,1.5206906325745548,FALSE,-0.09129473737526807,"(1.51,Inf]"
G025_R383_C1146,G025_R389_C1144,1.5811388300841898,FALSE,-0.18438878890036736,"(1.51,Inf]"
G025_R383_C1147,G025_R389_C1144,1.6770509831248424,FALSE,-0.24882633807981586,"(1.51,Inf]"
G025_R384_C1132,G025_R389_C1144,3.25,FALSE,0.7258405951243659,"(1.51,Inf]"
G025_R384_C1133,G025_R389_C1144,3.020761493398643,FALSE,0.7321495319004079,"(1.51,Inf]"
G025_R384_C1134,G025_R389_C1144,2.7950849718747373,FALSE,0.7615395417073694,"(1.51,Inf]"
G025_R384_C1135,G025_R389_C1144,2.57390753524675,FALSE,0.7667955316136732,"(1.51,Inf]"
G025_R384_C1136,G025_R389_C1144,2.358495283014151,FALSE,0.8078601159573252,"(1.51,Inf]"
G025_R384_C1137,G025_R389_C1144,2.1505813167606567,FALSE,0.8070414903134107,"(1.51,Inf]"
G025_R384_C1138,G025_R389_C1144,1.9525624189766635,FALSE,0.7702909070021229,"(1.51,Inf]"
G025_R384_C1139,G025_R389_C1144,1.7677669529663689,FALSE,0.7967794232168667,"(1.51,Inf]"
G025_R384_C1140,G025_R389_C1144,1.6007810593582121,FALSE,0.7214002769087408,"(1.51,Inf]"
G025_R384_C1141,G025_R389_C1144,1.4577379737113252,FALSE,0.5573204173814997,"(1.01,1.51]"
G025_R384_C1142,G025_R389_C1144,1.346291201783626,FALSE,0.3448962129966721,"(1.01,1.51]"
G025_R385_C1132,G025_R389_C1144,3.1622776601683795,FALSE,0.7529644711881586,"(1.51,Inf]"
G025_R385_C1133,G025_R389_C1144,2.9261749776799064,FALSE,0.7580819999129789,"(1.51,Inf]"
G025_R385_C1134,G025_R389_C1144,2.692582403567252,FALSE,0.7708150780321222,"(1.51,Inf]"
G025_R385_C1135,G025_R389_C1144,2.462214450449026,FALSE,0.7975183014461278,"(1.51,Inf]"
G025_R385_C1136,G025_R389_C1144,2.23606797749979,FALSE,0.8203271834402152,"(1.51,Inf]"
G025_R385_C1137,G025_R389_C1144,2.0155644370746373,FALSE,0.7859962219317937,"(1.51,Inf]"
G025_R385_C1138,G025_R389_C1144,1.8027756377319946,FALSE,0.7833119491261508,"(1.51,Inf]"
G025_R385_C1139,G025_R389_C1144,1.6007810593582121,FALSE,0.7486537750080239,"(1.51,Inf]"
G025_R385_C1140,G025_R389_C1144,1.4142135623730951,FALSE,0.626509275404448,"(1.01,1.51]"
G025_R385_C1141,G025_R389_C1144,1.25,FALSE,0.4908669804867652,"(1.01,1.51]"
G025_R385_C1142,G025_R389_C1144,1.118033988749895,FALSE,0.3790311512527429,"(1.01,1.51]"
G025_R386_C1132,G025_R389_C1144,3.092329219213245,FALSE,0.7768364274517559,"(1.51,Inf]"
G025_R386_C1133,G025_R389_C1144,2.850438562747845,FALSE,0.7843920285831225,"(1.51,Inf]"
G025_R386_C1134,G025_R389_C1144,2.6100766272276377,FALSE,0.7907196701973058,"(1.51,Inf]"
G025_R386_C1135,G025_R389_C1144,2.3717082451262845,FALSE,0.8025124914525017,"(1.51,Inf]"
G025_R386_C1136,G025_R389_C1144,2.1360009363293826,FALSE,0.8195584736528145,"(1.51,Inf]"
G025_R386_C1137,G025_R389_C1144,1.9039432764659772,FALSE,0.7827821028351837,"(1.51,Inf]"
G025_R386_C1138,G025_R389_C1144,1.6770509831248424,FALSE,0.7625111327803682,"(1.51,Inf]"
G025_R386_C1139,G025_R389_C1144,1.4577379737113252,FALSE,0.657778639254509,"(1.01,1.51]"
G025_R386_C1141,G025_R389_C1144,1.0606601717798212,FALSE,0.5490126071904353,"(1.01,1.51]"
G025_R387_C1132,G025_R389_C1144,3.0413812651491097,FALSE,0.761014933818997,"(1.51,Inf]"
G025_R387_C1133,G025_R389_C1144,2.7950849718747373,FALSE,0.7601982000934584,"(1.51,Inf]"
G025_R387_C1134,G025_R389_C1144,2.5495097567963922,FALSE,0.7730718787066314,"(1.51,Inf]"
G025_R387_C1135,G025_R389_C1144,2.3048861143232218,FALSE,0.7919152310788119,"(1.51,Inf]"
G025_R387_C1136,G025_R389_C1144,2.0615528128088303,FALSE,0.8039105026456128,"(1.51,Inf]"
G025_R387_C1137,G025_R389_C1144,1.8200274723201295,FALSE,0.7773583821379398,"(1.51,Inf]"
G025_R387_C1138,G025_R389_C1144,1.5811388300841898,FALSE,0.7527658590094993,"(1.51,Inf]"
G025_R387_C1139,G025_R389_C1144,1.346291201783626,FALSE,0.7190926602521143,"(1.01,1.51]"
G025_R387_C1140,G025_R389_C1144,1.118033988749895,FALSE,0.7151927142549398,"(1.01,1.51]"
G025_R387_C1141,G025_R389_C1144,0.9013878188659973,FALSE,0.657518024292637,"(0.76,1.01]"
G025_R387_C1142,G025_R389_C1144,0.7071067811865476,FALSE,0.4811177488337707,"(0.51,0.76]"
G025_R387_C1143,G025_R389_C1144,0.5590169943749475,FALSE,0.520651046218081,"(0.51,0.76]"
G025_R388_C1132,G025_R389_C1144,3.010398644698074,FALSE,0.7481336977714708,"(1.51,Inf]"
G025_R388_C1133,G025_R389_C1144,2.7613402542968153,FALSE,0.7480823444864108,"(1.51,Inf]"
G025_R388_C1134,G025_R389_C1144,2.5124689052802225,FALSE,0.7489914962021799,"(1.51,Inf]"
G025_R388_C1135,G025_R389_C1144,2.2638462845343543,FALSE,0.7692207450988139,"(1.51,Inf]"
G025_R388_C1136,G025_R389_C1144,2.0155644370746373,FALSE,0.7811717694353797,"(1.51,Inf]"
G025_R388_C1137,G025_R389_C1144,1.7677669529663689,FALSE,0.7722316062335852,"(1.51,Inf]"
G025_R388_C1138,G025_R389_C1144,1.5206906325745548,FALSE,0.7535909099958084,"(1.51,Inf]"
G025_R388_C1139,G025_R389_C1144,1.2747548783981961,FALSE,0.757961737351756,"(1.01,1.51]"
G025_R388_C1140,G025_R389_C1144,1.0307764064044151,FALSE,0.7390832123492193,"(1.01,1.51]"
G025_R388_C1141,G025_R389_C1144,0.7905694150420949,FALSE,0.8072718496447692,"(0.76,1.01]"
G025_R388_C1142,G025_R389_C1144,0.5590169943749475,FALSE,0.8399223885315659,"(0.51,0.76]"
G025_R388_C1143,G025_R389_C1144,0.3535533905932738,FALSE,0.8794064662106916,"(0.26,0.51]"
G025_R388_C1144,G025_R389_C1144,0.25,TRUE,0.852783100472203,"[0,0.26]"
G025_R388_C1145,G025_R389_C1144,0.3535533905932738,FALSE,0.6754770308973883,"(0.26,0.51]"
G025_R389_C1132,G025_R389_C1144,3,FALSE,0.7386636156617268,"(1.51,Inf]"
G025_R389_C1133,G025_R389_C1144,2.75,FALSE,0.7229845568890388,"(1.51,Inf]"
G025_R389_C1134,G025_R389_C1144,2.5,FALSE,0.732220701171481,"(1.51,Inf]"
G025_R389_C1135,G025_R389_C1144,2.25,FALSE,0.7437154788522093,"(1.51,Inf]"
G025_R389_C1136,G025_R389_C1144,2,FALSE,0.7425930203874574,"(1.51,Inf]"
G025_R389_C1137,G025_R389_C1144,1.75,FALSE,0.7496637716734474,"(1.51,Inf]"
G025_R389_C1138,G025_R389_C1144,1.5,FALSE,0.7195507060671015,"(1.01,1.51]"
G025_R389_C1139,G025_R389_C1144,1.25,FALSE,0.7243867139790017,"(1.01,1.51]"
G025_R389_C1140,G025_R389_C1144,1,FALSE,0.7525626115987729,"(0.76,1.01]"
G025_R389_C1141,G025_R389_C1144,0.75,FALSE,0.7944698862809803,"(0.51,0.76]"
G025_R389_C1142,G025_R389_C1144,0.5,FALSE,0.8562547310019619,"(0.26,0.51]"
G025_R389_C1143,G025_R389_C1144,0.25,TRUE,0.9218537034102147,"[0,0.26]"
G025_R380_C1132,G025_R389_C1145,3.952847075210474,FALSE,0.6001816095246608,"(1.51,Inf]"
G025_R380_C1133,G025_R389_C1145,3.75,FALSE,0.5816952542691949,"(1.51,Inf]"
G025_R380_C1134,G025_R389_C1145,3.553167600887974,FALSE,0.5439274846199317,"(1.51,Inf]"
G025_R380_C1135,G025_R389_C1145,3.3634060117684275,FALSE,0.49273660013173776,"(1.51,Inf]"
G025_R380_C1143,G025_R389_C1145,2.3048861143232218,FALSE,0.06431852570291459,"(1.51,Inf]"
G025_R380_C1144,G025_R389_C1145,2.2638462845343543,FALSE,0.19454336972256886,"(1.51,Inf]"
G025_R380_C1145,G025_R389_C1145,2.25,FALSE,0.06319864690446847,"(1.51,Inf]"
G025_R380_C1146,G025_R389_C1145,2.2638462845343543,FALSE,0.07010063612757256,"(1.51,Inf]"
G025_R380_C1147,G025_R389_C1145,2.3048861143232218,FALSE,0.023132724684145362,"(1.51,Inf]"
G025_R381_C1132,G025_R389_C1145,3.816084380618437,FALSE,0.6245436301825994,"(1.51,Inf]"
G025_R381_C1133,G025_R389_C1145,3.605551275463989,FALSE,0.6360719903814137,"(1.51,Inf]"
G025_R381_C1134,G025_R389_C1145,3.400367627183861,FALSE,0.6304575898068374,"(1.51,Inf]"
G025_R381_C1135,G025_R389_C1145,3.2015621187164243,FALSE,0.6370055658036746,"(1.51,Inf]"
G025_R381_C1143,G025_R389_C1145,2.0615528128088303,FALSE,0.07322511937885125,"(1.51,Inf]"
G025_R381_C1144,G025_R389_C1145,2.0155644370746373,FALSE,0.2818094051312178,"(1.51,Inf]"
G025_R381_C1145,G025_R389_C1145,2,FALSE,0.139331821129451,"(1.51,Inf]"
G025_R381_C1146,G025_R389_C1145,2.0155644370746373,FALSE,0.1406855967304268,"(1.51,Inf]"
G025_R381_C1147,G025_R389_C1145,2.0615528128088303,FALSE,0.07386789089324129,"(1.51,Inf]"
G025_R382_C1132,G025_R389_C1145,3.69120576505835,FALSE,0.6448367324911308,"(1.51,Inf]"
G025_R382_C1133,G025_R389_C1145,3.473110997362451,FALSE,0.6606788965396578,"(1.51,Inf]"
G025_R382_C1134,G025_R389_C1145,3.2596012026013246,FALSE,0.6615576436060298,"(1.51,Inf]"
G025_R382_C1135,G025_R389_C1145,3.0516389039334255,FALSE,0.6532259425059563,"(1.51,Inf]"
G025_R382_C1136,G025_R389_C1145,2.850438562747845,FALSE,0.6502189772806277,"(1.51,Inf]"
G025_R382_C1138,G025_R389_C1145,2.4748737341529163,FALSE,0.06911898520436612,"(1.51,Inf]"
G025_R382_C1141,G025_R389_C1145,2.0155644370746373,FALSE,0.31054698887149756,"(1.51,Inf]"
G025_R382_C1143,G025_R389_C1145,1.8200274723201295,FALSE,0.07969747967804297,"(1.51,Inf]"
G025_R382_C1144,G025_R389_C1145,1.7677669529663689,FALSE,0.08519571208235782,"(1.51,Inf]"
G025_R382_C1145,G025_R389_C1145,1.75,FALSE,0.03308930848113512,"(1.51,Inf]"
G025_R382_C1146,G025_R389_C1145,1.7677669529663689,FALSE,-0.024097944249803133,"(1.51,Inf]"
G025_R382_C1147,G025_R389_C1145,1.8200274723201295,FALSE,0.006543401669842563,"(1.51,Inf]"
G025_R383_C1132,G025_R389_C1145,3.5794552658190883,FALSE,0.6301127443262412,"(1.51,Inf]"
G025_R383_C1133,G025_R389_C1145,3.3541019662496847,FALSE,0.6722575978015416,"(1.51,Inf]"
G025_R383_C1134,G025_R389_C1145,3.132491021535417,FALSE,0.6729376625188224,"(1.51,Inf]"
G025_R383_C1135,G025_R389_C1145,2.9154759474226504,FALSE,0.6624732010796951,"(1.51,Inf]"
G025_R383_C1136,G025_R389_C1145,2.704163456597992,FALSE,0.6945051215024057,"(1.51,Inf]"
G025_R383_C1137,G025_R389_C1145,2.5,FALSE,0.6974704228548557,"(1.51,Inf]"
G025_R383_C1139,G025_R389_C1145,2.1213203435596424,FALSE,0.6262435695121515,"(1.51,Inf]"
G025_R383_C1140,G025_R389_C1145,1.9525624189766635,FALSE,0.6565399551425928,"(1.51,Inf]"
G025_R383_C1141,G025_R389_C1145,1.8027756377319946,FALSE,0.5379885470369871,"(1.51,Inf]"
G025_R383_C1142,G025_R389_C1145,1.6770509831248424,FALSE,0.4287087233320318,"(1.51,Inf]"
G025_R383_C1143,G025_R389_C1145,1.5811388300841898,FALSE,0.10750271639534242,"(1.51,Inf]"
G025_R383_C1144,G025_R389_C1145,1.5206906325745548,FALSE,-0.09372077690473513,"(1.51,Inf]"
G025_R383_C1145,G025_R389_C1145,1.5,FALSE,-0.08045556098390876,"(1.01,1.51]"
G025_R383_C1146,G025_R389_C1145,1.5206906325745548,FALSE,-0.1948860989915969,"(1.51,Inf]"
G025_R383_C1147,G025_R389_C1145,1.5811388300841898,FALSE,-0.22184318546863138,"(1.51,Inf]"
G025_R384_C1132,G025_R389_C1145,3.48209706929603,FALSE,0.6244035054765882,"(1.51,Inf]"
G025_R384_C1133,G025_R389_C1145,3.25,FALSE,0.6237767499283929,"(1.51,Inf]"
G025_R384_C1134,G025_R389_C1145,3.020761493398643,FALSE,0.644413392242273,"(1.51,Inf]"
G025_R384_C1135,G025_R389_C1145,2.7950849718747373,FALSE,0.6496121738856231,"(1.51,Inf]"
G025_R384_C1136,G025_R389_C1145,2.57390753524675,FALSE,0.692478641586752,"(1.51,Inf]"
G025_R384_C1137,G025_R389_C1145,2.358495283014151,FALSE,0.6893987110358302,"(1.51,Inf]"
G025_R384_C1138,G025_R389_C1145,2.1505813167606567,FALSE,0.6617025376640507,"(1.51,Inf]"
G025_R384_C1139,G025_R389_C1145,1.9525624189766635,FALSE,0.685378724388768,"(1.51,Inf]"
G025_R384_C1140,G025_R389_C1145,1.7677669529663689,FALSE,0.6044575930701437,"(1.51,Inf]"
G025_R384_C1141,G025_R389_C1145,1.6007810593582121,FALSE,0.45073351595436034,"(1.51,Inf]"
G025_R384_C1142,G025_R389_C1145,1.4577379737113252,FALSE,0.3281871762270155,"(1.01,1.51]"
G025_R385_C1132,G025_R389_C1145,3.400367627183861,FALSE,0.6334888514481906,"(1.51,Inf]"
G025_R385_C1133,G025_R389_C1145,3.1622776601683795,FALSE,0.6347482036599471,"(1.51,Inf]"
G025_R385_C1134,G025_R389_C1145,2.9261749776799064,FALSE,0.6460892704796217,"(1.51,Inf]"
G025_R385_C1135,G025_R389_C1145,2.692582403567252,FALSE,0.6711067067765897,"(1.51,Inf]"
G025_R385_C1136,G025_R389_C1145,2.462214450449026,FALSE,0.7053744889874105,"(1.51,Inf]"
G025_R385_C1137,G025_R389_C1145,2.23606797749979,FALSE,0.688772235049455,"(1.51,Inf]"
G025_R385_C1138,G025_R389_C1145,2.0155644370746373,FALSE,0.689058930723714,"(1.51,Inf]"
G025_R385_C1139,G025_R389_C1145,1.8027756377319946,FALSE,0.6478191429269567,"(1.51,Inf]"
G025_R385_C1140,G025_R389_C1145,1.6007810593582121,FALSE,0.5365860186796931,"(1.51,Inf]"
G025_R385_C1141,G025_R389_C1145,1.4142135623730951,FALSE,0.4144826688075863,"(1.01,1.51]"
G025_R385_C1142,G025_R389_C1145,1.25,FALSE,0.40040306805070003,"(1.01,1.51]"
G025_R386_C1132,G025_R389_C1145,3.3354160160315836,FALSE,0.6452393505662292,"(1.51,Inf]"
G025_R386_C1133,G025_R389_C1145,3.092329219213245,FALSE,0.6707492359156586,"(1.51,Inf]"
G025_R386_C1134,G025_R389_C1145,2.850438562747845,FALSE,0.672576296477033,"(1.51,Inf]"
G025_R386_C1135,G025_R389_C1145,2.6100766272276377,FALSE,0.6730126890592603,"(1.51,Inf]"
G025_R386_C1136,G025_R389_C1145,2.3717082451262845,FALSE,0.6950038451211785,"(1.51,Inf]"
G025_R386_C1137,G025_R389_C1145,2.1360009363293826,FALSE,0.6701585916739392,"(1.51,Inf]"
G025_R386_C1138,G025_R389_C1145,1.9039432764659772,FALSE,0.6607612483448093,"(1.51,Inf]"
G025_R386_C1139,G025_R389_C1145,1.6770509831248424,FALSE,0.5636462537382113,"(1.51,Inf]"
G025_R386_C1141,G025_R389_C1145,1.25,FALSE,0.49280248196473375,"(1.01,1.51]"
G025_R387_C1132,G025_R389_C1145,3.2882366094914763,FALSE,0.6245810601584733,"(1.51,Inf]"
G025_R387_C1133,G025_R389_C1145,3.0413812651491097,FALSE,0.6417704777375203,"(1.51,Inf]"
G025_R387_C1134,G025_R389_C1145,2.7950849718747373,FALSE,0.6529045222810117,"(1.51,Inf]"
G025_R387_C1135,G025_R389_C1145,2.5495097567963922,FALSE,0.6815221629025712,"(1.51,Inf]"
G025_R387_C1136,G025_R389_C1145,2.3048861143232218,FALSE,0.6744524836518523,"(1.51,Inf]"
G025_R387_C1137,G025_R389_C1145,2.0615528128088303,FALSE,0.6687179065166531,"(1.51,Inf]"
G025_R387_C1138,G025_R389_C1145,1.8200274723201295,FALSE,0.6366855730327913,"(1.51,Inf]"
G025_R387_C1139,G025_R389_C1145,1.5811388300841898,FALSE,0.6106497694961764,"(1.51,Inf]"
G025_R387_C1140,G025_R389_C1145,1.346291201783626,FALSE,0.6357987104839682,"(1.01,1.51]"
G025_R387_C1141,G025_R389_C1145,1.118033988749895,FALSE,0.6334234064513695,"(1.01,1.51]"
G025_R387_C1142,G025_R389_C1145,0.9013878188659973,FALSE,0.5097455017949607,"(0.76,1.01]"
G025_R387_C1143,G025_R389_C1145,0.7071067811865476,FALSE,0.5559910076496055,"(0.51,0.76]"
G025_R388_C1132,G025_R389_C1145,3.2596012026013246,FALSE,0.6153958081459227,"(1.51,Inf]"
G025_R388_C1133,G025_R389_C1145,3.010398644698074,FALSE,0.6209209841643047,"(1.51,Inf]"
G025_R388_C1134,G025_R389_C1145,2.7613402542968153,FALSE,0.6215754764579274,"(1.51,Inf]"
G025_R388_C1135,G025_R389_C1145,2.5124689052802225,FALSE,0.6327743873346183,"(1.51,Inf]"
G025_R388_C1136,G025_R389_C1145,2.2638462845343543,FALSE,0.6278009406305664,"(1.51,Inf]"
G025_R388_C1137,G025_R389_C1145,2.0155644370746373,FALSE,0.6372467257439607,"(1.51,Inf]"
G025_R388_C1138,G025_R389_C1145,1.7677669529663689,FALSE,0.617874453742234,"(1.51,Inf]"
G025_R388_C1139,G025_R389_C1145,1.5206906325745548,FALSE,0.6265263692430739,"(1.51,Inf]"
G025_R388_C1140,G025_R389_C1145,1.2747548783981961,FALSE,0.5889406292673954,"(1.01,1.51]"
G025_R388_C1141,G025_R389_C1145,1.0307764064044151,FALSE,0.6323712433641315,"(1.01,1.51]"
G025_R388_C1142,G025_R389_C1145,0.7905694150420949,FALSE,0.6545441281584393,"(0.76,1.01]"
G025_R388_C1143,G025_R389_C1145,0.5590169943749475,FALSE,0.6905987811429132,"(0.51,0.76]"
G025_R388_C1144,G025_R389_C1145,0.3535533905932738,FALSE,0.7413071662226145,"(0.26,0.51]"
G025_R388_C1145,G025_R389_C1145,0.25,TRUE,0.7272696255898493,"[0,0.26]"
G025_R389_C1132,G025_R389_C1145,3.25,FALSE,0.6130119839864036,"(1.51,Inf]"
G025_R389_C1133,G025_R389_C1145,3,FALSE,0.6021401498836881,"(1.51,Inf]"
G025_R389_C1134,G025_R389_C1145,2.75,FALSE,0.6106298143777463,"(1.51,Inf]"
G025_R389_C1135,G025_R389_C1145,2.5,FALSE,0.6279408782195061,"(1.51,Inf]"
G025_R389_C1136,G025_R389_C1145,2.25,FALSE,0.6177161702467234,"(1.51,Inf]"
G025_R389_C1137,G025_R389_C1145,2,FALSE,0.6114775438524215,"(1.51,Inf]"
G025_R389_C1138,G025_R389_C1145,1.75,FALSE,0.5766825030528,"(1.51,Inf]"
G025_R389_C1139,G025_R389_C1145,1.5,FALSE,0.5869238448139042,"(1.01,1.51]"
G025_R389_C1140,G025_R389_C1145,1.25,FALSE,0.591043240575397,"(1.01,1.51]"
G025_R389_C1141,G025_R389_C1145,1,FALSE,0.6156618414981851,"(0.76,1.01]"
G025_R389_C1142,G025_R389_C1145,0.75,FALSE,0.6805913879194382,"(0.51,0.76]"
G025_R389_C1143,G025_R389_C1145,0.5,FALSE,0.7200879583104933,"(0.26,0.51]"
G025_R389_C1144,G025_R389_C1145,0.25,TRUE,0.8240412322570575,"[0,0.26]"
G025_R380_C1132,G025_R390_C1132,2.5,FALSE,0.7388899162405026,"(1.51,Inf]"
G025_R380_C1133,G025_R390_C1132,2.5124689052802225,FALSE,0.7339388099224337,"(1.51,Inf]"
G025_R380_C1134,G025_R390_C1132,2.5495097567963922,FALSE,0.6842895547280394,"(1.51,Inf]"
G025_R380_C1135,G025_R390_C1132,2.6100766272276377,FALSE,0.6267143408641793,"(1.51,Inf]"
G025_R380_C1143,G025_R390_C1132,3.7165171868296265,FALSE,0.0719946238727468,"(1.51,Inf]"
G025_R380_C1144,G025_R390_C1132,3.905124837953327,FALSE,0.20558501327105544,"(1.51,Inf]"
G025_R380_C1145,G025_R390_C1132,4.100304866714182,FALSE,0.05468504680286421,"(1.51,Inf]"
G025_R380_C1146,G025_R390_C1132,4.301162633521313,FALSE,-0.02947886645924147,"(1.51,Inf]"
G025_R380_C1147,G025_R390_C1132,4.5069390943299865,FALSE,-0.02438068429370761,"(1.51,Inf]"
G025_R381_C1132,G025_R390_C1132,2.25,FALSE,0.7498899429935971,"(1.51,Inf]"
G025_R381_C1133,G025_R390_C1132,2.2638462845343543,FALSE,0.7540917835535881,"(1.51,Inf]"
G025_R381_C1134,G025_R390_C1132,2.3048861143232218,FALSE,0.7505906958664268,"(1.51,Inf]"
G025_R381_C1135,G025_R390_C1132,2.3717082451262845,FALSE,0.7406379524932433,"(1.51,Inf]"
G025_R381_C1143,G025_R390_C1132,3.553167600887974,FALSE,0.09200998890000388,"(1.51,Inf]"
G025_R381_C1144,G025_R390_C1132,3.75,FALSE,0.2254390124280188,"(1.51,Inf]"
G025_R381_C1145,G025_R390_C1132,3.952847075210474,FALSE,0.11481509028162493,"(1.51,Inf]"
G025_R381_C1146,G025_R390_C1132,4.16082924427331,FALSE,0.03186991635465248,"(1.51,Inf]"
G025_R381_C1147,G025_R390_C1132,4.373213921133975,FALSE,-0.024092112658566516,"(1.51,Inf]"
G025_R382_C1132,G025_R390_C1132,2,FALSE,0.7447072023002187,"(1.51,Inf]"
G025_R382_C1133,G025_R390_C1132,2.0155644370746373,FALSE,0.7541639946877252,"(1.51,Inf]"
G025_R382_C1134,G025_R390_C1132,2.0615528128088303,FALSE,0.7723072955314234,"(1.51,Inf]"
G025_R382_C1135,G025_R390_C1132,2.1360009363293826,FALSE,0.7602016166386697,"(1.51,Inf]"
G025_R382_C1136,G025_R390_C1132,2.23606797749979,FALSE,0.7245542433340378,"(1.51,Inf]"
G025_R382_C1138,G025_R390_C1132,2.5,FALSE,0.19465278274622472,"(1.51,Inf]"
G025_R382_C1141,G025_R390_C1132,3.010398644698074,FALSE,0.3107808556167138,"(1.51,Inf]"
G025_R382_C1143,G025_R390_C1132,3.400367627183861,FALSE,0.08856974280141361,"(1.51,Inf]"
G025_R382_C1144,G025_R390_C1132,3.605551275463989,FALSE,0.03681691150908095,"(1.51,Inf]"
G025_R382_C1145,G025_R390_C1132,3.816084380618437,FALSE,-0.06698939727649955,"(1.51,Inf]"
G025_R382_C1146,G025_R390_C1132,4.031128874149275,FALSE,-0.12561320105009408,"(1.51,Inf]"
G025_R382_C1147,G025_R390_C1132,4.25,FALSE,-0.12967250440198017,"(1.51,Inf]"
G025_R383_C1132,G025_R390_C1132,1.75,FALSE,0.7402955128952242,"(1.51,Inf]"
G025_R383_C1133,G025_R390_C1132,1.7677669529663689,FALSE,0.7735390741042286,"(1.51,Inf]"
G025_R383_C1134,G025_R390_C1132,1.8200274723201295,FALSE,0.7715962089632608,"(1.51,Inf]"
G025_R383_C1135,G025_R390_C1132,1.9039432764659772,FALSE,0.7602485692674276,"(1.51,Inf]"
G025_R383_C1136,G025_R390_C1132,2.0155644370746373,FALSE,0.75794425763831,"(1.51,Inf]"
G025_R383_C1137,G025_R390_C1132,2.1505813167606567,FALSE,0.7217101377181222,"(1.51,Inf]"
G025_R383_C1139,G025_R390_C1132,2.4748737341529163,FALSE,0.7283058498659881,"(1.51,Inf]"
G025_R383_C1140,G025_R390_C1132,2.6575364531836625,FALSE,0.7630221336519432,"(1.51,Inf]"
G025_R383_C1141,G025_R390_C1132,2.850438562747845,FALSE,0.6337620000945451,"(1.51,Inf]"
G025_R383_C1142,G025_R390_C1132,3.0516389039334255,FALSE,0.47518493917209137,"(1.51,Inf]"
G025_R383_C1143,G025_R390_C1132,3.2596012026013246,FALSE,0.18221918225912948,"(1.51,Inf]"
G025_R383_C1144,G025_R390_C1132,3.473110997362451,FALSE,-0.044069826910927555,"(1.51,Inf]"
G025_R383_C1145,G025_R390_C1132,3.69120576505835,FALSE,-0.012748618949906945,"(1.51,Inf]"
G025_R383_C1146,G025_R390_C1132,3.913118960624632,FALSE,-0.17570184556022841,"(1.51,Inf]"
G025_R383_C1147,G025_R390_C1132,4.138236339311712,FALSE,-0.3173461320314736,"(1.51,Inf]"
G025_R384_C1132,G025_R390_C1132,1.5,FALSE,0.7266605466453601,"(1.01,1.51]"
G025_R384_C1133,G025_R390_C1132,1.5206906325745548,FALSE,0.7454697186612543,"(1.51,Inf]"
G025_R384_C1134,G025_R390_C1132,1.5811388300841898,FALSE,0.7640389507643776,"(1.51,Inf]"
G025_R384_C1135,G025_R390_C1132,1.6770509831248424,FALSE,0.7504452796469805,"(1.51,Inf]"
G025_R384_C1136,G025_R390_C1132,1.8027756377319946,FALSE,0.7780520393226237,"(1.51,Inf]"
G025_R384_C1137,G025_R390_C1132,1.9525624189766635,FALSE,0.7734290763770446,"(1.51,Inf]"
G025_R384_C1138,G025_R390_C1132,2.1213203435596424,FALSE,0.7714334105897439,"(1.51,Inf]"
G025_R384_C1139,G025_R390_C1132,2.3048861143232218,FALSE,0.7732065472125224,"(1.51,Inf]"
G025_R384_C1140,G025_R390_C1132,2.5,FALSE,0.7181146309164462,"(1.51,Inf]"
G025_R384_C1141,G025_R390_C1132,2.704163456597992,FALSE,0.6115706282535428,"(1.51,Inf]"
G025_R384_C1142,G025_R390_C1132,2.9154759474226504,FALSE,0.38285426421130375,"(1.51,Inf]"
G025_R385_C1132,G025_R390_C1132,1.25,FALSE,0.7390205750524319,"(1.01,1.51]"
G025_R385_C1133,G025_R390_C1132,1.2747548783981961,FALSE,0.7410732743264581,"(1.01,1.51]"
G025_R385_C1134,G025_R390_C1132,1.346291201783626,FALSE,0.754702050064883,"(1.01,1.51]"
G025_R385_C1135,G025_R390_C1132,1.4577379737113252,FALSE,0.7698950668879212,"(1.01,1.51]"
G025_R385_C1136,G025_R390_C1132,1.6007810593582121,FALSE,0.7855736367323152,"(1.51,Inf]"
G025_R385_C1137,G025_R390_C1132,1.7677669529663689,FALSE,0.7909660169208612,"(1.51,Inf]"
G025_R385_C1138,G025_R390_C1132,1.9525624189766635,FALSE,0.7862398486045188,"(1.51,Inf]"
G025_R385_C1139,G025_R390_C1132,2.1505813167606567,FALSE,0.7595266800439734,"(1.51,Inf]"
G025_R385_C1140,G025_R390_C1132,2.358495283014151,FALSE,0.6510736741503046,"(1.51,Inf]"
G025_R385_C1141,G025_R390_C1132,2.57390753524675,FALSE,0.5289260554744404,"(1.51,Inf]"
G025_R385_C1142,G025_R390_C1132,2.7950849718747373,FALSE,0.44359624035025447,"(1.51,Inf]"
G025_R386_C1132,G025_R390_C1132,1,FALSE,0.7513855712342992,"(0.76,1.01]"
G025_R386_C1133,G025_R390_C1132,1.0307764064044151,FALSE,0.7636148167315673,"(1.01,1.51]"
G025_R386_C1134,G025_R390_C1132,1.118033988749895,FALSE,0.7591434472706177,"(1.01,1.51]"
G025_R386_C1135,G025_R390_C1132,1.25,FALSE,0.7724884572978086,"(1.01,1.51]"
G025_R386_C1136,G025_R390_C1132,1.4142135623730951,FALSE,0.7896233917099731,"(1.01,1.51]"
G025_R386_C1137,G025_R390_C1132,1.6007810593582121,FALSE,0.7962354804820638,"(1.51,Inf]"
G025_R386_C1138,G025_R390_C1132,1.8027756377319946,FALSE,0.7450470985888678,"(1.51,Inf]"
G025_R386_C1139,G025_R390_C1132,2.0155644370746373,FALSE,0.6887441042989675,"(1.51,Inf]"
G025_R386_C1141,G025_R390_C1132,2.462214450449026,FALSE,0.5784402679826866,"(1.51,Inf]"
G025_R387_C1132,G025_R390_C1132,0.75,FALSE,0.8005253552358256,"(0.51,0.76]"
G025_R387_C1133,G025_R390_C1132,0.7905694150420949,FALSE,0.7969081323249578,"(0.76,1.01]"
G025_R387_C1134,G025_R390_C1132,0.9013878188659973,FALSE,0.7904073818399804,"(0.76,1.01]"
G025_R387_C1135,G025_R390_C1132,1.0606601717798212,FALSE,0.7908595013050391,"(1.01,1.51]"
G025_R387_C1136,G025_R390_C1132,1.25,FALSE,0.7896053724061382,"(1.01,1.51]"
G025_R387_C1137,G025_R390_C1132,1.4577379737113252,FALSE,0.7868602530380877,"(1.01,1.51]"
G025_R387_C1138,G025_R390_C1132,1.6770509831248424,FALSE,0.76657595512257,"(1.51,Inf]"
G025_R387_C1139,G025_R390_C1132,1.9039432764659772,FALSE,0.7293996963895598,"(1.51,Inf]"
G025_R387_C1140,G025_R390_C1132,2.1360009363293826,FALSE,0.6924919755759843,"(1.51,Inf]"
G025_R387_C1141,G025_R390_C1132,2.3717082451262845,FALSE,0.6121981401535979,"(1.51,Inf]"
G025_R387_C1142,G025_R390_C1132,2.6100766272276377,FALSE,0.4494745334601335,"(1.51,Inf]"
G025_R387_C1143,G025_R390_C1132,2.850438562747845,FALSE,0.44767775516663166,"(1.51,Inf]"
G025_R388_C1132,G025_R390_C1132,0.5,FALSE,0.8692898737011394,"(0.26,0.51]"
G025_R388_C1133,G025_R390_C1132,0.5590169943749475,FALSE,0.8506060600741475,"(0.51,0.76]"
G025_R388_C1134,G025_R390_C1132,0.7071067811865476,FALSE,0.8363120433100818,"(0.51,0.76]"
G025_R388_C1135,G025_R390_C1132,0.9013878188659973,FALSE,0.8246464520644428,"(0.76,1.01]"
G025_R388_C1136,G025_R390_C1132,1.118033988749895,FALSE,0.8106076563793466,"(1.01,1.51]"
G025_R388_C1137,G025_R390_C1132,1.346291201783626,FALSE,0.7972746829524489,"(1.01,1.51]"
G025_R388_C1138,G025_R390_C1132,1.5811388300841898,FALSE,0.7737912085518596,"(1.51,Inf]"
G025_R388_C1139,G025_R390_C1132,1.8200274723201295,FALSE,0.7574989212171931,"(1.51,Inf]"
G025_R388_C1140,G025_R390_C1132,2.0615528128088303,FALSE,0.7177511342844989,"(1.51,Inf]"
G025_R388_C1141,G025_R390_C1132,2.3048861143232218,FALSE,0.7314036672097932,"(1.51,Inf]"
G025_R388_C1142,G025_R390_C1132,2.5495097567963922,FALSE,0.7372987765276007,"(1.51,Inf]"
G025_R388_C1143,G025_R390_C1132,2.7950849718747373,FALSE,0.7037134482285453,"(1.51,Inf]"
G025_R388_C1144,G025_R390_C1132,3.0413812651491097,FALSE,0.7180008235706006,"(1.51,Inf]"
G025_R388_C1145,G025_R390_C1132,3.2882366094914763,FALSE,0.5858032617989476,"(1.51,Inf]"
G025_R389_C1132,G025_R390_C1132,0.25,TRUE,0.9124719237497229,"[0,0.26]"
G025_R389_C1133,G025_R390_C1132,0.3535533905932738,FALSE,0.8947653996615632,"(0.26,0.51]"
G025_R389_C1134,G025_R390_C1132,0.5590169943749475,FALSE,0.8760213224851091,"(0.51,0.76]"
G025_R389_C1135,G025_R390_C1132,0.7905694150420949,FALSE,0.8739222473065502,"(0.76,1.01]"
G025_R389_C1136,G025_R390_C1132,1.0307764064044151,FALSE,0.854523809694543,"(1.01,1.51]"
G025_R389_C1137,G025_R390_C1132,1.2747548783981961,FALSE,0.8320859781591623,"(1.01,1.51]"
G025_R389_C1138,G025_R390_C1132,1.5206906325745548,FALSE,0.7897973682000804,"(1.51,Inf]"
G025_R389_C1139,G025_R390_C1132,1.7677669529663689,FALSE,0.7648974775939934,"(1.51,Inf]"
G025_R389_C1140,G025_R390_C1132,2.0155644370746373,FALSE,0.7184454254179571,"(1.51,Inf]"
G025_R389_C1141,G025_R390_C1132,2.2638462845343543,FALSE,0.6945918708473436,"(1.51,Inf]"
G025_R389_C1142,G025_R390_C1132,2.5124689052802225,FALSE,0.6946585135151093,"(1.51,Inf]"
G025_R389_C1143,G025_R390_C1132,2.7613402542968153,FALSE,0.6884650699775083,"(1.51,Inf]"
G025_R389_C1144,G025_R390_C1132,3.010398644698074,FALSE,0.7282071370364027,"(1.51,Inf]"
G025_R389_C1145,G025_R390_C1132,3.2596012026013246,FALSE,0.5915705422000512,"(1.51,Inf]"
G025_R380_C1132,G025_R390_C1133,2.5124689052802225,FALSE,0.7268032397983146,"(1.51,Inf]"
G025_R380_C1133,G025_R390_C1133,2.5,FALSE,0.7159585492650707,"(1.51,Inf]"
G025_R380_C1134,G025_R390_C1133,2.5124689052802225,FALSE,0.6707748998921267,"(1.51,Inf]"
G025_R380_C1135,G025_R390_C1133,2.5495097567963922,FALSE,0.6231141576697213,"(1.51,Inf]"
G025_R380_C1143,G025_R390_C1133,3.5355339059327378,FALSE,0.0533488886933548,"(1.51,Inf]"
G025_R380_C1144,G025_R390_C1133,3.7165171868296265,FALSE,0.22743360482516958,"(1.51,Inf]"
G025_R380_C1145,G025_R390_C1133,3.905124837953327,FALSE,0.06087591204163101,"(1.51,Inf]"
G025_R380_C1146,G025_R390_C1133,4.100304866714182,FALSE,-0.05384320442727184,"(1.51,Inf]"
G025_R380_C1147,G025_R390_C1133,4.301162633521313,FALSE,-0.061923114483375785,"(1.51,Inf]"
G025_R381_C1132,G025_R390_C1133,2.2638462845343543,FALSE,0.7506460633560494,"(1.51,Inf]"
G025_R381_C1133,G025_R390_C1133,2.25,FALSE,0.7457414380196131,"(1.51,Inf]"
G025_R381_C1134,G025_R390_C1133,2.2638462845343543,FALSE,0.7328315453423594,"(1.51,Inf]"
G025_R381_C1135,G025_R390_C1133,2.3048861143232218,FALSE,0.74651344173797,"(1.51,Inf]"
G025_R381_C1143,G025_R390_C1133,3.3634060117684275,FALSE,0.09336678932007186,"(1.51,Inf]"
G025_R381_C1144,G025_R390_C1133,3.553167600887974,FALSE,0.25573154707389834,"(1.51,Inf]"
G025_R381_C1145,G025_R390_C1133,3.75,FALSE,0.12433989049646013,"(1.51,Inf]"
G025_R381_C1146,G025_R390_C1133,3.952847075210474,FALSE,0.01644317465560749,"(1.51,Inf]"
G025_R381_C1147,G025_R390_C1133,4.16082924427331,FALSE,-0.03371698871894555,"(1.51,Inf]"
G025_R382_C1132,G025_R390_C1133,2.0155644370746373,FALSE,0.7578520697407533,"(1.51,Inf]"
G025_R382_C1133,G025_R390_C1133,2,FALSE,0.7599457873137179,"(1.51,Inf]"
G025_R382_C1134,G025_R390_C1133,2.0155644370746373,FALSE,0.7653538000941628,"(1.51,Inf]"
G025_R382_C1135,G025_R390_C1133,2.0615528128088303,FALSE,0.762871963862165,"(1.51,Inf]"
G025_R382_C1136,G025_R390_C1133,2.1360009363293826,FALSE,0.7416751298851132,"(1.51,Inf]"
G025_R382_C1138,G025_R390_C1133,2.358495283014151,FALSE,0.20979105189006378,"(1.51,Inf]"
G025_R382_C1141,G025_R390_C1133,2.8284271247461903,FALSE,0.330677166040134,"(1.51,Inf]"
G025_R382_C1143,G025_R390_C1133,3.2015621187164243,FALSE,0.05205772513154577,"(1.51,Inf]"
G025_R382_C1144,G025_R390_C1133,3.400367627183861,FALSE,0.03422624193550559,"(1.51,Inf]"
G025_R382_C1145,G025_R390_C1133,3.605551275463989,FALSE,-0.07801754811436716,"(1.51,Inf]"
G025_R382_C1146,G025_R390_C1133,3.816084380618437,FALSE,-0.10344775425338484,"(1.51,Inf]"
G025_R382_C1147,G025_R390_C1133,4.031128874149275,FALSE,-0.14009943015932028,"(1.51,Inf]"
G025_R383_C1132,G025_R390_C1133,1.7677669529663689,FALSE,0.7479449456975766,"(1.51,Inf]"
G025_R383_C1133,G025_R390_C1133,1.75,FALSE,0.7777194301911781,"(1.51,Inf]"
G025_R383_C1134,G025_R390_C1133,1.7677669529663689,FALSE,0.7683848812258951,"(1.51,Inf]"
G025_R383_C1135,G025_R390_C1133,1.8200274723201295,FALSE,0.7564383295801708,"(1.51,Inf]"
G025_R383_C1136,G025_R390_C1133,1.9039432764659772,FALSE,0.7621872578083476,"(1.51,Inf]"
G025_R383_C1137,G025_R390_C1133,2.0155644370746373,FALSE,0.7310935971997651,"(1.51,Inf]"
G025_R383_C1139,G025_R390_C1133,2.3048861143232218,FALSE,0.7222752464726111,"(1.51,Inf]"
G025_R383_C1140,G025_R390_C1133,2.4748737341529163,FALSE,0.7532951910285209,"(1.51,Inf]"
G025_R383_C1141,G025_R390_C1133,2.6575364531836625,FALSE,0.6526275104554876,"(1.51,Inf]"
G025_R383_C1142,G025_R390_C1133,2.850438562747845,FALSE,0.4900152317872864,"(1.51,Inf]"
G025_R383_C1143,G025_R390_C1133,3.0516389039334255,FALSE,0.15503178201143591,"(1.51,Inf]"
G025_R383_C1144,G025_R390_C1133,3.2596012026013246,FALSE,-0.0332526514173215,"(1.51,Inf]"
G025_R383_C1145,G025_R390_C1133,3.473110997362451,FALSE,-0.03914426552665492,"(1.51,Inf]"
G025_R383_C1146,G025_R390_C1133,3.69120576505835,FALSE,-0.2037396692537794,"(1.51,Inf]"
G025_R383_C1147,G025_R390_C1133,3.913118960624632,FALSE,-0.2880738858287697,"(1.51,Inf]"
G025_R384_C1132,G025_R390_C1133,1.5206906325745548,FALSE,0.7347774155851257,"(1.51,Inf]"
G025_R384_C1133,G025_R390_C1133,1.5,FALSE,0.7402538130774038,"(1.01,1.51]"
G025_R384_C1134,G025_R390_C1133,1.5206906325745548,FALSE,0.7489183165518122,"(1.51,Inf]"
G025_R384_C1135,G025_R390_C1133,1.5811388300841898,FALSE,0.7446206053465475,"(1.51,Inf]"
G025_R384_C1136,G025_R390_C1133,1.6770509831248424,FALSE,0.7751006829986864,"(1.51,Inf]"
G025_R384_C1137,G025_R390_C1133,1.8027756377319946,FALSE,0.7748211136653014,"(1.51,Inf]"
G025_R384_C1138,G025_R390_C1133,1.9525624189766635,FALSE,0.7724775813773946,"(1.51,Inf]"
G025_R384_C1139,G025_R390_C1133,2.1213203435596424,FALSE,0.763294237548962,"(1.51,Inf]"
G025_R384_C1140,G025_R390_C1133,2.3048861143232218,FALSE,0.7107251837275129,"(1.51,Inf]"
G025_R384_C1141,G025_R390_C1133,2.5,FALSE,0.6231650668191494,"(1.51,Inf]"
G025_R384_C1142,G025_R390_C1133,2.704163456597992,FALSE,0.39941561848243023,"(1.51,Inf]"
G025_R385_C1132,G025_R390_C1133,1.2747548783981961,FALSE,0.7430215771442419,"(1.01,1.51]"
G025_R385_C1133,G025_R390_C1133,1.25,FALSE,0.7420074076553994,"(1.01,1.51]"
G025_R385_C1134,G025_R390_C1133,1.2747548783981961,FALSE,0.7450554276423903,"(1.01,1.51]"
G025_R385_C1135,G025_R390_C1133,1.346291201783626,FALSE,0.7698577681439043,"(1.01,1.51]"
G025_R385_C1136,G025_R390_C1133,1.4577379737113252,FALSE,0.7784839519181657,"(1.01,1.51]"
G025_R385_C1137,G025_R390_C1133,1.6007810593582121,FALSE,0.7779673782507979,"(1.51,Inf]"
G025_R385_C1138,G025_R390_C1133,1.7677669529663689,FALSE,0.7893011238210437,"(1.51,Inf]"
G025_R385_C1139,G025_R390_C1133,1.9525624189766635,FALSE,0.7505225541056667,"(1.51,Inf]"
G025_R385_C1140,G025_R390_C1133,2.1505813167606567,FALSE,0.6494187692712282,"(1.51,Inf]"
G025_R385_C1141,G025_R390_C1133,2.358495283014151,FALSE,0.5326206872477884,"(1.51,Inf]"
G025_R385_C1142,G025_R390_C1133,2.57390753524675,FALSE,0.3958135165197898,"(1.51,Inf]"
G025_R386_C1132,G025_R390_C1133,1.0307764064044151,FALSE,0.7501318616332482,"(1.01,1.51]"
G025_R386_C1133,G025_R390_C1133,1,FALSE,0.7664164084819708,"(0.76,1.01]"
G025_R386_C1134,G025_R390_C1133,1.0307764064044151,FALSE,0.7587139499673783,"(1.01,1.51]"
G025_R386_C1135,G025_R390_C1133,1.118033988749895,FALSE,0.7775103949134976,"(1.01,1.51]"
G025_R386_C1136,G025_R390_C1133,1.25,FALSE,0.7877585833449152,"(1.01,1.51]"
G025_R386_C1137,G025_R390_C1133,1.4142135623730951,FALSE,0.7959659251514275,"(1.01,1.51]"
G025_R386_C1138,G025_R390_C1133,1.6007810593582121,FALSE,0.7475995189453064,"(1.51,Inf]"
G025_R386_C1139,G025_R390_C1133,1.8027756377319946,FALSE,0.6751635268568773,"(1.51,Inf]"
G025_R386_C1141,G025_R390_C1133,2.23606797749979,FALSE,0.5603451804625005,"(1.51,Inf]"
G025_R387_C1132,G025_R390_C1133,0.7905694150420949,FALSE,0.7977421263014799,"(0.76,1.01]"
G025_R387_C1133,G025_R390_C1133,0.75,FALSE,0.7976939218277794,"(0.51,0.76]"
G025_R387_C1134,G025_R390_C1133,0.7905694150420949,FALSE,0.7881509925993737,"(0.76,1.01]"
G025_R387_C1135,G025_R390_C1133,0.9013878188659973,FALSE,0.7902588125228849,"(0.76,1.01]"
G025_R387_C1136,G025_R390_C1133,1.0606601717798212,FALSE,0.7921963489409956,"(1.01,1.51]"
G025_R387_C1137,G025_R390_C1133,1.25,FALSE,0.7903520252137173,"(1.01,1.51]"
G025_R387_C1138,G025_R390_C1133,1.4577379737113252,FALSE,0.765948992847321,"(1.01,1.51]"
G025_R387_C1139,G025_R390_C1133,1.6770509831248424,FALSE,0.7326884105015962,"(1.51,Inf]"
G025_R387_C1140,G025_R390_C1133,1.9039432764659772,FALSE,0.685106591353698,"(1.51,Inf]"
G025_R387_C1141,G025_R390_C1133,2.1360009363293826,FALSE,0.6013920665935253,"(1.51,Inf]"
G025_R387_C1142,G025_R390_C1133,2.3717082451262845,FALSE,0.41386877230223773,"(1.51,Inf]"
G025_R387_C1143,G025_R390_C1133,2.6100766272276377,FALSE,0.44153118558832893,"(1.51,Inf]"
G025_R388_C1132,G025_R390_C1133,0.5590169943749475,FALSE,0.8597132425676651,"(0.51,0.76]"
G025_R388_C1133,G025_R390_C1133,0.5,FALSE,0.8620097614609572,"(0.26,0.51]"
G025_R388_C1134,G025_R390_C1133,0.5590169943749475,FALSE,0.8468282727915043,"(0.51,0.76]"
G025_R388_C1135,G025_R390_C1133,0.7071067811865476,FALSE,0.844905078636904,"(0.51,0.76]"
G025_R388_C1136,G025_R390_C1133,0.9013878188659973,FALSE,0.822352839649459,"(0.76,1.01]"
G025_R388_C1137,G025_R390_C1133,1.118033988749895,FALSE,0.8020012738812166,"(1.01,1.51]"
G025_R388_C1138,G025_R390_C1133,1.346291201783626,FALSE,0.7722511484266311,"(1.01,1.51]"
G025_R388_C1139,G025_R390_C1133,1.5811388300841898,FALSE,0.7713972344399567,"(1.51,Inf]"
G025_R388_C1140,G025_R390_C1133,1.8200274723201295,FALSE,0.7177233586832693,"(1.51,Inf]"
G025_R388_C1141,G025_R390_C1133,2.0615528128088303,FALSE,0.7323447031057905,"(1.51,Inf]"
G025_R388_C1142,G025_R390_C1133,2.3048861143232218,FALSE,0.7405710525478698,"(1.51,Inf]"
G025_R388_C1143,G025_R390_C1133,2.5495097567963922,FALSE,0.7098175499582914,"(1.51,Inf]"
G025_R388_C1144,G025_R390_C1133,2.7950849718747373,FALSE,0.7151705961670137,"(1.51,Inf]"
G025_R388_C1145,G025_R390_C1133,3.0413812651491097,FALSE,0.5765331649475768,"(1.51,Inf]"
G025_R389_C1132,G025_R390_C1133,0.3535533905932738,FALSE,0.9146524770333607,"(0.26,0.51]"
G025_R389_C1133,G025_R390_C1133,0.25,TRUE,0.9187838237520071,"[0,0.26]"
G025_R389_C1134,G025_R390_C1133,0.3535533905932738,FALSE,0.9046227593993539,"(0.26,0.51]"
G025_R389_C1135,G025_R390_C1133,0.5590169943749475,FALSE,0.8933254308998,"(0.51,0.76]"
G025_R389_C1136,G025_R390_C1133,0.7905694150420949,FALSE,0.8707208332501373,"(0.76,1.01]"
G025_R389_C1137,G025_R390_C1133,1.0307764064044151,FALSE,0.8369534980196588,"(1.01,1.51]"
G025_R389_C1138,G025_R390_C1133,1.2747548783981961,FALSE,0.7976381977873918,"(1.01,1.51]"
G025_R389_C1139,G025_R390_C1133,1.5206906325745548,FALSE,0.7548358323538233,"(1.51,Inf]"
G025_R389_C1140,G025_R390_C1133,1.7677669529663689,FALSE,0.7056757696074916,"(1.51,Inf]"
G025_R389_C1141,G025_R390_C1133,2.0155644370746373,FALSE,0.6910981977484851,"(1.51,Inf]"
G025_R389_C1142,G025_R390_C1133,2.2638462845343543,FALSE,0.6906417450451995,"(1.51,Inf]"
G025_R389_C1143,G025_R390_C1133,2.5124689052802225,FALSE,0.6872538908329215,"(1.51,Inf]"
G025_R389_C1144,G025_R390_C1133,2.7613402542968153,FALSE,0.7172389303768137,"(1.51,Inf]"
G025_R389_C1145,G025_R390_C1133,3.010398644698074,FALSE,0.5942536256788004,"(1.51,Inf]"
G025_R390_C1132,G025_R390_C1133,0.25,TRUE,0.9550411467662578,"[0,0.26]"
G025_R380_C1132,G025_R390_C1134,2.5495097567963922,FALSE,0.7232625866838591,"(1.51,Inf]"
G025_R380_C1133,G025_R390_C1134,2.5124689052802225,FALSE,0.7230971350079071,"(1.51,Inf]"
G025_R380_C1134,G025_R390_C1134,2.5,FALSE,0.6909789016587554,"(1.51,Inf]"
G025_R380_C1135,G025_R390_C1134,2.5124689052802225,FALSE,0.6428161867732378,"(1.51,Inf]"
G025_R380_C1143,G025_R390_C1134,3.3634060117684275,FALSE,0.09515738326588297,"(1.51,Inf]"
G025_R380_C1144,G025_R390_C1134,3.5355339059327378,FALSE,0.22561043705007905,"(1.51,Inf]"
G025_R380_C1145,G025_R390_C1134,3.7165171868296265,FALSE,0.07607289278910533,"(1.51,Inf]"
G025_R380_C1146,G025_R390_C1134,3.905124837953327,FALSE,-0.05780509472659788,"(1.51,Inf]"
G025_R380_C1147,G025_R390_C1134,4.100304866714182,FALSE,-0.05859091253010072,"(1.51,Inf]"
G025_R381_C1132,G025_R390_C1134,2.3048861143232218,FALSE,0.7486654639246026,"(1.51,Inf]"
G025_R381_C1133,G025_R390_C1134,2.2638462845343543,FALSE,0.7455517036066609,"(1.51,Inf]"
G025_R381_C1134,G025_R390_C1134,2.25,FALSE,0.7527912732839813,"(1.51,Inf]"
G025_R381_C1135,G025_R390_C1134,2.2638462845343543,FALSE,0.7674398226718261,"(1.51,Inf]"
G025_R381_C1143,G025_R390_C1134,3.181980515339464,FALSE,0.12499332080284477,"(1.51,Inf]"
G025_R381_C1144,G025_R390_C1134,3.3634060117684275,FALSE,0.25620853700803786,"(1.51,Inf]"
G025_R381_C1145,G025_R390_C1134,3.553167600887974,FALSE,0.12850663518097136,"(1.51,Inf]"
G025_R381_C1146,G025_R390_C1134,3.75,FALSE,0.04408718437530755,"(1.51,Inf]"
G025_R381_C1147,G025_R390_C1134,3.952847075210474,FALSE,-0.013651550828287468,"(1.51,Inf]"
G025_R382_C1132,G025_R390_C1134,2.0615528128088303,FALSE,0.7604977659739474,"(1.51,Inf]"
G025_R382_C1133,G025_R390_C1134,2.0155644370746373,FALSE,0.7633328658045653,"(1.51,Inf]"
G025_R382_C1134,G025_R390_C1134,2,FALSE,0.7787194555784952,"(1.51,Inf]"
G025_R382_C1135,G025_R390_C1134,2.0155644370746373,FALSE,0.779412935354551,"(1.51,Inf]"
G025_R382_C1136,G025_R390_C1134,2.0615528128088303,FALSE,0.7610004886407964,"(1.51,Inf]"
G025_R382_C1138,G025_R390_C1134,2.23606797749979,FALSE,0.21849585654571016,"(1.51,Inf]"
G025_R382_C1141,G025_R390_C1134,2.6575364531836625,FALSE,0.36836902810160893,"(1.51,Inf]"
G025_R382_C1143,G025_R390_C1134,3.010398644698074,FALSE,0.10251555735141617,"(1.51,Inf]"
G025_R382_C1144,G025_R390_C1134,3.2015621187164243,FALSE,0.08833071291915809,"(1.51,Inf]"
G025_R382_C1145,G025_R390_C1134,3.400367627183861,FALSE,-0.035524452390970476,"(1.51,Inf]"
G025_R382_C1146,G025_R390_C1134,3.605551275463989,FALSE,-0.07457060984285446,"(1.51,Inf]"
G025_R382_C1147,G025_R390_C1134,3.816084380618437,FALSE,-0.11991154167138662,"(1.51,Inf]"
G025_R383_C1132,G025_R390_C1134,1.8200274723201295,FALSE,0.7418809654205236,"(1.51,Inf]"
G025_R383_C1133,G025_R390_C1134,1.7677669529663689,FALSE,0.7618134159825011,"(1.51,Inf]"
G025_R383_C1134,G025_R390_C1134,1.75,FALSE,0.7674363378147743,"(1.51,Inf]"
G025_R383_C1135,G025_R390_C1134,1.7677669529663689,FALSE,0.7683442399970327,"(1.51,Inf]"
G025_R383_C1136,G025_R390_C1134,1.8200274723201295,FALSE,0.7711721386015967,"(1.51,Inf]"
G025_R383_C1137,G025_R390_C1134,1.9039432764659772,FALSE,0.7410332080963603,"(1.51,Inf]"
G025_R383_C1139,G025_R390_C1134,2.1505813167606567,FALSE,0.7395611438605104,"(1.51,Inf]"
G025_R383_C1140,G025_R390_C1134,2.3048861143232218,FALSE,0.7471753627521233,"(1.51,Inf]"
G025_R383_C1141,G025_R390_C1134,2.4748737341529163,FALSE,0.6673380334742556,"(1.51,Inf]"
G025_R383_C1142,G025_R390_C1134,2.6575364531836625,FALSE,0.5288295015262158,"(1.51,Inf]"
G025_R383_C1143,G025_R390_C1134,2.850438562747845,FALSE,0.20639669999897448,"(1.51,Inf]"
G025_R383_C1144,G025_R390_C1134,3.0516389039334255,FALSE,-0.0012859335073074599,"(1.51,Inf]"
G025_R383_C1145,G025_R390_C1134,3.2596012026013246,FALSE,-0.029934710494429126,"(1.51,Inf]"
G025_R383_C1146,G025_R390_C1134,3.473110997362451,FALSE,-0.13813187888982736,"(1.51,Inf]"
G025_R383_C1147,G025_R390_C1134,3.69120576505835,FALSE,-0.24721315784060788,"(1.51,Inf]"
G025_R384_C1132,G025_R390_C1134,1.5811388300841898,FALSE,0.7335856490727473,"(1.51,Inf]"
G025_R384_C1133,G025_R390_C1134,1.5206906325745548,FALSE,0.7397212646624818,"(1.51,Inf]"
G025_R384_C1134,G025_R390_C1134,1.5,FALSE,0.7464945171754879,"(1.01,1.51]"
G025_R384_C1135,G025_R390_C1134,1.5206906325745548,FALSE,0.7471319164601543,"(1.51,Inf]"
G025_R384_C1136,G025_R390_C1134,1.5811388300841898,FALSE,0.784892977645187,"(1.51,Inf]"
G025_R384_C1137,G025_R390_C1134,1.6770509831248424,FALSE,0.7838160099801019,"(1.51,Inf]"
G025_R384_C1138,G025_R390_C1134,1.8027756377319946,FALSE,0.7954092871521852,"(1.51,Inf]"
G025_R384_C1139,G025_R390_C1134,1.9525624189766635,FALSE,0.7861338043925467,"(1.51,Inf]"
G025_R384_C1140,G025_R390_C1134,2.1213203435596424,FALSE,0.7326305545859771,"(1.51,Inf]"
G025_R384_C1141,G025_R390_C1134,2.3048861143232218,FALSE,0.6333613124687828,"(1.51,Inf]"
G025_R384_C1142,G025_R390_C1134,2.5,FALSE,0.4139603597212178,"(1.51,Inf]"
G025_R385_C1132,G025_R390_C1134,1.346291201783626,FALSE,0.7424793818749282,"(1.01,1.51]"
G025_R385_C1133,G025_R390_C1134,1.2747548783981961,FALSE,0.7486633356190945,"(1.01,1.51]"
G025_R385_C1134,G025_R390_C1134,1.25,FALSE,0.7524118573049271,"(1.01,1.51]"
G025_R385_C1135,G025_R390_C1134,1.2747548783981961,FALSE,0.7726789510809939,"(1.01,1.51]"
G025_R385_C1136,G025_R390_C1134,1.346291201783626,FALSE,0.7852712037568451,"(1.01,1.51]"
G025_R385_C1137,G025_R390_C1134,1.4577379737113252,FALSE,0.7940040146230728,"(1.01,1.51]"
G025_R385_C1138,G025_R390_C1134,1.6007810593582121,FALSE,0.7980529726693857,"(1.51,Inf]"
G025_R385_C1139,G025_R390_C1134,1.7677669529663689,FALSE,0.7664989147735581,"(1.51,Inf]"
G025_R385_C1140,G025_R390_C1134,1.9525624189766635,FALSE,0.6696794393694706,"(1.51,Inf]"
G025_R385_C1141,G025_R390_C1134,2.1505813167606567,FALSE,0.5582085715423772,"(1.51,Inf]"
G025_R385_C1142,G025_R390_C1134,2.358495283014151,FALSE,0.43617878223272705,"(1.51,Inf]"
G025_R386_C1132,G025_R390_C1134,1.118033988749895,FALSE,0.7372715582916315,"(1.01,1.51]"
G025_R386_C1133,G025_R390_C1134,1.0307764064044151,FALSE,0.763224725102087,"(1.01,1.51]"
G025_R386_C1134,G025_R390_C1134,1,FALSE,0.7586555844507561,"(0.76,1.01]"
G025_R386_C1135,G025_R390_C1134,1.0307764064044151,FALSE,0.7797406875889921,"(1.01,1.51]"
G025_R386_C1136,G025_R390_C1134,1.118033988749895,FALSE,0.80205145569704706,"(1.01,1.51]"
G025_R386_C1137,G025_R390_C1134,1.25,FALSE,0.8071432804074508,"(1.01,1.51]"
G025_R386_C1138,G025_R390_C1134,1.4142135623730951,FALSE,0.7665189176898513,"(1.01,1.51]"
G025_R386_C1139,G025_R390_C1134,1.6007810593582121,FALSE,0.6864806085308002,"(1.51,Inf]"
G025_R386_C1141,G025_R390_C1134,2.0155644370746373,FALSE,0.59529919208427,"(1.51,Inf]"
G025_R387_C1132,G025_R390_C1134,0.9013878188659973,FALSE,0.8096018745221124,"(0.76,1.01]"
G025_R387_C1133,G025_R390_C1134,0.7905694150420949,FALSE,0.807490425382737,"(0.76,1.01]"
G025_R387_C1134,G025_R390_C1134,0.75,FALSE,0.7963775417775474,"(0.51,0.76]"
G025_R387_C1135,G025_R390_C1134,0.7905694150420949,FALSE,0.8050761579836424,"(0.76,1.01]"
G025_R387_C1136,G025_R390_C1134,0.9013878188659973,FALSE,0.8137012062246741,"(0.76,1.01]"
G025_R387_C1137,G025_R390_C1134,1.0606601717798212,FALSE,0.810918190501881,"(1.01,1.51]"
G025_R387_C1138,G025_R390_C1134,1.25,FALSE,0.7861895727961447,"(1.01,1.51]"
G025_R387_C1139,G025_R390_C1134,1.4577379737113252,FALSE,0.766270180739684,"(1.01,1.51]"
G025_R387_C1140,G025_R390_C1134,1.6770509831248424,FALSE,0.7138974211288069,"(1.51,Inf]"
G025_R387_C1141,G025_R390_C1134,1.9039432764659772,FALSE,0.6305351004120409,"(1.51,Inf]"
G025_R387_C1142,G025_R390_C1134,2.1360009363293826,FALSE,0.45024362805317947,"(1.51,Inf]"
G025_R387_C1143,G025_R390_C1134,2.3717082451262845,FALSE,0.4498878254696688,"(1.51,Inf]"
G025_R388_C1132,G025_R390_C1134,0.7071067811865476,FALSE,0.846481889751492,"(0.51,0.76]"
G025_R388_C1133,G025_R390_C1134,0.5590169943749475,FALSE,0.8671401424852403,"(0.51,0.76]"
G025_R388_C1134,G025_R390_C1134,0.5,FALSE,0.8555766940012942,"(0.26,0.51]"
G025_R388_C1135,G025_R390_C1134,0.5590169943749475,FALSE,0.8491542299634007,"(0.51,0.76]"
G025_R388_C1136,G025_R390_C1134,0.7071067811865476,FALSE,0.8385142978455414,"(0.51,0.76]"
G025_R388_C1137,G025_R390_C1134,0.9013878188659973,FALSE,0.8119327365863175,"(0.76,1.01]"
G025_R388_C1138,G025_R390_C1134,1.118033988749895,FALSE,0.7915547244174269,"(1.01,1.51]"
G025_R388_C1139,G025_R390_C1134,1.346291201783626,FALSE,0.7971810912667796,"(1.01,1.51]"
G025_R388_C1140,G025_R390_C1134,1.5811388300841898,FALSE,0.737324517786811,"(1.51,Inf]"
G025_R388_C1141,G025_R390_C1134,1.8200274723201295,FALSE,0.724859282182646,"(1.51,Inf]"
G025_R388_C1142,G025_R390_C1134,2.0615528128088303,FALSE,0.7354381166474829,"(1.51,Inf]"
G025_R388_C1143,G025_R390_C1134,2.3048861143232218,FALSE,0.721664372847687,"(1.51,Inf]"
G025_R388_C1144,G025_R390_C1134,2.5495097567963922,FALSE,0.7459687373276316,"(1.51,Inf]"
G025_R388_C1145,G025_R390_C1134,2.7950849718747373,FALSE,0.5820190156083838,"(1.51,Inf]"
G025_R389_C1132,G025_R390_C1134,0.5590169943749475,FALSE,0.8888142954826875,"(0.51,0.76]"
G025_R389_C1133,G025_R390_C1134,0.3535533905932738,FALSE,0.894790980452463,"(0.26,0.51]"
G025_R389_C1134,G025_R390_C1134,0.25,TRUE,0.9107880517877696,"[0,0.26]"
G025_R389_C1135,G025_R390_C1134,0.3535533905932738,FALSE,0.9161097623721117,"(0.26,0.51]"
G025_R389_C1136,G025_R390_C1134,0.5590169943749475,FALSE,0.8878098370036273,"(0.51,0.76]"
G025_R389_C1137,G025_R390_C1134,0.7905694150420949,FALSE,0.8573144691078938,"(0.76,1.01]"
G025_R389_C1138,G025_R390_C1134,1.0307764064044151,FALSE,0.8099839818001948,"(1.01,1.51]"
G025_R389_C1139,G025_R390_C1134,1.2747548783981961,FALSE,0.7740880559128632,"(1.01,1.51]"
G025_R389_C1140,G025_R390_C1134,1.5206906325745548,FALSE,0.7209650840744828,"(1.51,Inf]"
G025_R389_C1141,G025_R390_C1134,1.7677669529663689,FALSE,0.6902042866811866,"(1.51,Inf]"
G025_R389_C1142,G025_R390_C1134,2.0155644370746373,FALSE,0.6877343918600067,"(1.51,Inf]"
G025_R389_C1143,G025_R390_C1134,2.2638462845343543,FALSE,0.6901231036919752,"(1.51,Inf]"
G025_R389_C1144,G025_R390_C1134,2.5124689052802225,FALSE,0.7307645172507162,"(1.51,Inf]"
G025_R389_C1145,G025_R390_C1134,2.7613402542968153,FALSE,0.6032325126197806,"(1.51,Inf]"
G025_R390_C1132,G025_R390_C1134,0.5,FALSE,0.9262355337938497,"(0.26,0.51]"
G025_R390_C1133,G025_R390_C1134,0.25,TRUE,0.95481532014715,"[0,0.26]"
G025_R380_C1132,G025_R390_C1135,2.6100766272276377,FALSE,0.7034830930983876,"(1.51,Inf]"
G025_R380_C1133,G025_R390_C1135,2.5495097567963922,FALSE,0.7105329726873583,"(1.51,Inf]"
G025_R380_C1134,G025_R390_C1135,2.5124689052802225,FALSE,0.6904789122362649,"(1.51,Inf]"
G025_R380_C1135,G025_R390_C1135,2.5,FALSE,0.6448226505281514,"(1.51,Inf]"
G025_R380_C1143,G025_R390_C1135,3.2015621187164243,FALSE,0.07046417060209205,"(1.51,Inf]"
G025_R380_C1144,G025_R390_C1135,3.3634060117684275,FALSE,0.22304161461226418,"(1.51,Inf]"
G025_R380_C1145,G025_R390_C1135,3.5355339059327378,FALSE,0.07283083225981027,"(1.51,Inf]"
G025_R380_C1146,G025_R390_C1135,3.7165171868296265,FALSE,-0.017388658815081812,"(1.51,Inf]"
G025_R380_C1147,G025_R390_C1135,3.905124837953327,FALSE,-0.016993019529064048,"(1.51,Inf]"
G025_R381_C1132,G025_R390_C1135,2.3717082451262845,FALSE,0.7359485034801432,"(1.51,Inf]"
G025_R381_C1133,G025_R390_C1135,2.3048861143232218,FALSE,0.7156892284218724,"(1.51,Inf]"
G025_R381_C1134,G025_R390_C1135,2.2638462845343543,FALSE,0.7283037962725184,"(1.51,Inf]"
G025_R381_C1135,G025_R390_C1135,2.25,FALSE,0.7438170538630962,"(1.51,Inf]"
G025_R381_C1143,G025_R390_C1135,3.010398644698074,FALSE,0.1323618442991539,"(1.51,Inf]"
G025_R381_C1144,G025_R390_C1135,3.181980515339464,FALSE,0.26260914925139567,"(1.51,Inf]"
G025_R381_C1145,G025_R390_C1135,3.3634060117684275,FALSE,0.14263620662563387,"(1.51,Inf]"
G025_R381_C1146,G025_R390_C1135,3.553167600887974,FALSE,0.07075304035280952,"(1.51,Inf]"
G025_R381_C1147,G025_R390_C1135,3.75,FALSE,0.018978657824560315,"(1.51,Inf]"
G025_R382_C1132,G025_R390_C1135,2.1360009363293826,FALSE,0.7534780959444092,"(1.51,Inf]"
G025_R382_C1133,G025_R390_C1135,2.0615528128088303,FALSE,0.7518531835077988,"(1.51,Inf]"
G025_R382_C1134,G025_R390_C1135,2.0155644370746373,FALSE,0.7520326668658096,"(1.51,Inf]"
G025_R382_C1135,G025_R390_C1135,2,FALSE,0.7518834977545236,"(1.51,Inf]"
G025_R382_C1136,G025_R390_C1135,2.0155644370746373,FALSE,0.7436568911028913,"(1.51,Inf]"
G025_R382_C1138,G025_R390_C1135,2.1360009363293826,FALSE,0.21977235047090732,"(1.51,Inf]"
G025_R382_C1141,G025_R390_C1135,2.5,FALSE,0.3983177513240069,"(1.51,Inf]"
G025_R382_C1143,G025_R390_C1135,2.8284271247461903,FALSE,0.13144894039059776,"(1.51,Inf]"
G025_R382_C1144,G025_R390_C1135,3.010398644698074,FALSE,0.11279100861281162,"(1.51,Inf]"
G025_R382_C1145,G025_R390_C1135,3.2015621187164243,FALSE,-0.025473349117650212,"(1.51,Inf]"
G025_R382_C1146,G025_R390_C1135,3.400367627183861,FALSE,-0.11523179661602242,"(1.51,Inf]"
G025_R382_C1147,G025_R390_C1135,3.605551275463989,FALSE,-0.10993908795025427,"(1.51,Inf]"
G025_R383_C1132,G025_R390_C1135,1.9039432764659772,FALSE,0.737966669926625,"(1.51,Inf]"
G025_R383_C1133,G025_R390_C1135,1.8200274723201295,FALSE,0.758921165139895,"(1.51,Inf]"
G025_R383_C1134,G025_R390_C1135,1.7677669529663689,FALSE,0.7592738314310158,"(1.51,Inf]"
G025_R383_C1135,G025_R390_C1135,1.75,FALSE,0.7459238733571998,"(1.51,Inf]"
G025_R383_C1136,G025_R390_C1135,1.7677669529663689,FALSE,0.7505351523430402,"(1.51,Inf]"
G025_R383_C1137,G025_R390_C1135,1.8200274723201295,FALSE,0.7273179859726121,"(1.51,Inf]"
G025_R383_C1139,G025_R390_C1135,2.0155644370746373,FALSE,0.7282213717146343,"(1.51,Inf]"
G025_R383_C1140,G025_R390_C1135,2.1505813167606567,FALSE,0.7401758995086145,"(1.51,Inf]"
G025_R383_C1141,G025_R390_C1135,2.3048861143232218,FALSE,0.6798216185987203,"(1.51,Inf]"
G025_R383_C1142,G025_R390_C1135,2.4748737341529163,FALSE,0.5566690121229986,"(1.51,Inf]"
G025_R383_C1143,G025_R390_C1135,2.6575364531836625,FALSE,0.21000319798082115,"(1.51,Inf]"
G025_R383_C1144,G025_R390_C1135,2.850438562747845,FALSE,-0.025880090531313106,"(1.51,Inf]"
G025_R383_C1145,G025_R390_C1135,3.0516389039334255,FALSE,-0.026054646874996815,"(1.51,Inf]"
G025_R383_C1146,G025_R390_C1135,3.2596012026013246,FALSE,-0.11160591007838615,"(1.51,Inf]"
G025_R383_C1147,G025_R390_C1135,3.473110997362451,FALSE,-0.23226540606797816,"(1.51,Inf]"
G025_R384_C1132,G025_R390_C1135,1.6770509831248424,FALSE,0.7264993464070434,"(1.51,Inf]"
G025_R384_C1133,G025_R390_C1135,1.5811388300841898,FALSE,0.7426860107780029,"(1.51,Inf]"
G025_R384_C1134,G025_R390_C1135,1.5206906325745548,FALSE,0.7447278964423476,"(1.51,Inf]"
G025_R384_C1135,G025_R390_C1135,1.5,FALSE,0.7200446607164684,"(1.01,1.51]"
G025_R384_C1136,G025_R390_C1135,1.5206906325745548,FALSE,0.7587361738607676,"(1.51,Inf]"
G025_R384_C1137,G025_R390_C1135,1.5811388300841898,FALSE,0.7577169776531719,"(1.51,Inf]"
G025_R384_C1138,G025_R390_C1135,1.6770509831248424,FALSE,0.7601927123930514,"(1.51,Inf]"
G025_R384_C1139,G025_R390_C1135,1.8027756377319946,FALSE,0.7680338294359577,"(1.51,Inf]"
G025_R384_C1140,G025_R390_C1135,1.9525624189766635,FALSE,0.7478471647607836,"(1.51,Inf]"
G025_R384_C1141,G025_R390_C1135,2.1213203435596424,FALSE,0.6544846691160425,"(1.51,Inf]"
G025_R384_C1142,G025_R390_C1135,2.3048861143232218,FALSE,0.43497950223038645,"(1.51,Inf]"
G025_R385_C1132,G025_R390_C1135,1.4577379737113252,FALSE,0.7387780408163022,"(1.01,1.51]"
G025_R385_C1133,G025_R390_C1135,1.346291201783626,FALSE,0.7419581517950485,"(1.01,1.51]"
G025_R385_C1134,G025_R390_C1135,1.2747548783981961,FALSE,0.7424063852788354,"(1.01,1.51]"
G025_R385_C1135,G025_R390_C1135,1.25,FALSE,0.754346487913189,"(1.01,1.51]"
G025_R385_C1136,G025_R390_C1135,1.2747548783981961,FALSE,0.7751346458158609,"(1.01,1.51]"
G025_R385_C1137,G025_R390_C1135,1.346291201783626,FALSE,0.7774054528076257,"(1.01,1.51]"
G025_R385_C1138,G025_R390_C1135,1.4577379737113252,FALSE,0.7861434605116437,"(1.01,1.51]"
G025_R385_C1139,G025_R390_C1135,1.6007810593582121,FALSE,0.7702053028136299,"(1.51,Inf]"
G025_R385_C1140,G025_R390_C1135,1.7677669529663689,FALSE,0.6777270147493659,"(1.51,Inf]"
G025_R385_C1141,G025_R390_C1135,1.9525624189766635,FALSE,0.5733722597000022,"(1.51,Inf]"
G025_R385_C1142,G025_R390_C1135,2.1505813167606567,FALSE,0.4559315858353233,"(1.51,Inf]"
G025_R386_C1132,G025_R390_C1135,1.25,FALSE,0.730522494871886,"(1.01,1.51]"
G025_R386_C1133,G025_R390_C1135,1.118033988749895,FALSE,0.7506851008268113,"(1.01,1.51]"
G025_R386_C1134,G025_R390_C1135,1.0307764064044151,FALSE,0.7522784154002533,"(1.01,1.51]"
G025_R386_C1135,G025_R390_C1135,1,FALSE,0.7677173847625047,"(0.76,1.01]"
G025_R386_C1136,G025_R390_C1135,1.0307764064044151,FALSE,0.7935737400404896,"(1.01,1.51]"
G025_R386_C1137,G025_R390_C1135,1.118033988749895,FALSE,0.7950660126303599,"(1.01,1.51]"
G025_R386_C1138,G025_R390_C1135,1.25,FALSE,0.7638039690153628,"(1.01,1.51]"
G025_R386_C1139,G025_R390_C1135,1.4142135623730951,FALSE,0.7035665168841975,"(1.01,1.51]"
G025_R386_C1141,G025_R390_C1135,1.8027756377319946,FALSE,0.6150774454222832,"(1.51,Inf]"
G025_R387_C1132,G025_R390_C1135,1.0606601717798212,FALSE,0.7790197300073639,"(1.01,1.51]"
G025_R387_C1133,G025_R390_C1135,0.9013878188659973,FALSE,0.7719755278150262,"(0.76,1.01]"
G025_R387_C1134,G025_R390_C1135,0.7905694150420949,FALSE,0.7794838310333837,"(0.76,1.01]"
G025_R387_C1135,G025_R390_C1135,0.75,FALSE,0.8077632865510799,"(0.51,0.76]"
G025_R387_C1136,G025_R390_C1135,0.7905694150420949,FALSE,0.8134742283144826,"(0.76,1.01]"
G025_R387_C1137,G025_R390_C1135,0.9013878188659973,FALSE,0.8219697133245065,"(0.76,1.01]"
G025_R387_C1138,G025_R390_C1135,1.0606601717798212,FALSE,0.803568200933746,"(1.01,1.51]"
G025_R387_C1139,G025_R390_C1135,1.25,FALSE,0.770888275097023,"(1.01,1.51]"
G025_R387_C1140,G025_R390_C1135,1.4577379737113252,FALSE,0.7071110545240876,"(1.01,1.51]"
G025_R387_C1141,G025_R390_C1135,1.6770509831248424,FALSE,0.6158173318954101,"(1.51,Inf]"
G025_R387_C1142,G025_R390_C1135,1.9039432764659772,FALSE,0.4465796532989254,"(1.51,Inf]"
G025_R387_C1143,G025_R390_C1135,2.1360009363293826,FALSE,0.44227053468949806,"(1.51,Inf]"
G025_R388_C1132,G025_R390_C1135,0.9013878188659973,FALSE,0.8232741987496678,"(0.76,1.01]"
G025_R388_C1133,G025_R390_C1135,0.7071067811865476,FALSE,0.8379339377913714,"(0.51,0.76]"
G025_R388_C1134,G025_R390_C1135,0.5590169943749475,FALSE,0.8356715901145059,"(0.51,0.76]"
G025_R388_C1135,G025_R390_C1135,0.5,FALSE,0.8292271062103366,"(0.26,0.51]"
G025_R388_C1136,G025_R390_C1135,0.5590169943749475,FALSE,0.8412036140964175,"(0.51,0.76]"
G025_R388_C1137,G025_R390_C1135,0.7071067811865476,FALSE,0.838481952952181,"(0.51,0.76]"
G025_R388_C1138,G025_R390_C1135,0.9013878188659973,FALSE,0.8272117278513557,"(0.76,1.01]"
G025_R388_C1139,G025_R390_C1135,1.118033988749895,FALSE,0.8128248559337441,"(1.01,1.51]"
G025_R388_C1140,G025_R390_C1135,1.346291201783626,FALSE,0.7453818998426572,"(1.01,1.51]"
G025_R388_C1141,G025_R390_C1135,1.5811388300841898,FALSE,0.7161146802524488,"(1.51,Inf]"
G025_R388_C1142,G025_R390_C1135,1.8200274723201295,FALSE,0.7115157696824245,"(1.51,Inf]"
G025_R388_C1143,G025_R390_C1135,2.0615528128088303,FALSE,0.684205597196464,"(1.51,Inf]"
G025_R388_C1144,G025_R390_C1135,2.3048861143232218,FALSE,0.7102728949781657,"(1.51,Inf]"
G025_R388_C1145,G025_R390_C1135,2.5495097567963922,FALSE,0.5786880856960803,"(1.51,Inf]"
G025_R389_C1132,G025_R390_C1135,0.7905694150420949,FALSE,0.8567543709230538,"(0.76,1.01]"
G025_R389_C1133,G025_R390_C1135,0.5590169943749475,FALSE,0.8552457652766554,"(0.51,0.76]"
G025_R389_C1134,G025_R390_C1135,0.3535533905932738,FALSE,0.8951996532099078,"(0.26,0.51]"
G025_R389_C1135,G025_R390_C1135,0.25,TRUE,0.910891829334646,"[0,0.26]"
G025_R389_C1136,G025_R390_C1135,0.3535533905932738,FALSE,0.9138474558179192,"(0.26,0.51]"
G025_R389_C1137,G025_R390_C1135,0.5590169943749475,FALSE,0.8917194730597771,"(0.51,0.76]"
G025_R389_C1138,G025_R390_C1135,0.7905694150420949,FALSE,0.844963798168833,"(0.76,1.01]"
G025_R389_C1139,G025_R390_C1135,1.0307764064044151,FALSE,0.8090408111344828,"(1.01,1.51]"
G025_R389_C1140,G025_R390_C1135,1.2747548783981961,FALSE,0.7306691164286949,"(1.01,1.51]"
G025_R389_C1141,G025_R390_C1135,1.5206906325745548,FALSE,0.6806487305155614,"(1.51,Inf]"
G025_R389_C1142,G025_R390_C1135,1.7677669529663689,FALSE,0.6634461293760922,"(1.51,Inf]"
G025_R389_C1143,G025_R390_C1135,2.0155644370746373,FALSE,0.6630795467441167,"(1.51,Inf]"
G025_R389_C1144,G025_R390_C1135,2.2638462845343543,FALSE,0.7118039482225174,"(1.51,Inf]"
G025_R389_C1145,G025_R390_C1135,2.5124689052802225,FALSE,0.5954388525698997,"(1.51,Inf]"
G025_R390_C1132,G025_R390_C1135,0.75,FALSE,0.905524878460202,"(0.51,0.76]"
G025_R390_C1133,G025_R390_C1135,0.5,FALSE,0.9088687482772371,"(0.26,0.51]"
G025_R390_C1134,G025_R390_C1135,0.25,TRUE,0.9492576901126378,"[0,0.26]"
G025_R380_C1132,G025_R390_C1136,2.692582403567252,FALSE,0.7020478132063904,"(1.51,Inf]"
G025_R380_C1133,G025_R390_C1136,2.6100766272276377,FALSE,0.6956614997889864,"(1.51,Inf]"
G025_R380_C1134,G025_R390_C1136,2.5495097567963922,FALSE,0.6833271380058907,"(1.51,Inf]"
G025_R380_C1135,G025_R390_C1136,2.5124689052802225,FALSE,0.6217163580903213,"(1.51,Inf]"
G025_R380_C1143,G025_R390_C1136,3.0516389039334255,FALSE,0.048733465068830736,"(1.51,Inf]"
G025_R380_C1144,G025_R390_C1136,3.2015621187164243,FALSE,0.2121099010797905,"(1.51,Inf]"
G025_R380_C1145,G025_R390_C1136,3.3634060117684275,FALSE,0.11809433241021733,"(1.51,Inf]"
G025_R380_C1146,G025_R390_C1136,3.5355339059327378,FALSE,-0.013074184624093816,"(1.51,Inf]"
G025_R380_C1147,G025_R390_C1136,3.7165171868296265,FALSE,-0.04036768290299869,"(1.51,Inf]"
G025_R381_C1132,G025_R390_C1136,2.462214450449026,FALSE,0.7443254307582127,"(1.51,Inf]"
G025_R381_C1133,G025_R390_C1136,2.3717082451262845,FALSE,0.7085600938797685,"(1.51,Inf]"
G025_R381_C1134,G025_R390_C1136,2.3048861143232218,FALSE,0.7060736349490959,"(1.51,Inf]"
G025_R381_C1135,G025_R390_C1136,2.2638462845343543,FALSE,0.719996165190429,"(1.51,Inf]"
G025_R381_C1143,G025_R390_C1136,2.850438562747845,FALSE,0.11042190088770609,"(1.51,Inf]"
G025_R381_C1144,G025_R390_C1136,3.010398644698074,FALSE,0.27944591555546255,"(1.51,Inf]"
G025_R381_C1145,G025_R390_C1136,3.181980515339464,FALSE,0.17710417976443657,"(1.51,Inf]"
G025_R381_C1146,G025_R390_C1136,3.3634060117684275,FALSE,0.11450015214668295,"(1.51,Inf]"
G025_R381_C1147,G025_R390_C1136,3.553167600887974,FALSE,0.028748943993702144,"(1.51,Inf]"
G025_R382_C1132,G025_R390_C1136,2.23606797749979,FALSE,0.7457787169955524,"(1.51,Inf]"
G025_R382_C1133,G025_R390_C1136,2.1360009363293826,FALSE,0.7465952203443941,"(1.51,Inf]"
G025_R382_C1134,G025_R390_C1136,2.0615528128088303,FALSE,0.7472372692938536,"(1.51,Inf]"
G025_R382_C1135,G025_R390_C1136,2.0155644370746373,FALSE,0.742109332785012,"(1.51,Inf]"
G025_R382_C1136,G025_R390_C1136,2,FALSE,0.743219178008234,"(1.51,Inf]"
G025_R382_C1138,G025_R390_C1136,2.0615528128088303,FALSE,0.2136299078805482,"(1.51,Inf]"
G025_R382_C1141,G025_R390_C1136,2.358495283014151,FALSE,0.39963920669998143,"(1.51,Inf]"
G025_R382_C1143,G025_R390_C1136,2.6575364531836625,FALSE,0.1531750688570382,"(1.51,Inf]"
G025_R382_C1144,G025_R390_C1136,2.8284271247461903,FALSE,0.14417884467201306,"(1.51,Inf]"
G025_R382_C1145,G025_R390_C1136,3.010398644698074,FALSE,-0.0011479725051635622,"(1.51,Inf]"
G025_R382_C1146,G025_R390_C1136,3.2015621187164243,FALSE,-0.09845806887502408,"(1.51,Inf]"
G025_R382_C1147,G025_R390_C1136,3.400367627183861,FALSE,-0.14395033674795668,"(1.51,Inf]"
G025_R383_C1132,G025_R390_C1136,2.0155644370746373,FALSE,0.7207466479904078,"(1.51,Inf]"
G025_R383_C1133,G025_R390_C1136,1.9039432764659772,FALSE,0.744295780165825,"(1.51,Inf]"
G025_R383_C1134,G025_R390_C1136,1.8200274723201295,FALSE,0.7448825644795554,"(1.51,Inf]"
G025_R383_C1135,G025_R390_C1136,1.7677669529663689,FALSE,0.723818126676588,"(1.51,Inf]"
G025_R383_C1136,G025_R390_C1136,1.75,FALSE,0.7297494359649049,"(1.51,Inf]"
G025_R383_C1137,G025_R390_C1136,1.7677669529663689,FALSE,0.7106806114212407,"(1.51,Inf]"
G025_R383_C1139,G025_R390_C1136,1.9039432764659772,FALSE,0.7147263940689143,"(1.51,Inf]"
G025_R383_C1140,G025_R390_C1136,2.0155644370746373,FALSE,0.7349918061584834,"(1.51,Inf]"
G025_R383_C1141,G025_R390_C1136,2.1505813167606567,FALSE,0.701007106721074,"(1.51,Inf]"
G025_R383_C1142,G025_R390_C1136,2.3048861143232218,FALSE,0.5941809977629732,"(1.51,Inf]"
G025_R383_C1143,G025_R390_C1136,2.4748737341529163,FALSE,0.23080616129952103,"(1.51,Inf]"
G025_R383_C1144,G025_R390_C1136,2.6575364531836625,FALSE,-0.016707281983204984,"(1.51,Inf]"
G025_R383_C1145,G025_R390_C1136,2.850438562747845,FALSE,-0.05350357773546438,"(1.51,Inf]"
G025_R383_C1146,G025_R390_C1136,3.0516389039334255,FALSE,-0.1548494588436189,"(1.51,Inf]"
G025_R383_C1147,G025_R390_C1136,3.2596012026013246,FALSE,-0.23779799929115011,"(1.51,Inf]"
G025_R384_C1132,G025_R390_C1136,1.8027756377319946,FALSE,0.7105628622732209,"(1.51,Inf]"
G025_R384_C1133,G025_R390_C1136,1.6770509831248424,FALSE,0.7214081314009051,"(1.51,Inf]"
G025_R384_C1134,G025_R390_C1136,1.5811388300841898,FALSE,0.7274286041336532,"(1.51,Inf]"
G025_R384_C1135,G025_R390_C1136,1.5206906325745548,FALSE,0.7106306713615516,"(1.51,Inf]"
G025_R384_C1136,G025_R390_C1136,1.5,FALSE,0.7462677376210131,"(1.01,1.51]"
G025_R384_C1137,G025_R390_C1136,1.5206906325745548,FALSE,0.7416087335677959,"(1.51,Inf]"
G025_R384_C1138,G025_R390_C1136,1.5811388300841898,FALSE,0.7405229327294518,"(1.51,Inf]"
G025_R384_C1139,G025_R390_C1136,1.6770509831248424,FALSE,0.7541934634473799,"(1.51,Inf]"
G025_R384_C1140,G025_R390_C1136,1.8027756377319946,FALSE,0.7552032662182039,"(1.51,Inf]"
G025_R384_C1141,G025_R390_C1136,1.9525624189766635,FALSE,0.6918383837211461,"(1.51,Inf]"
G025_R384_C1142,G025_R390_C1136,2.1213203435596424,FALSE,0.48404574786409865,"(1.51,Inf]"
G025_R385_C1132,G025_R390_C1136,1.6007810593582121,FALSE,0.7152326606541504,"(1.51,Inf]"
G025_R385_C1133,G025_R390_C1136,1.4577379737113252,FALSE,0.7221655652668547,"(1.01,1.51]"
G025_R385_C1134,G025_R390_C1136,1.346291201783626,FALSE,0.7333643381520297,"(1.01,1.51]"
G025_R385_C1135,G025_R390_C1136,1.2747548783981961,FALSE,0.7454245610243394,"(1.01,1.51]"
G025_R385_C1136,G025_R390_C1136,1.25,FALSE,0.768247516542476,"(1.01,1.51]"
G025_R385_C1137,G025_R390_C1136,1.2747548783981961,FALSE,0.7629028860527431,"(1.01,1.51]"
G025_R385_C1138,G025_R390_C1136,1.346291201783626,FALSE,0.7871757154360124,"(1.01,1.51]"
G025_R385_C1139,G025_R390_C1136,1.4577379737113252,FALSE,0.7882579372677718,"(1.01,1.51]"
G025_R385_C1140,G025_R390_C1136,1.6007810593582121,FALSE,0.7174973430401023,"(1.51,Inf]"
G025_R385_C1141,G025_R390_C1136,1.7677669529663689,FALSE,0.6275422203253139,"(1.51,Inf]"
G025_R385_C1142,G025_R390_C1136,1.9525624189766635,FALSE,0.4715659363291295,"(1.51,Inf]"
G025_R386_C1132,G025_R390_C1136,1.4142135623730951,FALSE,0.7196258560875796,"(1.01,1.51]"
G025_R386_C1133,G025_R390_C1136,1.25,FALSE,0.7414434323330338,"(1.01,1.51]"
G025_R386_C1134,G025_R390_C1136,1.118033988749895,FALSE,0.7381335843634532,"(1.01,1.51]"
G025_R386_C1135,G025_R390_C1136,1.0307764064044151,FALSE,0.7622164892873765,"(1.01,1.51]"
G025_R386_C1136,G025_R390_C1136,1,FALSE,0.788315427939735,"(0.76,1.01]"
G025_R386_C1137,G025_R390_C1136,1.0307764064044151,FALSE,0.8017679603635095,"(1.01,1.51]"
G025_R386_C1138,G025_R390_C1136,1.118033988749895,FALSE,0.7888304489793262,"(1.01,1.51]"
G025_R386_C1139,G025_R390_C1136,1.25,FALSE,0.7399085027336921,"(1.01,1.51]"
G025_R386_C1141,G025_R390_C1136,1.6007810593582121,FALSE,0.6389325185733782,"(1.51,Inf]"
G025_R387_C1132,G025_R390_C1136,1.25,FALSE,0.7570252257476744,"(1.01,1.51]"
G025_R387_C1133,G025_R390_C1136,1.0606601717798212,FALSE,0.7641445976205432,"(1.01,1.51]"
G025_R387_C1134,G025_R390_C1136,0.9013878188659973,FALSE,0.7646602180831751,"(0.76,1.01]"
G025_R387_C1135,G025_R390_C1136,0.7905694150420949,FALSE,0.7933663580278258,"(0.76,1.01]"
G025_R387_C1136,G025_R390_C1136,0.75,FALSE,0.7969524009314115,"(0.51,0.76]"
G025_R387_C1137,G025_R390_C1136,0.7905694150420949,FALSE,0.8340511141811909,"(0.76,1.01]"
G025_R387_C1138,G025_R390_C1136,0.9013878188659973,FALSE,0.8242430033368346,"(0.76,1.01]"
G025_R387_C1139,G025_R390_C1136,1.0606601717798212,FALSE,0.7851511326378341,"(1.01,1.51]"
G025_R387_C1140,G025_R390_C1136,1.25,FALSE,0.7318293028187786,"(1.01,1.51]"
G025_R387_C1141,G025_R390_C1136,1.4577379737113252,FALSE,0.6005254190809352,"(1.01,1.51]"
G025_R387_C1142,G025_R390_C1136,1.6770509831248424,FALSE,0.4345156087181277,"(1.51,Inf]"
G025_R387_C1143,G025_R390_C1136,1.9039432764659772,FALSE,0.4055750657486866,"(1.51,Inf]"
G025_R388_C1132,G025_R390_C1136,1.118033988749895,FALSE,0.8058043095175793,"(1.01,1.51]"
G025_R388_C1133,G025_R390_C1136,0.9013878188659973,FALSE,0.8246251519251727,"(0.76,1.01]"
G025_R388_C1134,G025_R390_C1136,0.7071067811865476,FALSE,0.8221180122353906,"(0.51,0.76]"
G025_R388_C1135,G025_R390_C1136,0.5590169943749475,FALSE,0.8215057040530653,"(0.51,0.76]"
G025_R388_C1136,G025_R390_C1136,0.5,FALSE,0.8441281271471971,"(0.26,0.51]"
G025_R388_C1137,G025_R390_C1136,0.5590169943749475,FALSE,0.8471113365581449,"(0.51,0.76]"
G025_R388_C1138,G025_R390_C1136,0.7071067811865476,FALSE,0.8571598250375467,"(0.51,0.76]"
G025_R388_C1139,G025_R390_C1136,0.9013878188659973,FALSE,0.8316650881038294,"(0.76,1.01]"
G025_R388_C1140,G025_R390_C1136,1.118033988749895,FALSE,0.7511729453020594,"(1.01,1.51]"
G025_R388_C1141,G025_R390_C1136,1.346291201783626,FALSE,0.6949250697650103,"(1.01,1.51]"
G025_R388_C1142,G025_R390_C1136,1.5811388300841898,FALSE,0.6868632324294034,"(1.51,Inf]"
G025_R388_C1143,G025_R390_C1136,1.8200274723201295,FALSE,0.660724414601287,"(1.51,Inf]"
G025_R388_C1144,G025_R390_C1136,2.0615528128088303,FALSE,0.6758244366626133,"(1.51,Inf]"
G025_R388_C1145,G025_R390_C1136,2.3048861143232218,FALSE,0.5326735529199618,"(1.51,Inf]"
G025_R389_C1132,G025_R390_C1136,1.0307764064044151,FALSE,0.8159595503181538,"(1.01,1.51]"
G025_R389_C1133,G025_R390_C1136,0.7905694150420949,FALSE,0.8209848569964123,"(0.76,1.01]"
G025_R389_C1134,G025_R390_C1136,0.5590169943749475,FALSE,0.8620357338868632,"(0.51,0.76]"
G025_R389_C1135,G025_R390_C1136,0.3535533905932738,FALSE,0.8935541267040477,"(0.26,0.51]"
G025_R389_C1136,G025_R390_C1136,0.25,TRUE,0.9214230704408443,"[0,0.26]"
G025_R389_C1137,G025_R390_C1136,0.3535533905932738,FALSE,0.9157230779426925,"(0.26,0.51]"
G025_R389_C1138,G025_R390_C1136,0.5590169943749475,FALSE,0.8971016039398843,"(0.51,0.76]"
G025_R389_C1139,G025_R390_C1136,0.7905694150420949,FALSE,0.8423832289123971,"(0.76,1.01]"
G025_R389_C1140,G025_R390_C1136,1.0307764064044151,FALSE,0.7479783314962509,"(1.01,1.51]"
G025_R389_C1141,G025_R390_C1136,1.2747548783981961,FALSE,0.6795611289181193,"(1.01,1.51]"
G025_R389_C1142,G025_R390_C1136,1.5206906325745548,FALSE,0.65598181297604,"(1.51,Inf]"
G025_R389_C1143,G025_R390_C1136,1.7677669529663689,FALSE,0.6523399240644322,"(1.51,Inf]"
G025_R389_C1144,G025_R390_C1136,2.0155644370746373,FALSE,0.6907843123924658,"(1.51,Inf]"
G025_R389_C1145,G025_R390_C1136,2.2638462845343543,FALSE,0.5870357684774861,"(1.51,Inf]"
G025_R390_C1132,G025_R390_C1136,1,FALSE,0.8470168712803183,"(0.76,1.01]"
G025_R390_C1133,G025_R390_C1136,0.75,FALSE,0.8585295889976337,"(0.51,0.76]"
G025_R390_C1134,G025_R390_C1136,0.5,FALSE,0.8846492859956876,"(0.26,0.51]"
G025_R390_C1135,G025_R390_C1136,0.25,TRUE,0.9441300101934486,"[0,0.26]"
G025_R380_C1132,G025_R390_C1137,2.7950849718747373,FALSE,0.6761112338371204,"(1.51,Inf]"
G025_R380_C1133,G025_R390_C1137,2.692582403567252,FALSE,0.6681781937335532,"(1.51,Inf]"
G025_R380_C1134,G025_R390_C1137,2.6100766272276377,FALSE,0.6602333153015342,"(1.51,Inf]"
G025_R380_C1135,G025_R390_C1137,2.5495097567963922,FALSE,0.6102785651918405,"(1.51,Inf]"
G025_R380_C1143,G025_R390_C1137,2.9154759474226504,FALSE,0.040861379823809864,"(1.51,Inf]"
G025_R380_C1144,G025_R390_C1137,3.0516389039334255,FALSE,0.20405088009930078,"(1.51,Inf]"
G025_R380_C1145,G025_R390_C1137,3.2015621187164243,FALSE,0.09198639517188756,"(1.51,Inf]"
G025_R380_C1146,G025_R390_C1137,3.3634060117684275,FALSE,-0.045544621138580946,"(1.51,Inf]"
G025_R380_C1147,G025_R390_C1137,3.5355339059327378,FALSE,-0.06538355346842009,"(1.51,Inf]"
G025_R381_C1132,G025_R390_C1137,2.57390753524675,FALSE,0.7120189985725648,"(1.51,Inf]"
G025_R381_C1133,G025_R390_C1137,2.462214450449026,FALSE,0.6893790677275718,"(1.51,Inf]"
G025_R381_C1134,G025_R390_C1137,2.3717082451262845,FALSE,0.6812239367655862,"(1.51,Inf]"
G025_R381_C1135,G025_R390_C1137,2.3048861143232218,FALSE,0.6952178772654684,"(1.51,Inf]"
G025_R381_C1143,G025_R390_C1137,2.704163456597992,FALSE,0.12535541718470966,"(1.51,Inf]"
G025_R381_C1144,G025_R390_C1137,2.850438562747845,FALSE,0.2804366017439953,"(1.51,Inf]"
G025_R381_C1145,G025_R390_C1137,3.010398644698074,FALSE,0.15738350677115534,"(1.51,Inf]"
G025_R381_C1146,G025_R390_C1137,3.181980515339464,FALSE,0.09630442038320822,"(1.51,Inf]"
G025_R381_C1147,G025_R390_C1137,3.3634060117684275,FALSE,0.016469162050904415,"(1.51,Inf]"
G025_R382_C1132,G025_R390_C1137,2.358495283014151,FALSE,0.7200695317055792,"(1.51,Inf]"
G025_R382_C1133,G025_R390_C1137,2.23606797749979,FALSE,0.7184410085195571,"(1.51,Inf]"
G025_R382_C1134,G025_R390_C1137,2.1360009363293826,FALSE,0.7242496956558141,"(1.51,Inf]"
G025_R382_C1135,G025_R390_C1137,2.0615528128088303,FALSE,0.7221801781298071,"(1.51,Inf]"
G025_R382_C1136,G025_R390_C1137,2.0155644370746373,FALSE,0.7328017416254616,"(1.51,Inf]"
G025_R382_C1138,G025_R390_C1137,2.0155644370746373,FALSE,0.24409739562680477,"(1.51,Inf]"
G025_R382_C1141,G025_R390_C1137,2.23606797749979,FALSE,0.3943778045731112,"(1.51,Inf]"
G025_R382_C1143,G025_R390_C1137,2.5,FALSE,0.1716500146461634,"(1.51,Inf]"
G025_R382_C1144,G025_R390_C1137,2.6575364531836625,FALSE,0.1903566029951299,"(1.51,Inf]"
G025_R382_C1145,G025_R390_C1137,2.8284271247461903,FALSE,0.023153213104815117,"(1.51,Inf]"
G025_R382_C1146,G025_R390_C1137,3.010398644698074,FALSE,-0.07294211741650808,"(1.51,Inf]"
G025_R382_C1147,G025_R390_C1137,3.2015621187164243,FALSE,-0.15163210020101814,"(1.51,Inf]"
G025_R383_C1132,G025_R390_C1137,2.1505813167606567,FALSE,0.6972372962763661,"(1.51,Inf]"
G025_R383_C1133,G025_R390_C1137,2.0155644370746373,FALSE,0.7173487986857773,"(1.51,Inf]"
G025_R383_C1134,G025_R390_C1137,1.9039432764659772,FALSE,0.7167464815086398,"(1.51,Inf]"
G025_R383_C1135,G025_R390_C1137,1.8200274723201295,FALSE,0.7098284082826516,"(1.51,Inf]"
G025_R383_C1136,G025_R390_C1137,1.7677669529663689,FALSE,0.7281368721072414,"(1.51,Inf]"
G025_R383_C1137,G025_R390_C1137,1.75,FALSE,0.6935607181240423,"(1.51,Inf]"
G025_R383_C1139,G025_R390_C1137,1.8200274723201295,FALSE,0.7213573134237288,"(1.51,Inf]"
G025_R383_C1140,G025_R390_C1137,1.9039432764659772,FALSE,0.728284223945648,"(1.51,Inf]"
G025_R383_C1141,G025_R390_C1137,2.0155644370746373,FALSE,0.6803095586792588,"(1.51,Inf]"
G025_R383_C1142,G025_R390_C1137,2.1505813167606567,FALSE,0.5661082470413631,"(1.51,Inf]"
G025_R383_C1143,G025_R390_C1137,2.3048861143232218,FALSE,0.25602362301484755,"(1.51,Inf]"
G025_R383_C1144,G025_R390_C1137,2.4748737341529163,FALSE,0.008306019686667132,"(1.51,Inf]"
G025_R383_C1145,G025_R390_C1137,2.6575364531836625,FALSE,-0.07177383802406571,"(1.51,Inf]"
G025_R383_C1146,G025_R390_C1137,2.850438562747845,FALSE,-0.15240079989905542,"(1.51,Inf]"
G025_R383_C1147,G025_R390_C1137,3.0516389039334255,FALSE,-0.2574876216450721,"(1.51,Inf]"
G025_R384_C1132,G025_R390_C1137,1.9525624189766635,FALSE,0.6771462095613148,"(1.51,Inf]"
G025_R384_C1133,G025_R390_C1137,1.8027756377319946,FALSE,0.687645159706016,"(1.51,Inf]"
G025_R384_C1134,G025_R390_C1137,1.6770509831248424,FALSE,0.7045514749874909,"(1.51,Inf]"
G025_R384_C1135,G025_R390_C1137,1.5811388300841898,FALSE,0.7026152136297175,"(1.51,Inf]"
G025_R384_C1136,G025_R390_C1137,1.5206906325745548,FALSE,0.7334194202187437,"(1.51,Inf]"
G025_R384_C1137,G025_R390_C1137,1.5,FALSE,0.7328227628333138,"(1.01,1.51]"
G025_R384_C1138,G025_R390_C1137,1.5206906325745548,FALSE,0.7395871149227207,"(1.51,Inf]"
G025_R384_C1139,G025_R390_C1137,1.5811388300841898,FALSE,0.7492172432463055,"(1.51,Inf]"
G025_R384_C1140,G025_R390_C1137,1.6770509831248424,FALSE,0.7538362965715509,"(1.51,Inf]"
G025_R384_C1141,G025_R390_C1137,1.8027756377319946,FALSE,0.6735653201677426,"(1.51,Inf]"
G025_R384_C1142,G025_R390_C1137,1.9525624189766635,FALSE,0.46094467832435754,"(1.51,Inf]"
G025_R385_C1132,G025_R390_C1137,1.7677669529663689,FALSE,0.6907889900627833,"(1.51,Inf]"
G025_R385_C1133,G025_R390_C1137,1.6007810593582121,FALSE,0.6970516058841045,"(1.51,Inf]"
G025_R385_C1134,G025_R390_C1137,1.4577379737113252,FALSE,0.7116632385033591,"(1.01,1.51]"
G025_R385_C1135,G025_R390_C1137,1.346291201783626,FALSE,0.7382609981857912,"(1.01,1.51]"
G025_R385_C1136,G025_R390_C1137,1.2747548783981961,FALSE,0.7511382657709145,"(1.01,1.51]"
G025_R385_C1137,G025_R390_C1137,1.25,FALSE,0.74323601552091,"(1.01,1.51]"
G025_R385_C1138,G025_R390_C1137,1.2747548783981961,FALSE,0.7666378845236871,"(1.01,1.51]"
G025_R385_C1139,G025_R390_C1137,1.346291201783626,FALSE,0.7946795408947013,"(1.01,1.51]"
G025_R385_C1140,G025_R390_C1137,1.4577379737113252,FALSE,0.7146105613275534,"(1.01,1.51]"
G025_R385_C1141,G025_R390_C1137,1.6007810593582121,FALSE,0.6182442307139681,"(1.51,Inf]"
G025_R385_C1142,G025_R390_C1137,1.7677669529663689,FALSE,0.4597166877684276,"(1.51,Inf]"
G025_R386_C1132,G025_R390_C1137,1.6007810593582121,FALSE,0.7031293651445314,"(1.51,Inf]"
G025_R386_C1133,G025_R390_C1137,1.4142135623730951,FALSE,0.7200305569644198,"(1.01,1.51]"
G025_R386_C1134,G025_R390_C1137,1.25,FALSE,0.7191787623101874,"(1.01,1.51]"
G025_R386_C1135,G025_R390_C1137,1.118033988749895,FALSE,0.7505848380258177,"(1.01,1.51]"
G025_R386_C1136,G025_R390_C1137,1.0307764064044151,FALSE,0.7761546615207873,"(1.01,1.51]"
G025_R386_C1137,G025_R390_C1137,1,FALSE,0.7868967484280729,"(0.76,1.01]"
G025_R386_C1138,G025_R390_C1137,1.0307764064044151,FALSE,0.7725630954388192,"(1.01,1.51]"
G025_R386_C1139,G025_R390_C1137,1.118033988749895,FALSE,0.7547636043830036,"(1.01,1.51]"
G025_R386_C1141,G025_R390_C1137,1.4142135623730951,FALSE,0.6298656235870849,"(1.01,1.51]"
G025_R387_C1132,G025_R390_C1137,1.4577379737113252,FALSE,0.742007576465464,"(1.01,1.51]"
G025_R387_C1133,G025_R390_C1137,1.25,FALSE,0.7396731977300938,"(1.01,1.51]"
G025_R387_C1134,G025_R390_C1137,1.0606601717798212,FALSE,0.7480932257508305,"(1.01,1.51]"
G025_R387_C1135,G025_R390_C1137,0.9013878188659973,FALSE,0.7755251855521793,"(0.76,1.01]"
G025_R387_C1136,G025_R390_C1137,0.7905694150420949,FALSE,0.7835176079599651,"(0.76,1.01]"
G025_R387_C1137,G025_R390_C1137,0.75,FALSE,0.8266522536332953,"(0.51,0.76]"
G025_R387_C1138,G025_R390_C1137,0.7905694150420949,FALSE,0.8270581772675004,"(0.76,1.01]"
G025_R387_C1139,G025_R390_C1137,0.9013878188659973,FALSE,0.7994146989152475,"(0.76,1.01]"
G025_R387_C1140,G025_R390_C1137,1.0606601717798212,FALSE,0.7492199150505344,"(1.01,1.51]"
G025_R387_C1141,G025_R390_C1137,1.25,FALSE,0.5733763402029548,"(1.01,1.51]"
G025_R387_C1142,G025_R390_C1137,1.4577379737113252,FALSE,0.4458727110959602,"(1.01,1.51]"
G025_R387_C1143,G025_R390_C1137,1.6770509831248424,FALSE,0.3818956013298044,"(1.51,Inf]"
G025_R388_C1132,G025_R390_C1137,1.346291201783626,FALSE,0.7883074062503477,"(1.01,1.51]"
G025_R388_C1133,G025_R390_C1137,1.118033988749895,FALSE,0.7973414236963362,"(1.01,1.51]"
G025_R388_C1134,G025_R390_C1137,0.9013878188659973,FALSE,0.7940979447671368,"(0.76,1.01]"
G025_R388_C1135,G025_R390_C1137,0.7071067811865476,FALSE,0.7965025565799908,"(0.51,0.76]"
G025_R388_C1136,G025_R390_C1137,0.5590169943749475,FALSE,0.8280466572014468,"(0.51,0.76]"
G025_R388_C1137,G025_R390_C1137,0.5,FALSE,0.8438874424416392,"(0.26,0.51]"
G025_R388_C1138,G025_R390_C1137,0.5590169943749475,FALSE,0.8639715716056771,"(0.51,0.76]"
G025_R388_C1139,G025_R390_C1137,0.7071067811865476,FALSE,0.8386111751919937,"(0.51,0.76]"
G025_R388_C1140,G025_R390_C1137,0.9013878188659973,FALSE,0.7802618981802721,"(0.76,1.01]"
G025_R388_C1141,G025_R390_C1137,1.118033988749895,FALSE,0.7063877539411872,"(1.01,1.51]"
G025_R388_C1142,G025_R390_C1137,1.346291201783626,FALSE,0.6967617335654795,"(1.01,1.51]"
G025_R388_C1143,G025_R390_C1137,1.5811388300841898,FALSE,0.6593162517953046,"(1.51,Inf]"
G025_R388_C1144,G025_R390_C1137,1.8200274723201295,FALSE,0.6632745460323948,"(1.51,Inf]"
G025_R388_C1145,G025_R390_C1137,2.0615528128088303,FALSE,0.5047469672433424,"(1.51,Inf]"
G025_R389_C1132,G025_R390_C1137,1.2747548783981961,FALSE,0.7932847127345257,"(1.01,1.51]"
G025_R389_C1133,G025_R390_C1137,1.0307764064044151,FALSE,0.7947874166801414,"(1.01,1.51]"
G025_R389_C1134,G025_R390_C1137,0.7905694150420949,FALSE,0.8231624403434703,"(0.76,1.01]"
G025_R389_C1135,G025_R390_C1137,0.5590169943749475,FALSE,0.8563903544506336,"(0.51,0.76]"
G025_R389_C1136,G025_R390_C1137,0.3535533905932738,FALSE,0.8929943315188502,"(0.26,0.51]"
G025_R389_C1137,G025_R390_C1137,0.25,TRUE,0.914557910202973,"[0,0.26]"
G025_R389_C1138,G025_R390_C1137,0.3535533905932738,FALSE,0.9205221981682326,"(0.26,0.51]"
G025_R389_C1139,G025_R390_C1137,0.5590169943749475,FALSE,0.8699947536082139,"(0.51,0.76]"
G025_R389_C1140,G025_R390_C1137,0.7905694150420949,FALSE,0.7751895592952137,"(0.76,1.01]"
G025_R389_C1141,G025_R390_C1137,1.0307764064044151,FALSE,0.7153860390024731,"(1.01,1.51]"
G025_R389_C1142,G025_R390_C1137,1.2747548783981961,FALSE,0.678427512334159,"(1.01,1.51]"
G025_R389_C1143,G025_R390_C1137,1.5206906325745548,FALSE,0.6632096803537577,"(1.51,Inf]"
G025_R389_C1144,G025_R390_C1137,1.7677669529663689,FALSE,0.6880878995876871,"(1.51,Inf]"
G025_R389_C1145,G025_R390_C1137,2.0155644370746373,FALSE,0.548619396253709,"(1.51,Inf]"
G025_R390_C1132,G025_R390_C1137,1.25,FALSE,0.8203781065013332,"(1.01,1.51]"
G025_R390_C1133,G025_R390_C1137,1,FALSE,0.8284360249527889,"(0.76,1.01]"
G025_R390_C1134,G025_R390_C1137,0.75,FALSE,0.8587740423577969,"(0.51,0.76]"
G025_R390_C1135,G025_R390_C1137,0.5,FALSE,0.891635101862786,"(0.26,0.51]"
G025_R390_C1136,G025_R390_C1137,0.25,TRUE,0.9530553716669378,"[0,0.26]"
G025_R380_C1132,G025_R390_C1138,2.9154759474226504,FALSE,0.6649358446717215,"(1.51,Inf]"
G025_R380_C1133,G025_R390_C1138,2.7950849718747373,FALSE,0.6500339134078118,"(1.51,Inf]"
G025_R380_C1134,G025_R390_C1138,2.692582403567252,FALSE,0.6390970883141097,"(1.51,Inf]"
G025_R380_C1135,G025_R390_C1138,2.6100766272276377,FALSE,0.585658047283818,"(1.51,Inf]"
G025_R380_C1143,G025_R390_C1138,2.7950849718747373,FALSE,0.03889484913155624,"(1.51,Inf]"
G025_R380_C1144,G025_R390_C1138,2.9154759474226504,FALSE,0.19911830159290383,"(1.51,Inf]"
G025_R380_C1145,G025_R390_C1138,3.0516389039334255,FALSE,0.09786559436388673,"(1.51,Inf]"
G025_R380_C1146,G025_R390_C1138,3.2015621187164243,FALSE,-0.035838603735720356,"(1.51,Inf]"
G025_R380_C1147,G025_R390_C1138,3.3634060117684275,FALSE,-0.07373583187573446,"(1.51,Inf]"
G025_R381_C1132,G025_R390_C1138,2.704163456597992,FALSE,0.6890156640991639,"(1.51,Inf]"
G025_R381_C1133,G025_R390_C1138,2.57390753524675,FALSE,0.6745664695427052,"(1.51,Inf]"
G025_R381_C1134,G025_R390_C1138,2.462214450449026,FALSE,0.6614276862552029,"(1.51,Inf]"
G025_R381_C1135,G025_R390_C1138,2.3717082451262845,FALSE,0.67708682884702,"(1.51,Inf]"
G025_R381_C1143,G025_R390_C1138,2.57390753524675,FALSE,0.13277538932095403,"(1.51,Inf]"
G025_R381_C1144,G025_R390_C1138,2.704163456597992,FALSE,0.27985014243537076,"(1.51,Inf]"
G025_R381_C1145,G025_R390_C1138,2.850438562747845,FALSE,0.14040053791587018,"(1.51,Inf]"
G025_R381_C1146,G025_R390_C1138,3.010398644698074,FALSE,0.07457444640177657,"(1.51,Inf]"
G025_R381_C1147,G025_R390_C1138,3.181980515339464,FALSE,-0.004081886134174424,"(1.51,Inf]"
G025_R382_C1132,G025_R390_C1138,2.5,FALSE,0.7000223962576563,"(1.51,Inf]"
G025_R382_C1133,G025_R390_C1138,2.358495283014151,FALSE,0.6952888387256837,"(1.51,Inf]"
G025_R382_C1134,G025_R390_C1138,2.23606797749979,FALSE,0.6974876823772932,"(1.51,Inf]"
G025_R382_C1135,G025_R390_C1138,2.1360009363293826,FALSE,0.7017591439753991,"(1.51,Inf]"
G025_R382_C1136,G025_R390_C1138,2.0615528128088303,FALSE,0.7144155853001182,"(1.51,Inf]"
G025_R382_C1138,G025_R390_C1138,2,FALSE,0.23788264575236331,"(1.51,Inf]"
G025_R382_C1141,G025_R390_C1138,2.1360009363293826,FALSE,0.34901608256170397,"(1.51,Inf]"
G025_R382_C1143,G025_R390_C1138,2.358495283014151,FALSE,0.16971392914444508,"(1.51,Inf]"
G025_R382_C1144,G025_R390_C1138,2.5,FALSE,0.19271176153388955,"(1.51,Inf]"
G025_R382_C1145,G025_R390_C1138,2.6575364531836625,FALSE,0.026930803745916936,"(1.51,Inf]"
G025_R382_C1146,G025_R390_C1138,2.8284271247461903,FALSE,-0.08770865793345586,"(1.51,Inf]"
G025_R382_C1147,G025_R390_C1138,3.010398644698074,FALSE,-0.1602714903057414,"(1.51,Inf]"
G025_R383_C1132,G025_R390_C1138,2.3048861143232218,FALSE,0.6751907854242996,"(1.51,Inf]"
G025_R383_C1133,G025_R390_C1138,2.1505813167606567,FALSE,0.6906350358031477,"(1.51,Inf]"
G025_R383_C1134,G025_R390_C1138,2.0155644370746373,FALSE,0.6877534918068484,"(1.51,Inf]"
G025_R383_C1135,G025_R390_C1138,1.9039432764659772,FALSE,0.6903833167047457,"(1.51,Inf]"
G025_R383_C1136,G025_R390_C1138,1.8200274723201295,FALSE,0.7087577974839163,"(1.51,Inf]"
G025_R383_C1137,G025_R390_C1138,1.7677669529663689,FALSE,0.6562432168795177,"(1.51,Inf]"
G025_R383_C1139,G025_R390_C1138,1.7677669529663689,FALSE,0.7243039886129441,"(1.51,Inf]"
G025_R383_C1140,G025_R390_C1138,1.8200274723201295,FALSE,0.7173498884932613,"(1.51,Inf]"
G025_R383_C1141,G025_R390_C1138,1.9039432764659772,FALSE,0.650447507126845,"(1.51,Inf]"
G025_R383_C1142,G025_R390_C1138,2.0155644370746373,FALSE,0.5585872795932195,"(1.51,Inf]"
G025_R383_C1143,G025_R390_C1138,2.1505813167606567,FALSE,0.2629700862666625,"(1.51,Inf]"
G025_R383_C1144,G025_R390_C1138,2.3048861143232218,FALSE,-0.026745474302224452,"(1.51,Inf]"
G025_R383_C1145,G025_R390_C1138,2.4748737341529163,FALSE,-0.06076511424912917,"(1.51,Inf]"
G025_R383_C1146,G025_R390_C1138,2.6575364531836625,FALSE,-0.1600722393725677,"(1.51,Inf]"
G025_R383_C1147,G025_R390_C1138,2.850438562747845,FALSE,-0.33357464560184225,"(1.51,Inf]"
G025_R384_C1132,G025_R390_C1138,2.1213203435596424,FALSE,0.6637476470630697,"(1.51,Inf]"
G025_R384_C1133,G025_R390_C1138,1.9525624189766635,FALSE,0.6684325621511193,"(1.51,Inf]"
G025_R384_C1134,G025_R390_C1138,1.8027756377319946,FALSE,0.6851035973208629,"(1.51,Inf]"
G025_R384_C1135,G025_R390_C1138,1.6770509831248424,FALSE,0.6822414072367168,"(1.51,Inf]"
G025_R384_C1136,G025_R390_C1138,1.5811388300841898,FALSE,0.7051221411439994,"(1.51,Inf]"
G025_R384_C1137,G025_R390_C1138,1.5206906325745548,FALSE,0.7072989944954154,"(1.51,Inf]"
G025_R384_C1138,G025_R390_C1138,1.5,FALSE,0.725766164568034,"(1.01,1.51]"
G025_R384_C1139,G025_R390_C1138,1.5206906325745548,FALSE,0.7455756485064756,"(1.51,Inf]"
G025_R384_C1140,G025_R390_C1138,1.5811388300841898,FALSE,0.7419455111177835,"(1.51,Inf]"
G025_R384_C1141,G025_R390_C1138,1.6770509831248424,FALSE,0.6558838473512048,"(1.51,Inf]"
G025_R384_C1142,G025_R390_C1138,1.8027756377319946,FALSE,0.4697138627488367,"(1.51,Inf]"
G025_R385_C1132,G025_R390_C1138,1.9525624189766635,FALSE,0.6819721897523616,"(1.51,Inf]"
G025_R385_C1133,G025_R390_C1138,1.7677669529663689,FALSE,0.6810119312319276,"(1.51,Inf]"
G025_R385_C1134,G025_R390_C1138,1.6007810593582121,FALSE,0.6964390747552258,"(1.51,Inf]"
G025_R385_C1135,G025_R390_C1138,1.4577379737113252,FALSE,0.7188198025097108,"(1.01,1.51]"
G025_R385_C1136,G025_R390_C1138,1.346291201783626,FALSE,0.7262567837218505,"(1.01,1.51]"
G025_R385_C1137,G025_R390_C1138,1.2747548783981961,FALSE,0.7184402581436324,"(1.01,1.51]"
G025_R385_C1138,G025_R390_C1138,1.25,FALSE,0.7450725479658313,"(1.01,1.51]"
G025_R385_C1139,G025_R390_C1138,1.2747548783981961,FALSE,0.7811842122164045,"(1.01,1.51]"
G025_R385_C1140,G025_R390_C1138,1.346291201783626,FALSE,0.7000514698533702,"(1.01,1.51]"
G025_R385_C1141,G025_R390_C1138,1.4577379737113252,FALSE,0.5997022775625612,"(1.01,1.51]"
G025_R385_C1142,G025_R390_C1138,1.6007810593582121,FALSE,0.4510099730555711,"(1.51,Inf]"
G025_R386_C1132,G025_R390_C1138,1.8027756377319946,FALSE,0.6803334259078564,"(1.51,Inf]"
G025_R386_C1133,G025_R390_C1138,1.6007810593582121,FALSE,0.6884228538882453,"(1.51,Inf]"
G025_R386_C1134,G025_R390_C1138,1.4142135623730951,FALSE,0.6861429675310893,"(1.01,1.51]"
G025_R386_C1135,G025_R390_C1138,1.25,FALSE,0.7160875980572993,"(1.01,1.51]"
G025_R386_C1136,G025_R390_C1138,1.118033988749895,FALSE,0.7454727075317508,"(1.01,1.51]"
G025_R386_C1137,G025_R390_C1138,1.0307764064044151,FALSE,0.7639318621693941,"(1.01,1.51]"
G025_R386_C1138,G025_R390_C1138,1,FALSE,0.7564870628529784,"(0.76,1.01]"
G025_R386_C1139,G025_R390_C1138,1.0307764064044151,FALSE,0.7364256257717215,"(1.01,1.51]"
G025_R386_C1141,G025_R390_C1138,1.25,FALSE,0.6049865481857346,"(1.01,1.51]"
G025_R387_C1132,G025_R390_C1138,1.6770509831248424,FALSE,0.7253187595211544,"(1.51,Inf]"
G025_R387_C1133,G025_R390_C1138,1.4577379737113252,FALSE,0.7067891143685022,"(1.01,1.51]"
G025_R387_C1134,G025_R390_C1138,1.25,FALSE,0.7093015144670988,"(1.01,1.51]"
G025_R387_C1135,G025_R390_C1138,1.0606601717798212,FALSE,0.7294944083134102,"(1.01,1.51]"
G025_R387_C1136,G025_R390_C1138,0.9013878188659973,FALSE,0.7462834777212174,"(0.76,1.01]"
G025_R387_C1137,G025_R390_C1138,0.7905694150420949,FALSE,0.7974801013727524,"(0.76,1.01]"
G025_R387_C1138,G025_R390_C1138,0.75,FALSE,0.8007531948588531,"(0.51,0.76]"
G025_R387_C1139,G025_R390_C1138,0.7905694150420949,FALSE,0.7752259588325322,"(0.76,1.01]"
G025_R387_C1140,G025_R390_C1138,0.9013878188659973,FALSE,0.7401794828105487,"(0.76,1.01]"
G025_R387_C1141,G025_R390_C1138,1.0606601717798212,FALSE,0.5896679624344864,"(1.01,1.51]"
G025_R387_C1142,G025_R390_C1138,1.25,FALSE,0.4606901626431896,"(1.01,1.51]"
G025_R387_C1143,G025_R390_C1138,1.4577379737113252,FALSE,0.40097661353007846,"(1.01,1.51]"
G025_R388_C1132,G025_R390_C1138,1.5811388300841898,FALSE,0.7694616567886474,"(1.51,Inf]"
G025_R388_C1133,G025_R390_C1138,1.346291201783626,FALSE,0.7653063660671429,"(1.01,1.51]"
G025_R388_C1134,G025_R390_C1138,1.118033988749895,FALSE,0.7579572979412124,"(1.01,1.51]"
G025_R388_C1135,G025_R390_C1138,0.9013878188659973,FALSE,0.7548121684104383,"(0.76,1.01]"
G025_R388_C1136,G025_R390_C1138,0.7071067811865476,FALSE,0.7819486081874177,"(0.51,0.76]"
G025_R388_C1137,G025_R390_C1138,0.5590169943749475,FALSE,0.8037298178990254,"(0.51,0.76]"
G025_R388_C1138,G025_R390_C1138,0.5,FALSE,0.8275764152216252,"(0.26,0.51]"
G025_R388_C1139,G025_R390_C1138,0.5590169943749475,FALSE,0.8223100538243981,"(0.51,0.76]"
G025_R388_C1140,G025_R390_C1138,0.7071067811865476,FALSE,0.8018659657915407,"(0.51,0.76]"
G025_R388_C1141,G025_R390_C1138,0.9013878188659973,FALSE,0.7289788869603755,"(0.76,1.01]"
G025_R388_C1142,G025_R390_C1138,1.118033988749895,FALSE,0.7092561092931517,"(1.01,1.51]"
G025_R388_C1143,G025_R390_C1138,1.346291201783626,FALSE,0.668043090913429,"(1.01,1.51]"
G025_R388_C1144,G025_R390_C1138,1.5811388300841898,FALSE,0.6551496486937617,"(1.51,Inf]"
G025_R388_C1145,G025_R390_C1138,1.8200274723201295,FALSE,0.5235314464489738,"(1.51,Inf]"
G025_R389_C1132,G025_R390_C1138,1.5206906325745548,FALSE,0.7673335915837992,"(1.51,Inf]"
G025_R389_C1133,G025_R390_C1138,1.2747548783981961,FALSE,0.7636322327672026,"(1.01,1.51]"
G025_R389_C1134,G025_R390_C1138,1.0307764064044151,FALSE,0.7832577364131175,"(1.01,1.51]"
G025_R389_C1135,G025_R390_C1138,0.7905694150420949,FALSE,0.8064424027603994,"(0.76,1.01]"
G025_R389_C1136,G025_R390_C1138,0.5590169943749475,FALSE,0.8305253866174555,"(0.51,0.76]"
G025_R389_C1137,G025_R390_C1138,0.3535533905932738,FALSE,0.8691156564637206,"(0.26,0.51]"
G025_R389_C1138,G025_R390_C1138,0.25,TRUE,0.9123511619948979,"[0,0.26]"
G025_R389_C1139,G025_R390_C1138,0.3535533905932738,FALSE,0.8975252828431297,"(0.26,0.51]"
G025_R389_C1140,G025_R390_C1138,0.5590169943749475,FALSE,0.8073950240112777,"(0.51,0.76]"
G025_R389_C1141,G025_R390_C1138,0.7905694150420949,FALSE,0.7409902236339246,"(0.76,1.01]"
G025_R389_C1142,G025_R390_C1138,1.0307764064044151,FALSE,0.6843711907067019,"(1.01,1.51]"
G025_R389_C1143,G025_R390_C1138,1.2747548783981961,FALSE,0.663044378762466,"(1.01,1.51]"
G025_R389_C1144,G025_R390_C1138,1.5206906325745548,FALSE,0.691077672476475,"(1.51,Inf]"
G025_R389_C1145,G025_R390_C1138,1.7677669529663689,FALSE,0.5415512288808118,"(1.51,Inf]"
G025_R390_C1132,G025_R390_C1138,1.5,FALSE,0.7949242346978376,"(1.01,1.51]"
G025_R390_C1133,G025_R390_C1138,1.25,FALSE,0.7919675874277806,"(1.01,1.51]"
G025_R390_C1134,G025_R390_C1138,1,FALSE,0.8201890512684641,"(0.76,1.01]"
G025_R390_C1135,G025_R390_C1138,0.75,FALSE,0.8354965377980177,"(0.51,0.76]"
G025_R390_C1136,G025_R390_C1138,0.5,FALSE,0.879012597716556,"(0.26,0.51]"
G025_R390_C1137,G025_R390_C1138,0.25,TRUE,0.942582008663391,"[0,0.26]"
G025_R380_C1132,G025_R390_C1139,3.0516389039334255,FALSE,0.6657824272847539,"(1.51,Inf]"
G025_R380_C1133,G025_R390_C1139,2.9154759474226504,FALSE,0.6498175475980628,"(1.51,Inf]"
G025_R380_C1134,G025_R390_C1139,2.7950849718747373,FALSE,0.6101921909344457,"(1.51,Inf]"
G025_R380_C1135,G025_R390_C1139,2.692582403567252,FALSE,0.5322301642005683,"(1.51,Inf]"
G025_R380_C1143,G025_R390_C1139,2.692582403567252,FALSE,-0.0027609956967189968,"(1.51,Inf]"
G025_R380_C1144,G025_R390_C1139,2.7950849718747373,FALSE,0.2015412605793499,"(1.51,Inf]"
G025_R380_C1145,G025_R390_C1139,2.9154759474226504,FALSE,0.08508821929723435,"(1.51,Inf]"
G025_R380_C1146,G025_R390_C1139,3.0516389039334255,FALSE,-0.04453681322769148,"(1.51,Inf]"
G025_R380_C1147,G025_R390_C1139,3.2015621187164243,FALSE,-0.07049785942610876,"(1.51,Inf]"
G025_R381_C1132,G025_R390_C1139,2.850438562747845,FALSE,0.6877097279442578,"(1.51,Inf]"
G025_R381_C1133,G025_R390_C1139,2.704163456597992,FALSE,0.6850459019628266,"(1.51,Inf]"
G025_R381_C1134,G025_R390_C1139,2.57390753524675,FALSE,0.6835739601424097,"(1.51,Inf]"
G025_R381_C1135,G025_R390_C1139,2.462214450449026,FALSE,0.6800043508775753,"(1.51,Inf]"
G025_R381_C1143,G025_R390_C1139,2.462214450449026,FALSE,0.12042089316382168,"(1.51,Inf]"
G025_R381_C1144,G025_R390_C1139,2.57390753524675,FALSE,0.29707540506116376,"(1.51,Inf]"
G025_R381_C1145,G025_R390_C1139,2.704163456597992,FALSE,0.1563028756957938,"(1.51,Inf]"
G025_R381_C1146,G025_R390_C1139,2.850438562747845,FALSE,0.09363602618791667,"(1.51,Inf]"
G025_R381_C1147,G025_R390_C1139,3.010398644698074,FALSE,0.02892228783687864,"(1.51,Inf]"
G025_R382_C1132,G025_R390_C1139,2.6575364531836625,FALSE,0.7041705578354727,"(1.51,Inf]"
G025_R382_C1133,G025_R390_C1139,2.5,FALSE,0.6971976186874739,"(1.51,Inf]"
G025_R382_C1134,G025_R390_C1139,2.358495283014151,FALSE,0.6958273261450661,"(1.51,Inf]"
G025_R382_C1135,G025_R390_C1139,2.23606797749979,FALSE,0.7013508470845138,"(1.51,Inf]"
G025_R382_C1136,G025_R390_C1139,2.1360009363293826,FALSE,0.6881114671407289,"(1.51,Inf]"
G025_R382_C1138,G025_R390_C1139,2.0155644370746373,FALSE,0.2206863828672388,"(1.51,Inf]"
G025_R382_C1141,G025_R390_C1139,2.0615528128088303,FALSE,0.3350614100325112,"(1.51,Inf]"
G025_R382_C1143,G025_R390_C1139,2.23606797749979,FALSE,0.16930253444953397,"(1.51,Inf]"
G025_R382_C1144,G025_R390_C1139,2.358495283014151,FALSE,0.22803433193735198,"(1.51,Inf]"
G025_R382_C1145,G025_R390_C1139,2.5,FALSE,0.055943796628636924,"(1.51,Inf]"
G025_R382_C1146,G025_R390_C1139,2.6575364531836625,FALSE,-0.06106726504658941,"(1.51,Inf]"
G025_R382_C1147,G025_R390_C1139,2.8284271247461903,FALSE,-0.126449249785891,"(1.51,Inf]"
G025_R383_C1132,G025_R390_C1139,2.4748737341529163,FALSE,0.6809749450575986,"(1.51,Inf]"
G025_R383_C1133,G025_R390_C1139,2.3048861143232218,FALSE,0.6918145146970658,"(1.51,Inf]"
G025_R383_C1134,G025_R390_C1139,2.1505813167606567,FALSE,0.6802264096668064,"(1.51,Inf]"
G025_R383_C1135,G025_R390_C1139,2.0155644370746373,FALSE,0.6945375539017669,"(1.51,Inf]"
G025_R383_C1136,G025_R390_C1139,1.9039432764659772,FALSE,0.70990123966525,"(1.51,Inf]"
G025_R383_C1137,G025_R390_C1139,1.8200274723201295,FALSE,0.6498917549673491,"(1.51,Inf]"
G025_R383_C1139,G025_R390_C1139,1.75,FALSE,0.7218151197410219,"(1.51,Inf]"
G025_R383_C1140,G025_R390_C1139,1.7677669529663689,FALSE,0.7006280255570114,"(1.51,Inf]"
G025_R383_C1141,G025_R390_C1139,1.8200274723201295,FALSE,0.6336269022540322,"(1.51,Inf]"
G025_R383_C1142,G025_R390_C1139,1.9039432764659772,FALSE,0.5574130249607336,"(1.51,Inf]"
G025_R383_C1143,G025_R390_C1139,2.0155644370746373,FALSE,0.3043139607580173,"(1.51,Inf]"
G025_R383_C1144,G025_R390_C1139,2.1505813167606567,FALSE,-0.009145460457033907,"(1.51,Inf]"
G025_R383_C1145,G025_R390_C1139,2.3048861143232218,FALSE,-0.09870459970177664,"(1.51,Inf]"
G025_R383_C1146,G025_R390_C1139,2.4748737341529163,FALSE,-0.17997832028174515,"(1.51,Inf]"
G025_R383_C1147,G025_R390_C1139,2.6575364531836625,FALSE,-0.3029395141540487,"(1.51,Inf]"
G025_R384_C1132,G025_R390_C1139,2.3048861143232218,FALSE,0.673459991354929,"(1.51,Inf]"
G025_R384_C1133,G025_R390_C1139,2.1213203435596424,FALSE,0.6620951167786018,"(1.51,Inf]"
G025_R384_C1134,G025_R390_C1139,1.9525624189766635,FALSE,0.679596090033757,"(1.51,Inf]"
G025_R384_C1135,G025_R390_C1139,1.8027756377319946,FALSE,0.6890702568762934,"(1.51,Inf]"
G025_R384_C1136,G025_R390_C1139,1.6770509831248424,FALSE,0.7115269477002075,"(1.51,Inf]"
G025_R384_C1137,G025_R390_C1139,1.5811388300841898,FALSE,0.7063745282914425,"(1.51,Inf]"
G025_R384_C1138,G025_R390_C1139,1.5206906325745548,FALSE,0.7079768876578839,"(1.51,Inf]"
G025_R384_C1139,G025_R390_C1139,1.5,FALSE,0.7364196976076917,"(1.01,1.51]"
G025_R384_C1140,G025_R390_C1139,1.5206906325745548,FALSE,0.7147478709754643,"(1.51,Inf]"
G025_R384_C1141,G025_R390_C1139,1.5811388300841898,FALSE,0.6362250800136132,"(1.51,Inf]"
G025_R384_C1142,G025_R390_C1139,1.6770509831248424,FALSE,0.4717983087642226,"(1.51,Inf]"
G025_R385_C1132,G025_R390_C1139,2.1505813167606567,FALSE,0.6950687915962329,"(1.51,Inf]"
G025_R385_C1133,G025_R390_C1139,1.9525624189766635,FALSE,0.6957334077781316,"(1.51,Inf]"
G025_R385_C1134,G025_R390_C1139,1.7677669529663689,FALSE,0.7196371112869454,"(1.51,Inf]"
G025_R385_C1135,G025_R390_C1139,1.6007810593582121,FALSE,0.7335137388782306,"(1.51,Inf]"
G025_R385_C1136,G025_R390_C1139,1.4577379737113252,FALSE,0.737823985306687,"(1.01,1.51]"
G025_R385_C1137,G025_R390_C1139,1.346291201783626,FALSE,0.7145265199464137,"(1.01,1.51]"
G025_R385_C1138,G025_R390_C1139,1.2747548783981961,FALSE,0.7373667995025376,"(1.01,1.51]"
G025_R385_C1139,G025_R390_C1139,1.25,FALSE,0.7633631321664613,"(1.01,1.51]"
G025_R385_C1140,G025_R390_C1139,1.2747548783981961,FALSE,0.6739436350925321,"(1.01,1.51]"
G025_R385_C1141,G025_R390_C1139,1.346291201783626,FALSE,0.575695426328029,"(1.01,1.51]"
G025_R385_C1142,G025_R390_C1139,1.4577379737113252,FALSE,0.43055621649226045,"(1.01,1.51]"
G025_R386_C1132,G025_R390_C1139,2.0155644370746373,FALSE,0.6907122260500698,"(1.51,Inf]"
G025_R386_C1133,G025_R390_C1139,1.8027756377319946,FALSE,0.7051928137326233,"(1.51,Inf]"
G025_R386_C1134,G025_R390_C1139,1.6007810593582121,FALSE,0.7129665619909586,"(1.51,Inf]"
G025_R386_C1135,G025_R390_C1139,1.4142135623730951,FALSE,0.7367825891185651,"(1.01,1.51]"
G025_R386_C1136,G025_R390_C1139,1.25,FALSE,0.7497032831305939,"(1.01,1.51]"
G025_R386_C1137,G025_R390_C1139,1.118033988749895,FALSE,0.7370453087931216,"(1.01,1.51]"
G025_R386_C1138,G025_R390_C1139,1.0307764064044151,FALSE,0.735280093134102,"(1.01,1.51]"
G025_R386_C1139,G025_R390_C1139,1,FALSE,0.7280242207426026,"(0.76,1.01]"
G025_R386_C1141,G025_R390_C1139,1.118033988749895,FALSE,0.5872995606183332,"(1.01,1.51]"
G025_R387_C1132,G025_R390_C1139,1.9039432764659772,FALSE,0.7246932633114138,"(1.51,Inf]"
G025_R387_C1133,G025_R390_C1139,1.6770509831248424,FALSE,0.7120536516306737,"(1.51,Inf]"
G025_R387_C1134,G025_R390_C1139,1.4577379737113252,FALSE,0.7316067483627925,"(1.01,1.51]"
G025_R387_C1135,G025_R390_C1139,1.25,FALSE,0.7478957466729368,"(1.01,1.51]"
G025_R387_C1136,G025_R390_C1139,1.0606601717798212,FALSE,0.7543657258762648,"(1.01,1.51]"
G025_R387_C1137,G025_R390_C1139,0.9013878188659973,FALSE,0.7866028594595686,"(0.76,1.01]"
G025_R387_C1138,G025_R390_C1139,0.7905694150420949,FALSE,0.7960065157728491,"(0.76,1.01]"
G025_R387_C1139,G025_R390_C1139,0.75,FALSE,0.7904380757633299,"(0.51,0.76]"
G025_R387_C1140,G025_R390_C1139,0.7905694150420949,FALSE,0.7442852522069761,"(0.76,1.01]"
G025_R387_C1141,G025_R390_C1139,0.9013878188659973,FALSE,0.590909956865535,"(0.76,1.01]"
G025_R387_C1142,G025_R390_C1139,1.0606601717798212,FALSE,0.44857753457556004,"(1.01,1.51]"
G025_R387_C1143,G025_R390_C1139,1.25,FALSE,0.40460884652690143,"(1.01,1.51]"
G025_R388_C1132,G025_R390_C1139,1.8200274723201295,FALSE,0.7676315393494786,"(1.51,Inf]"
G025_R388_C1133,G025_R390_C1139,1.5811388300841898,FALSE,0.7577269374116133,"(1.51,Inf]"
G025_R388_C1134,G025_R390_C1139,1.346291201783626,FALSE,0.7606677180244821,"(1.01,1.51]"
G025_R388_C1135,G025_R390_C1139,1.118033988749895,FALSE,0.7501179436717803,"(1.01,1.51]"
G025_R388_C1136,G025_R390_C1139,0.9013878188659973,FALSE,0.7609497208559781,"(0.76,1.01]"
G025_R388_C1137,G025_R390_C1139,0.7071067811865476,FALSE,0.7806426901062326,"(0.51,0.76]"
G025_R388_C1138,G025_R390_C1139,0.5590169943749475,FALSE,0.8124426858818702,"(0.51,0.76]"
G025_R388_C1139,G025_R390_C1139,0.5,FALSE,0.8319810585937686,"(0.26,0.51]"
G025_R388_C1140,G025_R390_C1139,0.5590169943749475,FALSE,0.8235227851544016,"(0.51,0.76]"
G025_R388_C1141,G025_R390_C1139,0.7071067811865476,FALSE,0.7752999904045911,"(0.51,0.76]"
G025_R388_C1142,G025_R390_C1139,0.9013878188659973,FALSE,0.7277511200468346,"(0.76,1.01]"
G025_R388_C1143,G025_R390_C1139,1.118033988749895,FALSE,0.7000837784959144,"(1.01,1.51]"
G025_R388_C1144,G025_R390_C1139,1.346291201783626,FALSE,0.6726177199322487,"(1.01,1.51]"
G025_R388_C1145,G025_R390_C1139,1.5811388300841898,FALSE,0.5119149871306292,"(1.51,Inf]"
G025_R389_C1132,G025_R390_C1139,1.7677669529663689,FALSE,0.7467047924757174,"(1.51,Inf]"
G025_R389_C1133,G025_R390_C1139,1.5206906325745548,FALSE,0.7364497927066781,"(1.51,Inf]"
G025_R389_C1134,G025_R390_C1139,1.2747548783981961,FALSE,0.7627515156369566,"(1.01,1.51]"
G025_R389_C1135,G025_R390_C1139,1.0307764064044151,FALSE,0.7989264980544694,"(1.01,1.51]"
G025_R389_C1136,G025_R390_C1139,0.7905694150420949,FALSE,0.8153277704178054,"(0.76,1.01]"
G025_R389_C1137,G025_R390_C1139,0.5590169943749475,FALSE,0.838653535536008,"(0.51,0.76]"
G025_R389_C1138,G025_R390_C1139,0.3535533905932738,FALSE,0.8764662429121982,"(0.26,0.51]"
G025_R389_C1139,G025_R390_C1139,0.25,TRUE,0.8997444056430042,"[0,0.26]"
G025_R389_C1140,G025_R390_C1139,0.3535533905932738,FALSE,0.8675746857551672,"(0.26,0.51]"
G025_R389_C1141,G025_R390_C1139,0.5590169943749475,FALSE,0.8029511424959344,"(0.51,0.76]"
G025_R389_C1142,G025_R390_C1139,0.7905694150420949,FALSE,0.7426244721005916,"(0.76,1.01]"
G025_R389_C1143,G025_R390_C1139,1.0307764064044151,FALSE,0.6999995290939592,"(1.01,1.51]"
G025_R389_C1144,G025_R390_C1139,1.2747548783981961,FALSE,0.7110988898515999,"(1.01,1.51]"
G025_R389_C1145,G025_R390_C1139,1.5206906325745548,FALSE,0.5703666348623918,"(1.51,Inf]"
G025_R390_C1132,G025_R390_C1139,1.75,FALSE,0.7568477008998885,"(1.51,Inf]"
G025_R390_C1133,G025_R390_C1139,1.5,FALSE,0.7585297126145439,"(1.01,1.51]"
G025_R390_C1134,G025_R390_C1139,1.25,FALSE,0.7916725463512427,"(1.01,1.51]"
G025_R390_C1135,G025_R390_C1139,1,FALSE,0.8111465272230983,"(0.76,1.01]"
G025_R390_C1136,G025_R390_C1139,0.75,FALSE,0.8498920580518579,"(0.51,0.76]"
G025_R390_C1137,G025_R390_C1139,0.5,FALSE,0.8946146978725371,"(0.26,0.51]"
G025_R390_C1138,G025_R390_C1139,0.25,TRUE,0.9399543925268735,"[0,0.26]"
G025_R380_C1132,G025_R390_C1140,3.2015621187164243,FALSE,0.6483037818843588,"(1.51,Inf]"
G025_R380_C1133,G025_R390_C1140,3.0516389039334255,FALSE,0.616781403498062,"(1.51,Inf]"
G025_R380_C1134,G025_R390_C1140,2.9154759474226504,FALSE,0.5601670043461235,"(1.51,Inf]"
G025_R380_C1135,G025_R390_C1140,2.7950849718747373,FALSE,0.482484929197863,"(1.51,Inf]"
G025_R380_C1143,G025_R390_C1140,2.6100766272276377,FALSE,-0.002351806676183801,"(1.51,Inf]"
G025_R380_C1144,G025_R390_C1140,2.692582403567252,FALSE,0.22829196666467497,"(1.51,Inf]"
G025_R380_C1145,G025_R390_C1140,2.7950849718747373,FALSE,0.11385511383051777,"(1.51,Inf]"
G025_R380_C1146,G025_R390_C1140,2.9154759474226504,FALSE,-0.03912945670386122,"(1.51,Inf]"
G025_R380_C1147,G025_R390_C1140,3.0516389039334255,FALSE,-0.08097404115910074,"(1.51,Inf]"
G025_R381_C1132,G025_R390_C1140,3.010398644698074,FALSE,0.6717898650147607,"(1.51,Inf]"
G025_R381_C1133,G025_R390_C1140,2.850438562747845,FALSE,0.6666267025917043,"(1.51,Inf]"
G025_R381_C1134,G025_R390_C1140,2.704163456597992,FALSE,0.6656017330273214,"(1.51,Inf]"
G025_R381_C1135,G025_R390_C1140,2.57390753524675,FALSE,0.6592822330662426,"(1.51,Inf]"
G025_R381_C1143,G025_R390_C1140,2.3717082451262845,FALSE,0.10882711191739294,"(1.51,Inf]"
G025_R381_C1144,G025_R390_C1140,2.462214450449026,FALSE,0.3158329861846922,"(1.51,Inf]"
G025_R381_C1145,G025_R390_C1140,2.57390753524675,FALSE,0.1656175073463161,"(1.51,Inf]"
G025_R381_C1146,G025_R390_C1140,2.704163456597992,FALSE,0.08975402171220265,"(1.51,Inf]"
G025_R381_C1147,G025_R390_C1140,2.850438562747845,FALSE,0.02189598491917547,"(1.51,Inf]"
G025_R382_C1132,G025_R390_C1140,2.8284271247461903,FALSE,0.6920803906874814,"(1.51,Inf]"
G025_R382_C1133,G025_R390_C1140,2.6575364531836625,FALSE,0.6828156775552262,"(1.51,Inf]"
G025_R382_C1134,G025_R390_C1140,2.5,FALSE,0.6851374008835969,"(1.51,Inf]"
G025_R382_C1135,G025_R390_C1140,2.358495283014151,FALSE,0.6972433641290945,"(1.51,Inf]"
G025_R382_C1136,G025_R390_C1140,2.23606797749979,FALSE,0.692784937608622,"(1.51,Inf]"
G025_R382_C1138,G025_R390_C1140,2.0615528128088303,FALSE,0.19014646068328034,"(1.51,Inf]"
G025_R382_C1141,G025_R390_C1140,2.0155644370746373,FALSE,0.32525735577216164,"(1.51,Inf]"
G025_R382_C1143,G025_R390_C1140,2.1360009363293826,FALSE,0.14954152019837905,"(1.51,Inf]"
G025_R382_C1144,G025_R390_C1140,2.23606797749979,FALSE,0.23741006618927363,"(1.51,Inf]"
G025_R382_C1145,G025_R390_C1140,2.358495283014151,FALSE,0.09194917353427143,"(1.51,Inf]"
G025_R382_C1146,G025_R390_C1140,2.5,FALSE,-0.04471216261517601,"(1.51,Inf]"
G025_R382_C1147,G025_R390_C1140,2.6575364531836625,FALSE,-0.11941535527433679,"(1.51,Inf]"
G025_R383_C1132,G025_R390_C1140,2.6575364531836625,FALSE,0.673183635729501,"(1.51,Inf]"
G025_R383_C1133,G025_R390_C1140,2.4748737341529163,FALSE,0.683752801408,"(1.51,Inf]"
G025_R383_C1134,G025_R390_C1140,2.3048861143232218,FALSE,0.6724292921610865,"(1.51,Inf]"
G025_R383_C1135,G025_R390_C1140,2.1505813167606567,FALSE,0.6822815426550817,"(1.51,Inf]"
G025_R383_C1136,G025_R390_C1140,2.0155644370746373,FALSE,0.7171695452043794,"(1.51,Inf]"
G025_R383_C1137,G025_R390_C1140,1.9039432764659772,FALSE,0.6613008244097874,"(1.51,Inf]"
G025_R383_C1139,G025_R390_C1140,1.7677669529663689,FALSE,0.6978826659663266,"(1.51,Inf]"
G025_R383_C1140,G025_R390_C1140,1.75,FALSE,0.656632129212437,"(1.51,Inf]"
G025_R383_C1141,G025_R390_C1140,1.7677669529663689,FALSE,0.5743549155855451,"(1.51,Inf]"
G025_R383_C1142,G025_R390_C1140,1.8200274723201295,FALSE,0.532285100321584,"(1.51,Inf]"
G025_R383_C1143,G025_R390_C1140,1.9039432764659772,FALSE,0.2698358297747874,"(1.51,Inf]"
G025_R383_C1144,G025_R390_C1140,2.0155644370746373,FALSE,-0.012202725326039953,"(1.51,Inf]"
G025_R383_C1145,G025_R390_C1140,2.1505813167606567,FALSE,-0.0963929477870102,"(1.51,Inf]"
G025_R383_C1146,G025_R390_C1140,2.3048861143232218,FALSE,-0.2235276961067212,"(1.51,Inf]"
G025_R383_C1147,G025_R390_C1140,2.4748737341529163,FALSE,-0.283620148461197,"(1.51,Inf]"
G025_R384_C1132,G025_R390_C1140,2.5,FALSE,0.67329472323603,"(1.51,Inf]"
G025_R384_C1133,G025_R390_C1140,2.3048861143232218,FALSE,0.6677126677358772,"(1.51,Inf]"
G025_R384_C1134,G025_R390_C1140,2.1213203435596424,FALSE,0.6717729138318618,"(1.51,Inf]"
G025_R384_C1135,G025_R390_C1140,1.9525624189766635,FALSE,0.6758656595242515,"(1.51,Inf]"
G025_R384_C1136,G025_R390_C1140,1.8027756377319946,FALSE,0.7057454736002017,"(1.51,Inf]"
G025_R384_C1137,G025_R390_C1140,1.6770509831248424,FALSE,0.7114674422852297,"(1.51,Inf]"
G025_R384_C1138,G025_R390_C1140,1.5811388300841898,FALSE,0.6814673164328624,"(1.51,Inf]"
G025_R384_C1139,G025_R390_C1140,1.5206906325745548,FALSE,0.701076131577102,"(1.51,Inf]"
G025_R384_C1140,G025_R390_C1140,1.5,FALSE,0.6625412348644013,"(1.01,1.51]"
G025_R384_C1141,G025_R390_C1140,1.5206906325745548,FALSE,0.5961458161148099,"(1.51,Inf]"
G025_R384_C1142,G025_R390_C1140,1.5811388300841898,FALSE,0.46248381942191213,"(1.51,Inf]"
G025_R385_C1132,G025_R390_C1140,2.358495283014151,FALSE,0.697157153796744,"(1.51,Inf]"
G025_R385_C1133,G025_R390_C1140,2.1505813167606567,FALSE,0.6985589283768011,"(1.51,Inf]"
G025_R385_C1134,G025_R390_C1140,1.9525624189766635,FALSE,0.7163023348304087,"(1.51,Inf]"
G025_R385_C1135,G025_R390_C1140,1.7677669529663689,FALSE,0.7309829301288212,"(1.51,Inf]"
G025_R385_C1136,G025_R390_C1140,1.6007810593582121,FALSE,0.7388499002781892,"(1.51,Inf]"
G025_R385_C1137,G025_R390_C1140,1.4577379737113252,FALSE,0.7021831710172098,"(1.01,1.51]"
G025_R385_C1138,G025_R390_C1140,1.346291201783626,FALSE,0.7118644797691234,"(1.01,1.51]"
G025_R385_C1139,G025_R390_C1140,1.2747548783981961,FALSE,0.7209852190986812,"(1.01,1.51]"
G025_R385_C1140,G025_R390_C1140,1.25,FALSE,0.6337470849795172,"(1.01,1.51]"
G025_R385_C1141,G025_R390_C1140,1.2747548783981961,FALSE,0.5519722211704922,"(1.01,1.51]"
G025_R385_C1142,G025_R390_C1140,1.346291201783626,FALSE,0.42503288888490687,"(1.01,1.51]"
G025_R386_C1132,G025_R390_C1140,2.23606797749979,FALSE,0.6823202353901799,"(1.51,Inf]"
G025_R386_C1133,G025_R390_C1140,2.0155644370746373,FALSE,0.7032211372117406,"(1.51,Inf]"
G025_R386_C1134,G025_R390_C1140,1.8027756377319946,FALSE,0.7120928156456179,"(1.51,Inf]"
G025_R386_C1135,G025_R390_C1140,1.6007810593582121,FALSE,0.7460583016142466,"(1.51,Inf]"
G025_R386_C1136,G025_R390_C1140,1.4142135623730951,FALSE,0.7521024901103953,"(1.01,1.51]"
G025_R386_C1137,G025_R390_C1140,1.25,FALSE,0.733257794600301,"(1.01,1.51]"
G025_R386_C1138,G025_R390_C1140,1.118033988749895,FALSE,0.7162436066340867,"(1.01,1.51]"
G025_R386_C1139,G025_R390_C1140,1.0307764064044151,FALSE,0.6876133612425771,"(1.01,1.51]"
G025_R386_C1141,G025_R390_C1140,1.0307764064044151,FALSE,0.5471228318294065,"(1.01,1.51]"
G025_R387_C1132,G025_R390_C1140,2.1360009363293826,FALSE,0.7203063806030955,"(1.51,Inf]"
G025_R387_C1133,G025_R390_C1140,1.9039432764659772,FALSE,0.7096041296424038,"(1.51,Inf]"
G025_R387_C1134,G025_R390_C1140,1.6770509831248424,FALSE,0.7296419233448349,"(1.51,Inf]"
G025_R387_C1135,G025_R390_C1140,1.4577379737113252,FALSE,0.7464904007789234,"(1.01,1.51]"
G025_R387_C1136,G025_R390_C1140,1.25,FALSE,0.7462866603151025,"(1.01,1.51]"
G025_R387_C1137,G025_R390_C1140,1.0606601717798212,FALSE,0.7552899678467816,"(1.01,1.51]"
G025_R387_C1138,G025_R390_C1140,0.9013878188659973,FALSE,0.7529936048706599,"(0.76,1.01]"
G025_R387_C1139,G025_R390_C1140,0.7905694150420949,FALSE,0.7503499806793265,"(0.76,1.01]"
G025_R387_C1140,G025_R390_C1140,0.75,FALSE,0.7225952512737882,"(0.51,0.76]"
G025_R387_C1141,G025_R390_C1140,0.7905694150420949,FALSE,0.562149597802806,"(0.76,1.01]"
G025_R387_C1142,G025_R390_C1140,0.9013878188659973,FALSE,0.428859179834789,"(0.76,1.01]"
G025_R387_C1143,G025_R390_C1140,1.0606601717798212,FALSE,0.39759169059493205,"(1.01,1.51]"
G025_R388_C1132,G025_R390_C1140,2.0615528128088303,FALSE,0.7355239854090384,"(1.51,Inf]"
G025_R388_C1133,G025_R390_C1140,1.8200274723201295,FALSE,0.7336246780241905,"(1.51,Inf]"
G025_R388_C1134,G025_R390_C1140,1.5811388300841898,FALSE,0.732382861068799,"(1.51,Inf]"
G025_R388_C1135,G025_R390_C1140,1.346291201783626,FALSE,0.7278062197978155,"(1.01,1.51]"
G025_R388_C1136,G025_R390_C1140,1.118033988749895,FALSE,0.7243820352343211,"(1.01,1.51]"
G025_R388_C1137,G025_R390_C1140,0.9013878188659973,FALSE,0.7434251450217758,"(0.76,1.01]"
G025_R388_C1138,G025_R390_C1140,0.7071067811865476,FALSE,0.7642883937625147,"(0.51,0.76]"
G025_R388_C1139,G025_R390_C1140,0.5590169943749475,FALSE,0.7960083073723071,"(0.51,0.76]"
G025_R388_C1140,G025_R390_C1140,0.5,FALSE,0.7987629242750152,"(0.26,0.51]"
G025_R388_C1141,G025_R390_C1140,0.5590169943749475,FALSE,0.7907655911385664,"(0.51,0.76]"
G025_R388_C1142,G025_R390_C1140,0.7071067811865476,FALSE,0.7523768932143665,"(0.51,0.76]"
G025_R388_C1143,G025_R390_C1140,0.9013878188659973,FALSE,0.7305232148495783,"(0.76,1.01]"
G025_R388_C1144,G025_R390_C1140,1.118033988749895,FALSE,0.6795214643300196,"(1.01,1.51]"
G025_R388_C1145,G025_R390_C1140,1.346291201783626,FALSE,0.47972710198655827,"(1.01,1.51]"
G025_R389_C1132,G025_R390_C1140,2.0155644370746373,FALSE,0.6958567812876647,"(1.51,Inf]"
G025_R389_C1133,G025_R390_C1140,1.7677669529663689,FALSE,0.6821590559792657,"(1.51,Inf]"
G025_R389_C1134,G025_R390_C1140,1.5206906325745548,FALSE,0.7234584638293428,"(1.51,Inf]"
G025_R389_C1135,G025_R390_C1140,1.2747548783981961,FALSE,0.7523451669780612,"(1.01,1.51]"
G025_R389_C1136,G025_R390_C1140,1.0307764064044151,FALSE,0.7551093567312008,"(1.01,1.51]"
G025_R389_C1137,G025_R390_C1140,0.7905694150420949,FALSE,0.7834464227614159,"(0.76,1.01]"
G025_R389_C1138,G025_R390_C1140,0.5590169943749475,FALSE,0.8108484467859123,"(0.51,0.76]"
G025_R389_C1139,G025_R390_C1140,0.3535533905932738,FALSE,0.8355402537094506,"(0.26,0.51]"
G025_R389_C1140,G025_R390_C1140,0.25,TRUE,0.8848196336499378,"[0,0.26]"
G025_R389_C1141,G025_R390_C1140,0.3535533905932738,FALSE,0.8611408147170844,"(0.26,0.51]"
G025_R389_C1142,G025_R390_C1140,0.5590169943749475,FALSE,0.8138309769018107,"(0.51,0.76]"
G025_R389_C1143,G025_R390_C1140,0.7905694150420949,FALSE,0.7755448818677957,"(0.76,1.01]"
G025_R389_C1144,G025_R390_C1140,1.0307764064044151,FALSE,0.7451786859685803,"(1.01,1.51]"
G025_R389_C1145,G025_R390_C1140,1.2747548783981961,FALSE,0.5948381646687464,"(1.01,1.51]"
G025_R390_C1132,G025_R390_C1140,2,FALSE,0.690771237157814,"(1.51,Inf]"
G025_R390_C1133,G025_R390_C1140,1.75,FALSE,0.6931374933341927,"(1.51,Inf]"
G025_R390_C1134,G025_R390_C1140,1.5,FALSE,0.7260623754476103,"(1.01,1.51]"
G025_R390_C1135,G025_R390_C1140,1.25,FALSE,0.7354107407163637,"(1.01,1.51]"
G025_R390_C1136,G025_R390_C1140,1,FALSE,0.7795762555285873,"(0.76,1.01]"
G025_R390_C1137,G025_R390_C1140,0.75,FALSE,0.8058337626312655,"(0.51,0.76]"
G025_R390_C1138,G025_R390_C1140,0.5,FALSE,0.8402565608806933,"(0.26,0.51]"
G025_R390_C1139,G025_R390_C1140,0.25,TRUE,0.9214954465062336,"[0,0.26]"
G025_R380_C1132,G025_R390_C1141,3.3634060117684275,FALSE,0.6394095147179778,"(1.51,Inf]"
G025_R380_C1133,G025_R390_C1141,3.2015621187164243,FALSE,0.6076979262671489,"(1.51,Inf]"
G025_R380_C1134,G025_R390_C1141,3.0516389039334255,FALSE,0.5596638018994964,"(1.51,Inf]"
G025_R380_C1135,G025_R390_C1141,2.9154759474226504,FALSE,0.4842858495621953,"(1.51,Inf]"
G025_R380_C1143,G025_R390_C1141,2.5495097567963922,FALSE,0.01044240076707074,"(1.51,Inf]"
G025_R380_C1144,G025_R390_C1141,2.6100766272276377,FALSE,0.23458781026610095,"(1.51,Inf]"
G025_R380_C1145,G025_R390_C1141,2.692582403567252,FALSE,0.14059506098182376,"(1.51,Inf]"
G025_R380_C1146,G025_R390_C1141,2.7950849718747373,FALSE,-0.009883667314293052,"(1.51,Inf]"
G025_R380_C1147,G025_R390_C1141,2.9154759474226504,FALSE,-0.06531693580945354,"(1.51,Inf]"
G025_R381_C1132,G025_R390_C1141,3.181980515339464,FALSE,0.6518864872294622,"(1.51,Inf]"
G025_R381_C1133,G025_R390_C1141,3.010398644698074,FALSE,0.6538444669611702,"(1.51,Inf]"
G025_R381_C1134,G025_R390_C1141,2.850438562747845,FALSE,0.6562027635317097,"(1.51,Inf]"
G025_R381_C1135,G025_R390_C1141,2.704163456597992,FALSE,0.6651677016211162,"(1.51,Inf]"
G025_R381_C1143,G025_R390_C1141,2.3048861143232218,FALSE,0.10346293224310926,"(1.51,Inf]"
G025_R381_C1144,G025_R390_C1141,2.3717082451262845,FALSE,0.34379962376815404,"(1.51,Inf]"
G025_R381_C1145,G025_R390_C1141,2.462214450449026,FALSE,0.19819854574777296,"(1.51,Inf]"
G025_R381_C1146,G025_R390_C1141,2.57390753524675,FALSE,0.1258436086602316,"(1.51,Inf]"
G025_R381_C1147,G025_R390_C1141,2.704163456597992,FALSE,0.059192908015414915,"(1.51,Inf]"
G025_R382_C1132,G025_R390_C1141,3.010398644698074,FALSE,0.6801352715945936,"(1.51,Inf]"
G025_R382_C1133,G025_R390_C1141,2.8284271247461903,FALSE,0.6657514929749927,"(1.51,Inf]"
G025_R382_C1134,G025_R390_C1141,2.6575364531836625,FALSE,0.6817916662472143,"(1.51,Inf]"
G025_R382_C1135,G025_R390_C1141,2.5,FALSE,0.6985909512995591,"(1.51,Inf]"
G025_R382_C1136,G025_R390_C1141,2.358495283014151,FALSE,0.6971254461065528,"(1.51,Inf]"
G025_R382_C1138,G025_R390_C1141,2.1360009363293826,FALSE,0.17781096151444867,"(1.51,Inf]"
G025_R382_C1141,G025_R390_C1141,2,FALSE,0.2887263714981613,"(1.51,Inf]"
G025_R382_C1143,G025_R390_C1141,2.0615528128088303,FALSE,0.16408703464276164,"(1.51,Inf]"
G025_R382_C1144,G025_R390_C1141,2.1360009363293826,FALSE,0.260658174859581,"(1.51,Inf]"
G025_R382_C1145,G025_R390_C1141,2.23606797749979,FALSE,0.14025248893914152,"(1.51,Inf]"
G025_R382_C1146,G025_R390_C1141,2.358495283014151,FALSE,-0.008204364719045306,"(1.51,Inf]"
G025_R382_C1147,G025_R390_C1141,2.5,FALSE,-0.07451114022603174,"(1.51,Inf]"
G025_R383_C1132,G025_R390_C1141,2.850438562747845,FALSE,0.6673367584856836,"(1.51,Inf]"
G025_R383_C1133,G025_R390_C1141,2.6575364531836625,FALSE,0.6741753033091188,"(1.51,Inf]"
G025_R383_C1134,G025_R390_C1141,2.4748737341529163,FALSE,0.6724028162172478,"(1.51,Inf]"
G025_R383_C1135,G025_R390_C1141,2.3048861143232218,FALSE,0.6914891580188317,"(1.51,Inf]"
G025_R383_C1136,G025_R390_C1141,2.1505813167606567,FALSE,0.737599230648061,"(1.51,Inf]"
G025_R383_C1137,G025_R390_C1141,2.0155644370746373,FALSE,0.681838122661972,"(1.51,Inf]"
G025_R383_C1139,G025_R390_C1141,1.8200274723201295,FALSE,0.6817927155152496,"(1.51,Inf]"
G025_R383_C1140,G025_R390_C1141,1.7677669529663689,FALSE,0.6498938809667467,"(1.51,Inf]"
G025_R383_C1141,G025_R390_C1141,1.75,FALSE,0.5355649743301246,"(1.51,Inf]"
G025_R383_C1142,G025_R390_C1141,1.7677669529663689,FALSE,0.48702202798088384,"(1.51,Inf]"
G025_R383_C1143,G025_R390_C1141,1.8200274723201295,FALSE,0.2979003777233917,"(1.51,Inf]"
G025_R383_C1144,G025_R390_C1141,1.9039432764659772,FALSE,0.026332648201402003,"(1.51,Inf]"
G025_R383_C1145,G025_R390_C1141,2.0155644370746373,FALSE,-0.055089434394138256,"(1.51,Inf]"
G025_R383_C1146,G025_R390_C1141,2.1505813167606567,FALSE,-0.21015419623504217,"(1.51,Inf]"
G025_R383_C1147,G025_R390_C1141,2.3048861143232218,FALSE,-0.24726528039105322,"(1.51,Inf]"
G025_R384_C1132,G025_R390_C1141,2.704163456597992,FALSE,0.6760564109736796,"(1.51,Inf]"
G025_R384_C1133,G025_R390_C1141,2.5,FALSE,0.6842814426883906,"(1.51,Inf]"
G025_R384_C1134,G025_R390_C1141,2.3048861143232218,FALSE,0.6921076604316033,"(1.51,Inf]"
G025_R384_C1135,G025_R390_C1141,2.1213203435596424,FALSE,0.6931604353481796,"(1.51,Inf]"
G025_R384_C1136,G025_R390_C1141,1.9525624189766635,FALSE,0.7241710965171152,"(1.51,Inf]"
G025_R384_C1137,G025_R390_C1141,1.8027756377319946,FALSE,0.7165782010457697,"(1.51,Inf]"
G025_R384_C1138,G025_R390_C1141,1.6770509831248424,FALSE,0.6847899626859086,"(1.51,Inf]"
G025_R384_C1139,G025_R390_C1141,1.5811388300841898,FALSE,0.6951763872787448,"(1.51,Inf]"
G025_R384_C1140,G025_R390_C1141,1.5206906325745548,FALSE,0.646704192441507,"(1.51,Inf]"
G025_R384_C1141,G025_R390_C1141,1.5,FALSE,0.5546515199005306,"(1.01,1.51]"
G025_R384_C1142,G025_R390_C1141,1.5206906325745548,FALSE,0.42506643004911204,"(1.51,Inf]"
G025_R385_C1132,G025_R390_C1141,2.57390753524675,FALSE,0.7191518004254017,"(1.51,Inf]"
G025_R385_C1133,G025_R390_C1141,2.358495283014151,FALSE,0.72296331359205,"(1.51,Inf]"
G025_R385_C1134,G025_R390_C1141,2.1505813167606567,FALSE,0.7305534730758119,"(1.51,Inf]"
G025_R385_C1135,G025_R390_C1141,1.9525624189766635,FALSE,0.73879421415750135,"(1.51,Inf]"
G025_R385_C1136,G025_R390_C1141,1.7677669529663689,FALSE,0.7447218304353779,"(1.51,Inf]"
G025_R385_C1137,G025_R390_C1141,1.6007810593582121,FALSE,0.7093190887402874,"(1.51,Inf]"
G025_R385_C1138,G025_R390_C1141,1.4577379737113252,FALSE,0.7105604043252219,"(1.01,1.51]"
G025_R385_C1139,G025_R390_C1141,1.346291201783626,FALSE,0.6988024159362577,"(1.01,1.51]"
G025_R385_C1140,G025_R390_C1141,1.2747548783981961,FALSE,0.6079024819021935,"(1.01,1.51]"
G025_R385_C1141,G025_R390_C1141,1.25,FALSE,0.5178194603772256,"(1.01,1.51]"
G025_R385_C1142,G025_R390_C1141,1.2747548783981961,FALSE,0.4119413624837519,"(1.01,1.51]"
G025_R386_C1132,G025_R390_C1141,2.462214450449026,FALSE,0.7041996805341905,"(1.51,Inf]"
G025_R386_C1133,G025_R390_C1141,2.23606797749979,FALSE,0.7221792723731031,"(1.51,Inf]"
G025_R386_C1134,G025_R390_C1141,2.0155644370746373,FALSE,0.722647607811314,"(1.51,Inf]"
G025_R386_C1135,G025_R390_C1141,1.8027756377319946,FALSE,0.750604282400286,"(1.51,Inf]"
G025_R386_C1136,G025_R390_C1141,1.6007810593582121,FALSE,0.7491784724094518,"(1.51,Inf]"
G025_R386_C1137,G025_R390_C1141,1.4142135623730951,FALSE,0.7203006390388419,"(1.01,1.51]"
G025_R386_C1138,G025_R390_C1141,1.25,FALSE,0.6971832623235479,"(1.01,1.51]"
G025_R386_C1139,G025_R390_C1141,1.118033988749895,FALSE,0.6534905662360155,"(1.01,1.51]"
G025_R386_C1141,G025_R390_C1141,1,FALSE,0.5471497208190124,"(0.76,1.01]"
G025_R387_C1132,G025_R390_C1141,2.3717082451262845,FALSE,0.7371754160198443,"(1.51,Inf]"
G025_R387_C1133,G025_R390_C1141,2.1360009363293826,FALSE,0.7221527493899961,"(1.51,Inf]"
G025_R387_C1134,G025_R390_C1141,1.9039432764659772,FALSE,0.7417573240615776,"(1.51,Inf]"
G025_R387_C1135,G025_R390_C1141,1.6770509831248424,FALSE,0.73791522878642,"(1.51,Inf]"
G025_R387_C1136,G025_R390_C1141,1.4577379737113252,FALSE,0.7319822271740689,"(1.01,1.51]"
G025_R387_C1137,G025_R390_C1141,1.25,FALSE,0.7243454289465617,"(1.01,1.51]"
G025_R387_C1138,G025_R390_C1141,1.0606601717798212,FALSE,0.712949781239686,"(1.01,1.51]"
G025_R387_C1139,G025_R390_C1141,0.9013878188659973,FALSE,0.7187557071900494,"(0.76,1.01]"
G025_R387_C1140,G025_R390_C1141,0.7905694150420949,FALSE,0.7110319172733831,"(0.76,1.01]"
G025_R387_C1141,G025_R390_C1141,0.75,FALSE,0.5611516787199027,"(0.51,0.76]"
G025_R387_C1142,G025_R390_C1141,0.7905694150420949,FALSE,0.42755178685689144,"(0.76,1.01]"
G025_R387_C1143,G025_R390_C1141,0.9013878188659973,FALSE,0.43470763552207703,"(0.76,1.01]"
G025_R388_C1132,G025_R390_C1141,2.3048861143232218,FALSE,0.7476057846158765,"(1.51,Inf]"
G025_R388_C1133,G025_R390_C1141,2.0615528128088303,FALSE,0.7328899346978489,"(1.51,Inf]"
G025_R388_C1134,G025_R390_C1141,1.8200274723201295,FALSE,0.735600039097561,"(1.51,Inf]"
G025_R388_C1135,G025_R390_C1141,1.5811388300841898,FALSE,0.7241014044672908,"(1.51,Inf]"
G025_R388_C1136,G025_R390_C1141,1.346291201783626,FALSE,0.7073009673349894,"(1.01,1.51]"
G025_R388_C1137,G025_R390_C1141,1.118033988749895,FALSE,0.7135791274729467,"(1.01,1.51]"
G025_R388_C1138,G025_R390_C1141,0.9013878188659973,FALSE,0.7382148263258831,"(0.76,1.01]"
G025_R388_C1139,G025_R390_C1141,0.7071067811865476,FALSE,0.7641614576444878,"(0.51,0.76]"
G025_R388_C1140,G025_R390_C1141,0.5590169943749475,FALSE,0.7758397239166606,"(0.51,0.76]"
G025_R388_C1141,G025_R390_C1141,0.5,FALSE,0.7963428912293382,"(0.26,0.51]"
G025_R388_C1142,G025_R390_C1141,0.5590169943749475,FALSE,0.7765108702482214,"(0.51,0.76]"
G025_R388_C1143,G025_R390_C1141,0.7071067811865476,FALSE,0.7439684727814103,"(0.51,0.76]"
G025_R388_C1144,G025_R390_C1141,0.9013878188659973,FALSE,0.6992354232705108,"(0.76,1.01]"
G025_R388_C1145,G025_R390_C1141,1.118033988749895,FALSE,0.517671856619851,"(1.01,1.51]"
G025_R389_C1132,G025_R390_C1141,2.2638462845343543,FALSE,0.7087765705259096,"(1.51,Inf]"
G025_R389_C1133,G025_R390_C1141,2.0155644370746373,FALSE,0.686804568880222,"(1.51,Inf]"
G025_R389_C1134,G025_R390_C1141,1.7677669529663689,FALSE,0.7212809390123738,"(1.51,Inf]"
G025_R389_C1135,G025_R390_C1141,1.5206906325745548,FALSE,0.7297101321274678,"(1.51,Inf]"
G025_R389_C1136,G025_R390_C1141,1.2747548783981961,FALSE,0.7212963816637952,"(1.01,1.51]"
G025_R389_C1137,G025_R390_C1141,1.0307764064044151,FALSE,0.7376868495816694,"(1.01,1.51]"
G025_R389_C1138,G025_R390_C1141,0.7905694150420949,FALSE,0.7465550809664455,"(0.76,1.01]"
G025_R389_C1139,G025_R390_C1141,0.5590169943749475,FALSE,0.765427669697102,"(0.51,0.76]"
G025_R389_C1140,G025_R390_C1141,0.3535533905932738,FALSE,0.8452808175858652,"(0.26,0.51]"
G025_R389_C1141,G025_R390_C1141,0.25,TRUE,0.8762089682929868,"[0,0.26]"
G025_R389_C1142,G025_R390_C1141,0.3535533905932738,FALSE,0.8606841155985532,"(0.26,0.51]"
G025_R389_C1143,G025_R390_C1141,0.5590169943749475,FALSE,0.82170480081649,"(0.51,0.76]"
G025_R389_C1144,G025_R390_C1141,0.7905694150420949,FALSE,0.7700543566172855,"(0.76,1.01]"
G025_R389_C1145,G025_R390_C1141,1.0307764064044151,FALSE,0.6199547530109422,"(1.01,1.51]"
G025_R390_C1132,G025_R390_C1141,2.25,FALSE,0.6722146870354462,"(1.51,Inf]"
G025_R390_C1133,G025_R390_C1141,2,FALSE,0.6819821240176762,"(1.51,Inf]"
G025_R390_C1134,G025_R390_C1141,1.75,FALSE,0.7068386058401527,"(1.51,Inf]"
G025_R390_C1135,G025_R390_C1141,1.5,FALSE,0.6990129851935314,"(1.01,1.51]"
G025_R390_C1136,G025_R390_C1141,1.25,FALSE,0.7291972904156346,"(1.01,1.51]"
G025_R390_C1137,G025_R390_C1141,1,FALSE,0.7439017427275464,"(0.76,1.01]"
G025_R390_C1138,G025_R390_C1141,0.75,FALSE,0.7700265136809135,"(0.51,0.76]"
G025_R390_C1139,G025_R390_C1141,0.5,FALSE,0.8475650912448972,"(0.26,0.51]"
G025_R390_C1140,G025_R390_C1141,0.25,TRUE,0.9458756200189583,"[0,0.26]"
G025_R380_C1132,G025_R390_C1142,3.5355339059327378,FALSE,0.6520072002965904,"(1.51,Inf]"
G025_R380_C1133,G025_R390_C1142,3.3634060117684275,FALSE,0.6336667647625007,"(1.51,Inf]"
G025_R380_C1134,G025_R390_C1142,3.2015621187164243,FALSE,0.580459692462043,"(1.51,Inf]"
G025_R380_C1135,G025_R390_C1142,3.0516389039334255,FALSE,0.49773800972556065,"(1.51,Inf]"
G025_R380_C1143,G025_R390_C1142,2.5124689052802225,FALSE,0.07206921211187117,"(1.51,Inf]"
G025_R380_C1144,G025_R390_C1142,2.5495097567963922,FALSE,0.24635917894537945,"(1.51,Inf]"
G025_R380_C1145,G025_R390_C1142,2.6100766272276377,FALSE,0.16195953738580943,"(1.51,Inf]"
G025_R380_C1146,G025_R390_C1142,2.692582403567252,FALSE,0.0394394439405631,"(1.51,Inf]"
G025_R380_C1147,G025_R390_C1142,2.7950849718747373,FALSE,-0.008793932477868078,"(1.51,Inf]"
G025_R381_C1132,G025_R390_C1142,3.3634060117684275,FALSE,0.6697950586322309,"(1.51,Inf]"
G025_R381_C1133,G025_R390_C1142,3.181980515339464,FALSE,0.6882239228926819,"(1.51,Inf]"
G025_R381_C1134,G025_R390_C1142,3.010398644698074,FALSE,0.6810860665305649,"(1.51,Inf]"
G025_R381_C1135,G025_R390_C1142,2.850438562747845,FALSE,0.6812227192115381,"(1.51,Inf]"
G025_R381_C1143,G025_R390_C1142,2.2638462845343543,FALSE,0.04536893965694014,"(1.51,Inf]"
G025_R381_C1144,G025_R390_C1142,2.3048861143232218,FALSE,0.3351239169135646,"(1.51,Inf]"
G025_R381_C1145,G025_R390_C1142,2.3717082451262845,FALSE,0.19979424046035105,"(1.51,Inf]"
G025_R381_C1146,G025_R390_C1142,2.462214450449026,FALSE,0.1261508805386202,"(1.51,Inf]"
G025_R381_C1147,G025_R390_C1142,2.57390753524675,FALSE,0.10538020129421606,"(1.51,Inf]"
G025_R382_C1132,G025_R390_C1142,3.2015621187164243,FALSE,0.6853927393101269,"(1.51,Inf]"
G025_R382_C1133,G025_R390_C1142,3.010398644698074,FALSE,0.6818300801128682,"(1.51,Inf]"
G025_R382_C1134,G025_R390_C1142,2.8284271247461903,FALSE,0.7014667347785148,"(1.51,Inf]"
G025_R382_C1135,G025_R390_C1142,2.6575364531836625,FALSE,0.7197835488274646,"(1.51,Inf]"
G025_R382_C1136,G025_R390_C1142,2.5,FALSE,0.6964266663149401,"(1.51,Inf]"
G025_R382_C1138,G025_R390_C1142,2.23606797749979,FALSE,0.12056910000764945,"(1.51,Inf]"
G025_R382_C1141,G025_R390_C1142,2.0155644370746373,FALSE,0.285736872309898,"(1.51,Inf]"
G025_R382_C1143,G025_R390_C1142,2.0155644370746373,FALSE,0.17350122790497796,"(1.51,Inf]"
G025_R382_C1144,G025_R390_C1142,2.0615528128088303,FALSE,0.21413725942298178,"(1.51,Inf]"
G025_R382_C1145,G025_R390_C1142,2.1360009363293826,FALSE,0.11482664445025566,"(1.51,Inf]"
G025_R382_C1146,G025_R390_C1142,2.23606797749979,FALSE,-0.0030327297543767126,"(1.51,Inf]"
G025_R382_C1147,G025_R390_C1142,2.358495283014151,FALSE,-0.0065120746612095225,"(1.51,Inf]"
G025_R383_C1132,G025_R390_C1142,3.0516389039334255,FALSE,0.6860322632801485,"(1.51,Inf]"
G025_R383_C1133,G025_R390_C1142,2.850438562747845,FALSE,0.6923186956445553,"(1.51,Inf]"
G025_R383_C1134,G025_R390_C1142,2.6575364531836625,FALSE,0.6920995888252423,"(1.51,Inf]"
G025_R383_C1135,G025_R390_C1142,2.4748737341529163,FALSE,0.7157191687848337,"(1.51,Inf]"
G025_R383_C1136,G025_R390_C1142,2.3048861143232218,FALSE,0.7610798318901237,"(1.51,Inf]"
G025_R383_C1137,G025_R390_C1142,2.1505813167606567,FALSE,0.7171258193298371,"(1.51,Inf]"
G025_R383_C1139,G025_R390_C1142,1.9039432764659772,FALSE,0.7036567407454795,"(1.51,Inf]"
G025_R383_C1140,G025_R390_C1142,1.8200274723201295,FALSE,0.6684687152255955,"(1.51,Inf]"
G025_R383_C1141,G025_R390_C1142,1.7677669529663689,FALSE,0.5334104178967471,"(1.51,Inf]"
G025_R383_C1142,G025_R390_C1142,1.75,FALSE,0.4437123362956296,"(1.51,Inf]"
G025_R383_C1143,G025_R390_C1142,1.7677669529663689,FALSE,0.28214170533688365,"(1.51,Inf]"
G025_R383_C1144,G025_R390_C1142,1.8200274723201295,FALSE,-0.03457339058185267,"(1.51,Inf]"
G025_R383_C1145,G025_R390_C1142,1.9039432764659772,FALSE,-0.03184177383945504,"(1.51,Inf]"
G025_R383_C1146,G025_R390_C1142,2.0155644370746373,FALSE,-0.1780822587276358,"(1.51,Inf]"
G025_R383_C1147,G025_R390_C1142,2.1505813167606567,FALSE,-0.24378914235828217,"(1.51,Inf]"
G025_R384_C1132,G025_R390_C1142,2.9154759474226504,FALSE,0.6835110115939201,"(1.51,Inf]"
G025_R384_C1133,G025_R390_C1142,2.704163456597992,FALSE,0.7091289657914273,"(1.51,Inf]"
G025_R384_C1134,G025_R390_C1142,2.5,FALSE,0.7097939120663007,"(1.51,Inf]"
G025_R384_C1135,G025_R390_C1142,2.3048861143232218,FALSE,0.7117283489184507,"(1.51,Inf]"
G025_R384_C1136,G025_R390_C1142,2.1213203435596424,FALSE,0.7444234666097748,"(1.51,Inf]"
G025_R384_C1137,G025_R390_C1142,1.9525624189766635,FALSE,0.7359207515303364,"(1.51,Inf]"
G025_R384_C1138,G025_R390_C1142,1.8027756377319946,FALSE,0.7159968764747897,"(1.51,Inf]"
G025_R384_C1139,G025_R390_C1142,1.6770509831248424,FALSE,0.7307472688473722,"(1.51,Inf]"
G025_R384_C1140,G025_R390_C1142,1.5811388300841898,FALSE,0.6565299074439039,"(1.51,Inf]"
G025_R384_C1141,G025_R390_C1142,1.5206906325745548,FALSE,0.519348451453943,"(1.51,Inf]"
G025_R384_C1142,G025_R390_C1142,1.5,FALSE,0.3784347132230884,"(1.01,1.51]"
G025_R385_C1132,G025_R390_C1142,2.7950849718747373,FALSE,0.742728771280305,"(1.51,Inf]"
G025_R385_C1133,G025_R390_C1142,2.57390753524675,FALSE,0.7428117337233304,"(1.51,Inf]"
G025_R385_C1134,G025_R390_C1142,2.358495283014151,FALSE,0.7324534078749759,"(1.51,Inf]"
G025_R385_C1135,G025_R390_C1142,2.1505813167606567,FALSE,0.7486265800953086,"(1.51,Inf]"
G025_R385_C1136,G025_R390_C1142,1.9525624189766635,FALSE,0.7642140218648981,"(1.51,Inf]"
G025_R385_C1137,G025_R390_C1142,1.7677669529663689,FALSE,0.7322691772665448,"(1.51,Inf]"
G025_R385_C1138,G025_R390_C1142,1.6007810593582121,FALSE,0.7332736006298588,"(1.51,Inf]"
G025_R385_C1139,G025_R390_C1142,1.4577379737113252,FALSE,0.6930589159388227,"(1.01,1.51]"
G025_R385_C1140,G025_R390_C1142,1.346291201783626,FALSE,0.5795598952184055,"(1.01,1.51]"
G025_R385_C1141,G025_R390_C1142,1.2747548783981961,FALSE,0.48157310409787113,"(1.01,1.51]"
G025_R385_C1142,G025_R390_C1142,1.25,FALSE,0.37663682949892346,"(1.01,1.51]"
G025_R386_C1132,G025_R390_C1142,2.692582403567252,FALSE,0.7292707345863275,"(1.51,Inf]"
G025_R386_C1133,G025_R390_C1142,2.462214450449026,FALSE,0.7418673824573528,"(1.51,Inf]"
G025_R386_C1134,G025_R390_C1142,2.23606797749979,FALSE,0.7435641092861905,"(1.51,Inf]"
G025_R386_C1135,G025_R390_C1142,2.0155644370746373,FALSE,0.7712856439536262,"(1.51,Inf]"
G025_R386_C1136,G025_R390_C1142,1.8027756377319946,FALSE,0.7573365118279882,"(1.51,Inf]"
G025_R386_C1137,G025_R390_C1142,1.6007810593582121,FALSE,0.7282530103484677,"(1.51,Inf]"
G025_R386_C1138,G025_R390_C1142,1.4142135623730951,FALSE,0.7026422077405089,"(1.01,1.51]"
G025_R386_C1139,G025_R390_C1142,1.25,FALSE,0.6337599556882519,"(1.01,1.51]"
G025_R386_C1141,G025_R390_C1142,1.0307764064044151,FALSE,0.5199498698160236,"(1.01,1.51]"
G025_R387_C1132,G025_R390_C1142,2.6100766272276377,FALSE,0.7505042447461995,"(1.51,Inf]"
G025_R387_C1133,G025_R390_C1142,2.3717082451262845,FALSE,0.732255086217625,"(1.51,Inf]"
G025_R387_C1134,G025_R390_C1142,2.1360009363293826,FALSE,0.7539226092730644,"(1.51,Inf]"
G025_R387_C1135,G025_R390_C1142,1.9039432764659772,FALSE,0.7409976676018869,"(1.51,Inf]"
G025_R387_C1136,G025_R390_C1142,1.6770509831248424,FALSE,0.7465664342557142,"(1.51,Inf]"
G025_R387_C1137,G025_R390_C1142,1.4577379737113252,FALSE,0.7242915051662084,"(1.01,1.51]"
G025_R387_C1138,G025_R390_C1142,1.25,FALSE,0.705616613643135,"(1.01,1.51]"
G025_R387_C1139,G025_R390_C1142,1.0606601717798212,FALSE,0.7043941024622843,"(1.01,1.51]"
G025_R387_C1140,G025_R390_C1142,0.9013878188659973,FALSE,0.6959844637450194,"(0.76,1.01]"
G025_R387_C1141,G025_R390_C1142,0.7905694150420949,FALSE,0.5819364368920682,"(0.76,1.01]"
G025_R387_C1142,G025_R390_C1142,0.75,FALSE,0.45019909209857756,"(0.51,0.76]"
G025_R387_C1143,G025_R390_C1142,0.7905694150420949,FALSE,0.4401406175001773,"(0.76,1.01]"
G025_R388_C1132,G025_R390_C1142,2.5495097567963922,FALSE,0.760732043892387,"(1.51,Inf]"
G025_R388_C1133,G025_R390_C1142,2.3048861143232218,FALSE,0.733180044362018,"(1.51,Inf]"
G025_R388_C1134,G025_R390_C1142,2.0615528128088303,FALSE,0.7368993548150077,"(1.51,Inf]"
G025_R388_C1135,G025_R390_C1142,1.8200274723201295,FALSE,0.7374210449431269,"(1.51,Inf]"
G025_R388_C1136,G025_R390_C1142,1.5811388300841898,FALSE,0.7213989268041768,"(1.51,Inf]"
G025_R388_C1137,G025_R390_C1142,1.346291201783626,FALSE,0.7148122502564804,"(1.01,1.51]"
G025_R388_C1138,G025_R390_C1142,1.118033988749895,FALSE,0.7107730562692074,"(1.01,1.51]"
G025_R388_C1139,G025_R390_C1142,0.9013878188659973,FALSE,0.7516243110857641,"(0.76,1.01]"
G025_R388_C1140,G025_R390_C1142,0.7071067811865476,FALSE,0.7670015750519423,"(0.51,0.76]"
G025_R388_C1141,G025_R390_C1142,0.5590169943749475,FALSE,0.8179216432084735,"(0.51,0.76]"
G025_R388_C1142,G025_R390_C1142,0.5,FALSE,0.8111900606567951,"(0.26,0.51]"
G025_R388_C1143,G025_R390_C1142,0.5590169943749475,FALSE,0.7734374095936575,"(0.51,0.76]"
G025_R388_C1144,G025_R390_C1142,0.7071067811865476,FALSE,0.7306057954342757,"(0.51,0.76]"
G025_R388_C1145,G025_R390_C1142,0.9013878188659973,FALSE,0.5315861428638792,"(0.76,1.01]"
G025_R389_C1132,G025_R390_C1142,2.5124689052802225,FALSE,0.7327199099387108,"(1.51,Inf]"
G025_R389_C1133,G025_R390_C1142,2.2638462845343543,FALSE,0.7130554125910147,"(1.51,Inf]"
G025_R389_C1134,G025_R390_C1142,2.0155644370746373,FALSE,0.7279511595706114,"(1.51,Inf]"
G025_R389_C1135,G025_R390_C1142,1.7677669529663689,FALSE,0.7091451573630706,"(1.51,Inf]"
G025_R389_C1136,G025_R390_C1142,1.5206906325745548,FALSE,0.6947137009337256,"(1.51,Inf]"
G025_R389_C1137,G025_R390_C1142,1.2747548783981961,FALSE,0.7134337887181516,"(1.01,1.51]"
G025_R389_C1138,G025_R390_C1142,1.0307764064044151,FALSE,0.713981799148244,"(1.01,1.51]"
G025_R389_C1139,G025_R390_C1142,0.7905694150420949,FALSE,0.7407638406142206,"(0.76,1.01]"
G025_R389_C1140,G025_R390_C1142,0.5590169943749475,FALSE,0.8243999971893068,"(0.51,0.76]"
G025_R389_C1141,G025_R390_C1142,0.3535533905932738,FALSE,0.88301547091687,"(0.26,0.51]"
G025_R389_C1142,G025_R390_C1142,0.25,TRUE,0.9078680107389534,"[0,0.26]"
G025_R389_C1143,G025_R390_C1142,0.3535533905932738,FALSE,0.8695500938818189,"(0.26,0.51]"
G025_R389_C1144,G025_R390_C1142,0.5590169943749475,FALSE,0.8081121440328642,"(0.51,0.76]"
G025_R389_C1145,G025_R390_C1142,0.7905694150420949,FALSE,0.6373367229784322,"(0.76,1.01]"
G025_R390_C1132,G025_R390_C1142,2.5,FALSE,0.6881576671178085,"(1.51,Inf]"
G025_R390_C1133,G025_R390_C1142,2.25,FALSE,0.6904755467642174,"(1.51,Inf]"
G025_R390_C1134,G025_R390_C1142,2,FALSE,0.6950779229504468,"(1.51,Inf]"
G025_R390_C1135,G025_R390_C1142,1.75,FALSE,0.6775409951963854,"(1.51,Inf]"
G025_R390_C1136,G025_R390_C1142,1.5,FALSE,0.6819900816557515,"(1.01,1.51]"
G025_R390_C1137,G025_R390_C1142,1.25,FALSE,0.6970237523941194,"(1.01,1.51]"
G025_R390_C1138,G025_R390_C1142,1,FALSE,0.7287808958216923,"(0.76,1.01]"
G025_R390_C1139,G025_R390_C1142,0.75,FALSE,0.7931383990204645,"(0.51,0.76]"
G025_R390_C1140,G025_R390_C1142,0.5,FALSE,0.8804889353505823,"(0.26,0.51]"
G025_R390_C1141,G025_R390_C1142,0.25,TRUE,0.9382143651659711,"[0,0.26]"
G025_R380_C1132,G025_R390_C1143,3.7165171868296265,FALSE,0.6479535964546377,"(1.51,Inf]"
G025_R380_C1133,G025_R390_C1143,3.5355339059327378,FALSE,0.618338338140618,"(1.51,Inf]"
G025_R380_C1134,G025_R390_C1143,3.3634060117684275,FALSE,0.533467604324012,"(1.51,Inf]"
G025_R380_C1135,G025_R390_C1143,3.2015621187164243,FALSE,0.48983438203792423,"(1.51,Inf]"
G025_R380_C1143,G025_R390_C1143,2.5,FALSE,0.0435852606741927,"(1.51,Inf]"
G025_R380_C1144,G025_R390_C1143,2.5124689052802225,FALSE,0.22337055321851534,"(1.51,Inf]"
G025_R380_C1145,G025_R390_C1143,2.5495097567963922,FALSE,0.12678242418008334,"(1.51,Inf]"
G025_R380_C1146,G025_R390_C1143,2.6100766272276377,FALSE,0.022341225143740342,"(1.51,Inf]"
G025_R380_C1147,G025_R390_C1143,2.692582403567252,FALSE,0.011197834047236828,"(1.51,Inf]"
G025_R381_C1132,G025_R390_C1143,3.553167600887974,FALSE,0.6656190976202524,"(1.51,Inf]"
G025_R381_C1133,G025_R390_C1143,3.3634060117684275,FALSE,0.6910281899097532,"(1.51,Inf]"
G025_R381_C1134,G025_R390_C1143,3.181980515339464,FALSE,0.6671224606703675,"(1.51,Inf]"
G025_R381_C1135,G025_R390_C1143,3.010398644698074,FALSE,0.6600614394899906,"(1.51,Inf]"
G025_R381_C1143,G025_R390_C1143,2.25,FALSE,0.03166785145682963,"(1.51,Inf]"
G025_R381_C1144,G025_R390_C1143,2.2638462845343543,FALSE,0.29197763961269535,"(1.51,Inf]"
G025_R381_C1145,G025_R390_C1143,2.3048861143232218,FALSE,0.18282837824827222,"(1.51,Inf]"
G025_R381_C1146,G025_R390_C1143,2.3717082451262845,FALSE,0.13519059728168895,"(1.51,Inf]"
G025_R381_C1147,G025_R390_C1143,2.462214450449026,FALSE,0.10019864971939926,"(1.51,Inf]"
G025_R382_C1132,G025_R390_C1143,3.400367627183861,FALSE,0.6804397117278508,"(1.51,Inf]"
G025_R382_C1133,G025_R390_C1143,3.2015621187164243,FALSE,0.6879372764600173,"(1.51,Inf]"
G025_R382_C1134,G025_R390_C1143,3.010398644698074,FALSE,0.7049174914602819,"(1.51,Inf]"
G025_R382_C1135,G025_R390_C1143,2.8284271247461903,FALSE,0.7194878525470597,"(1.51,Inf]"
G025_R382_C1136,G025_R390_C1143,2.6575364531836625,FALSE,0.6940667904422652,"(1.51,Inf]"
G025_R382_C1138,G025_R390_C1143,2.358495283014151,FALSE,0.07872969691710363,"(1.51,Inf]"
G025_R382_C1141,G025_R390_C1143,2.0615528128088303,FALSE,0.27040226423564895,"(1.51,Inf]"
G025_R382_C1143,G025_R390_C1143,2,FALSE,0.11372265463719407,"(1.51,Inf]"
G025_R382_C1144,G025_R390_C1143,2.0155644370746373,FALSE,0.1386346124820987,"(1.51,Inf]"
G025_R382_C1145,G025_R390_C1143,2.0615528128088303,FALSE,0.07061875286122163,"(1.51,Inf]"
G025_R382_C1146,G025_R390_C1143,2.1360009363293826,FALSE,-0.01613884198440478,"(1.51,Inf]"
G025_R382_C1147,G025_R390_C1143,2.23606797749979,FALSE,-0.014911002777670206,"(1.51,Inf]"
G025_R383_C1132,G025_R390_C1143,3.2596012026013246,FALSE,0.705932715810075,"(1.51,Inf]"
G025_R383_C1133,G025_R390_C1143,3.0516389039334255,FALSE,0.7240487559002082,"(1.51,Inf]"
G025_R383_C1134,G025_R390_C1143,2.850438562747845,FALSE,0.7065610534970728,"(1.51,Inf]"
G025_R383_C1135,G025_R390_C1143,2.6575364531836625,FALSE,0.7293570863459544,"(1.51,Inf]"
G025_R383_C1136,G025_R390_C1143,2.4748737341529163,FALSE,0.7809517107718912,"(1.51,Inf]"
G025_R383_C1137,G025_R390_C1143,2.3048861143232218,FALSE,0.7242621075620409,"(1.51,Inf]"
G025_R383_C1139,G025_R390_C1143,2.0155644370746373,FALSE,0.6853711019962653,"(1.51,Inf]"
G025_R383_C1140,G025_R390_C1143,1.9039432764659772,FALSE,0.6851155015146932,"(1.51,Inf]"
G025_R383_C1141,G025_R390_C1143,1.8200274723201295,FALSE,0.5235997348638058,"(1.51,Inf]"
G025_R383_C1142,G025_R390_C1143,1.7677669529663689,FALSE,0.39522839692067135,"(1.51,Inf]"
G025_R383_C1143,G025_R390_C1143,1.75,FALSE,0.2061284963030657,"(1.51,Inf]"
G025_R383_C1144,G025_R390_C1143,1.7677669529663689,FALSE,-0.04846650073626567,"(1.51,Inf]"
G025_R383_C1145,G025_R390_C1143,1.8200274723201295,FALSE,-0.10841176950102124,"(1.51,Inf]"
G025_R383_C1146,G025_R390_C1143,1.9039432764659772,FALSE,-0.23174395055963648,"(1.51,Inf]"
G025_R383_C1147,G025_R390_C1143,2.0155644370746373,FALSE,-0.272657922015741,"(1.51,Inf]"
G025_R384_C1132,G025_R390_C1143,3.132491021535417,FALSE,0.7040782450107247,"(1.51,Inf]"
G025_R384_C1133,G025_R390_C1143,2.9154759474226504,FALSE,0.7239816798624585,"(1.51,Inf]"
G025_R384_C1134,G025_R390_C1143,2.704163456597992,FALSE,0.7446769276268105,"(1.51,Inf]"
G025_R384_C1135,G025_R390_C1143,2.5,FALSE,0.74158389644310585,"(1.51,Inf]"
G025_R384_C1136,G025_R390_C1143,2.3048861143232218,FALSE,0.7635518702771449,"(1.51,Inf]"
G025_R384_C1137,G025_R390_C1143,2.1213203435596424,FALSE,0.749366843496447,"(1.51,Inf]"
G025_R384_C1138,G025_R390_C1143,1.9525624189766635,FALSE,0.7169825178755814,"(1.51,Inf]"
G025_R384_C1139,G025_R390_C1143,1.8027756377319946,FALSE,0.7339998484929939,"(1.51,Inf]"
G025_R384_C1140,G025_R390_C1143,1.6770509831248424,FALSE,0.6493116444361131,"(1.51,Inf]"
G025_R384_C1141,G025_R390_C1143,1.5811388300841898,FALSE,0.5005423953742754,"(1.51,Inf]"
G025_R384_C1142,G025_R390_C1143,1.5206906325745548,FALSE,0.3050587604422969,"(1.51,Inf]"
G025_R385_C1132,G025_R390_C1143,3.020761493398643,FALSE,0.7527791699460681,"(1.51,Inf]"
G025_R385_C1133,G025_R390_C1143,2.7950849718747373,FALSE,0.7420342214827443,"(1.51,Inf]"
G025_R385_C1134,G025_R390_C1143,2.57390753524675,FALSE,0.744934174430754,"(1.51,Inf]"
G025_R385_C1135,G025_R390_C1143,2.358495283014151,FALSE,0.7661196850933281,"(1.51,Inf]"
G025_R385_C1136,G025_R390_C1143,2.1505813167606567,FALSE,0.7834322406439032,"(1.51,Inf]"
G025_R385_C1137,G025_R390_C1143,1.9525624189766635,FALSE,0.7369616084737011,"(1.51,Inf]"
G025_R385_C1138,G025_R390_C1143,1.7677669529663689,FALSE,0.7331299105233955,"(1.51,Inf]"
G025_R385_C1139,G025_R390_C1143,1.6007810593582121,FALSE,0.6772896253476055,"(1.51,Inf]"
G025_R385_C1140,G025_R390_C1143,1.4577379737113252,FALSE,0.5579466301882308,"(1.01,1.51]"
G025_R385_C1141,G025_R390_C1143,1.346291201783626,FALSE,0.4407166668559162,"(1.01,1.51]"
G025_R385_C1142,G025_R390_C1143,1.2747548783981961,FALSE,0.35665786341303685,"(1.01,1.51]"
G025_R386_C1132,G025_R390_C1143,2.9261749776799064,FALSE,0.743350576136907,"(1.51,Inf]"
G025_R386_C1133,G025_R390_C1143,2.692582403567252,FALSE,0.7588021941175782,"(1.51,Inf]"
G025_R386_C1134,G025_R390_C1143,2.462214450449026,FALSE,0.7655109516750728,"(1.51,Inf]"
G025_R386_C1135,G025_R390_C1143,2.23606797749979,FALSE,0.785017831138783,"(1.51,Inf]"
G025_R386_C1136,G025_R390_C1143,2.0155644370746373,FALSE,0.7679167735906377,"(1.51,Inf]"
G025_R386_C1137,G025_R390_C1143,1.8027756377319946,FALSE,0.7258740377862357,"(1.51,Inf]"
G025_R386_C1138,G025_R390_C1143,1.6007810593582121,FALSE,0.70351439300356855,"(1.51,Inf]"
G025_R386_C1139,G025_R390_C1143,1.4142135623730951,FALSE,0.614536991722576,"(1.01,1.51]"
G025_R386_C1141,G025_R390_C1143,1.118033988749895,FALSE,0.5054126183420539,"(1.01,1.51]"
G025_R387_C1132,G025_R390_C1143,2.850438562747845,FALSE,0.7486949994215778,"(1.51,Inf]"
G025_R387_C1133,G025_R390_C1143,2.6100766272276377,FALSE,0.7268898550881083,"(1.51,Inf]"
G025_R387_C1134,G025_R390_C1143,2.3717082451262845,FALSE,0.7549234988422704,"(1.51,Inf]"
G025_R387_C1135,G025_R390_C1143,2.1360009363293826,FALSE,0.7618634431375579,"(1.51,Inf]"
G025_R387_C1136,G025_R390_C1143,1.9039432764659772,FALSE,0.7537774488135441,"(1.51,Inf]"
G025_R387_C1137,G025_R390_C1143,1.6770509831248424,FALSE,0.7203408790518991,"(1.51,Inf]"
G025_R387_C1138,G025_R390_C1143,1.4577379737113252,FALSE,0.6928589709899338,"(1.01,1.51]"
G025_R387_C1139,G025_R390_C1143,1.25,FALSE,0.6664328520425776,"(1.01,1.51]"
G025_R387_C1140,G025_R390_C1143,1.0606601717798212,FALSE,0.6643539231436649,"(1.01,1.51]"
G025_R387_C1141,G025_R390_C1143,0.9013878188659973,FALSE,0.5811759842615268,"(0.76,1.01]"
G025_R387_C1142,G025_R390_C1143,0.7905694150420949,FALSE,0.4399964523073513,"(0.76,1.01]"
G025_R387_C1143,G025_R390_C1143,0.75,FALSE,0.45514195144922254,"(0.51,0.76]"
G025_R388_C1132,G025_R390_C1143,2.7950849718747373,FALSE,0.7535074697146433,"(1.51,Inf]"
G025_R388_C1133,G025_R390_C1143,2.5495097567963922,FALSE,0.7364839571816323,"(1.51,Inf]"
G025_R388_C1134,G025_R390_C1143,2.3048861143232218,FALSE,0.7413476128429332,"(1.51,Inf]"
G025_R388_C1135,G025_R390_C1143,2.0615528128088303,FALSE,0.7434595756663704,"(1.51,Inf]"
G025_R388_C1136,G025_R390_C1143,1.8200274723201295,FALSE,0.7312645112132977,"(1.51,Inf]"
G025_R388_C1137,G025_R390_C1143,1.5811388300841898,FALSE,0.7205923244653163,"(1.51,Inf]"
G025_R388_C1138,G025_R390_C1143,1.346291201783626,FALSE,0.71066623276918806,"(1.01,1.51]"
G025_R388_C1139,G025_R390_C1143,1.118033988749895,FALSE,0.7286669277459726,"(1.01,1.51]"
G025_R388_C1140,G025_R390_C1143,0.9013878188659973,FALSE,0.7358401119089173,"(0.76,1.01]"
G025_R388_C1141,G025_R390_C1143,0.7071067811865476,FALSE,0.788689633980495,"(0.51,0.76]"
G025_R388_C1142,G025_R390_C1143,0.5590169943749475,FALSE,0.791681598252568,"(0.51,0.76]"
G025_R388_C1143,G025_R390_C1143,0.5,FALSE,0.7610855503369947,"(0.26,0.51]"
G025_R388_C1144,G025_R390_C1143,0.5590169943749475,FALSE,0.721017523027194,"(0.51,0.76]"
G025_R388_C1145,G025_R390_C1143,0.7071067811865476,FALSE,0.5537641923892325,"(0.51,0.76]"
G025_R389_C1132,G025_R390_C1143,2.7613402542968153,FALSE,0.74299720579044,"(1.51,Inf]"
G025_R389_C1133,G025_R390_C1143,2.5124689052802225,FALSE,0.725139211878947,"(1.51,Inf]"
G025_R389_C1134,G025_R390_C1143,2.2638462845343543,FALSE,0.7305815821251259,"(1.51,Inf]"
G025_R389_C1135,G025_R390_C1143,2.0155644370746373,FALSE,0.7044596329753158,"(1.51,Inf]"
G025_R389_C1136,G025_R390_C1143,1.7677669529663689,FALSE,0.6926874838944759,"(1.51,Inf]"
G025_R389_C1137,G025_R390_C1143,1.5206906325745548,FALSE,0.7004181555941813,"(1.51,Inf]"
G025_R389_C1138,G025_R390_C1143,1.2747548783981961,FALSE,0.7029496747518807,"(1.01,1.51]"
G025_R389_C1139,G025_R390_C1143,1.0307764064044151,FALSE,0.7264726809546667,"(1.01,1.51]"
G025_R389_C1140,G025_R390_C1143,0.7905694150420949,FALSE,0.7725410999367215,"(0.76,1.01]"
G025_R389_C1141,G025_R390_C1143,0.5590169943749475,FALSE,0.8434576526934251,"(0.51,0.76]"
G025_R389_C1142,G025_R390_C1143,0.3535533905932738,FALSE,0.9021594602885475,"(0.26,0.51]"
G025_R389_C1143,G025_R390_C1143,0.25,TRUE,0.8903725497755386,"[0,0.26]"
G025_R389_C1144,G025_R390_C1143,0.3535533905932738,FALSE,0.8380458779289529,"(0.26,0.51]"
G025_R389_C1145,G025_R390_C1143,0.5590169943749475,FALSE,0.6767957468601006,"(0.51,0.76]"
G025_R390_C1132,G025_R390_C1143,2.75,FALSE,0.7029812004149615,"(1.51,Inf]"
G025_R390_C1133,G025_R390_C1143,2.5,FALSE,0.7025033302632344,"(1.51,Inf]"
G025_R390_C1134,G025_R390_C1143,2.25,FALSE,0.6917261632998648,"(1.51,Inf]"
G025_R390_C1135,G025_R390_C1143,2,FALSE,0.6737865373068989,"(1.51,Inf]"
G025_R390_C1136,G025_R390_C1143,1.75,FALSE,0.6681016838111681,"(1.51,Inf]"
G025_R390_C1137,G025_R390_C1143,1.5,FALSE,0.6777269062793062,"(1.01,1.51]"
G025_R390_C1138,G025_R390_C1143,1.25,FALSE,0.6826549338305631,"(1.01,1.51]"
G025_R390_C1139,G025_R390_C1143,1,FALSE,0.7375704008989065,"(0.76,1.01]"
G025_R390_C1140,G025_R390_C1143,0.75,FALSE,0.8081169445617611,"(0.51,0.76]"
G025_R390_C1141,G025_R390_C1143,0.5,FALSE,0.8548005396510354,"(0.26,0.51]"
G025_R390_C1142,G025_R390_C1143,0.25,TRUE,0.9351197078315645,"[0,0.26]"
G025_R380_C1132,G025_R390_C1144,3.905124837953327,FALSE,0.6233554109563629,"(1.51,Inf]"
G025_R380_C1133,G025_R390_C1144,3.7165171868296265,FALSE,0.6060774965903635,"(1.51,Inf]"
G025_R380_C1134,G025_R390_C1144,3.5355339059327378,FALSE,0.5302688002273075,"(1.51,Inf]"
G025_R380_C1135,G025_R390_C1144,3.3634060117684275,FALSE,0.47170456167454416,"(1.51,Inf]"
G025_R380_C1143,G025_R390_C1144,2.5124689052802225,FALSE,0.08238498659749073,"(1.51,Inf]"
G025_R380_C1144,G025_R390_C1144,2.5,FALSE,0.22818175054107792,"(1.51,Inf]"
G025_R380_C1145,G025_R390_C1144,2.5124689052802225,FALSE,0.11118295473038896,"(1.51,Inf]"
G025_R380_C1146,G025_R390_C1144,2.5495097567963922,FALSE,0.029859947185354844,"(1.51,Inf]"
G025_R380_C1147,G025_R390_C1144,2.6100766272276377,FALSE,0.026646239498828266,"(1.51,Inf]"
G025_R381_C1132,G025_R390_C1144,3.75,FALSE,0.6572435250288983,"(1.51,Inf]"
G025_R381_C1133,G025_R390_C1144,3.553167600887974,FALSE,0.6706185163323669,"(1.51,Inf]"
G025_R381_C1134,G025_R390_C1144,3.3634060117684275,FALSE,0.6511136707530099,"(1.51,Inf]"
G025_R381_C1135,G025_R390_C1144,3.181980515339464,FALSE,0.6601858292426208,"(1.51,Inf]"
G025_R381_C1143,G025_R390_C1144,2.2638462845343543,FALSE,0.023568167214439825,"(1.51,Inf]"
G025_R381_C1144,G025_R390_C1144,2.25,FALSE,0.2799313034654991,"(1.51,Inf]"
G025_R381_C1145,G025_R390_C1144,2.2638462845343543,FALSE,0.15208777194555675,"(1.51,Inf]"
G025_R381_C1146,G025_R390_C1144,2.3048861143232218,FALSE,0.10018990711604862,"(1.51,Inf]"
G025_R381_C1147,G025_R390_C1144,2.3717082451262845,FALSE,0.08815236465534584,"(1.51,Inf]"
G025_R382_C1132,G025_R390_C1144,3.605551275463989,FALSE,0.6906930690687374,"(1.51,Inf]"
G025_R382_C1133,G025_R390_C1144,3.400367627183861,FALSE,0.6893855490878905,"(1.51,Inf]"
G025_R382_C1134,G025_R390_C1144,3.2015621187164243,FALSE,0.6960738626730043,"(1.51,Inf]"
G025_R382_C1135,G025_R390_C1144,3.010398644698074,FALSE,0.7149866557139902,"(1.51,Inf]"
G025_R382_C1136,G025_R390_C1144,2.8284271247461903,FALSE,0.7027433220828802,"(1.51,Inf]"
G025_R382_C1138,G025_R390_C1144,2.5,FALSE,0.06911044199234016,"(1.51,Inf]"
G025_R382_C1141,G025_R390_C1144,2.1360009363293826,FALSE,0.2796760317236189,"(1.51,Inf]"
G025_R382_C1143,G025_R390_C1144,2.0155644370746373,FALSE,0.10919617840548312,"(1.51,Inf]"
G025_R382_C1144,G025_R390_C1144,2,FALSE,0.1557949819605353,"(1.51,Inf]"
G025_R382_C1145,G025_R390_C1144,2.0155644370746373,FALSE,0.07026294449489039,"(1.51,Inf]"
G025_R382_C1146,G025_R390_C1144,2.0615528128088303,FALSE,-0.00861273088850544,"(1.51,Inf]"
G025_R382_C1147,G025_R390_C1144,2.1360009363293826,FALSE,-0.0019910557825534286,"(1.51,Inf]"
G025_R383_C1132,G025_R390_C1144,3.473110997362451,FALSE,0.7048895660854406,"(1.51,Inf]"
G025_R383_C1133,G025_R390_C1144,3.2596012026013246,FALSE,0.7269655893395848,"(1.51,Inf]"
G025_R383_C1134,G025_R390_C1144,3.0516389039334255,FALSE,0.7119756437904765,"(1.51,Inf]"
G025_R383_C1135,G025_R390_C1144,2.850438562747845,FALSE,0.7263854737656108,"(1.51,Inf]"
G025_R383_C1136,G025_R390_C1144,2.6575364531836625,FALSE,0.773420616379101,"(1.51,Inf]"
G025_R383_C1137,G025_R390_C1144,2.4748737341529163,FALSE,0.7374895742691722,"(1.51,Inf]"
G025_R383_C1139,G025_R390_C1144,2.1505813167606567,FALSE,0.6923803101958418,"(1.51,Inf]"
G025_R383_C1140,G025_R390_C1144,2.0155644370746373,FALSE,0.7045003060871184,"(1.51,Inf]"
G025_R383_C1141,G025_R390_C1144,1.9039432764659772,FALSE,0.5292865340057102,"(1.51,Inf]"
G025_R383_C1142,G025_R390_C1144,1.8200274723201295,FALSE,0.3965957745364127,"(1.51,Inf]"
G025_R383_C1143,G025_R390_C1144,1.7677669529663689,FALSE,0.1641633430927632,"(1.51,Inf]"
G025_R383_C1144,G025_R390_C1144,1.75,FALSE,-0.07165863044890207,"(1.51,Inf]"
G025_R383_C1145,G025_R390_C1144,1.7677669529663689,FALSE,-0.107243805090104,"(1.51,Inf]"
G025_R383_C1146,G025_R390_C1144,1.8200274723201295,FALSE,-0.23602039433581615,"(1.51,Inf]"
G025_R383_C1147,G025_R390_C1144,1.9039432764659772,FALSE,-0.2777796056702088,"(1.51,Inf]"
G025_R384_C1132,G025_R390_C1144,3.3541019662496847,FALSE,0.7080985828880836,"(1.51,Inf]"
G025_R384_C1133,G025_R390_C1144,3.132491021535417,FALSE,0.7237749973184802,"(1.51,Inf]"
G025_R384_C1134,G025_R390_C1144,2.9154759474226504,FALSE,0.7511841069671334,"(1.51,Inf]"
G025_R384_C1135,G025_R390_C1144,2.704163456597992,FALSE,0.7414470482381627,"(1.51,Inf]"
G025_R384_C1136,G025_R390_C1144,2.5,FALSE,0.7738885809542531,"(1.51,Inf]"
G025_R384_C1137,G025_R390_C1144,2.3048861143232218,FALSE,0.7651212470133889,"(1.51,Inf]"
G025_R384_C1138,G025_R390_C1144,2.1213203435596424,FALSE,0.7418271811648194,"(1.51,Inf]"
G025_R384_C1139,G025_R390_C1144,1.9525624189766635,FALSE,0.7500130026798122,"(1.51,Inf]"
G025_R384_C1140,G025_R390_C1144,1.8027756377319946,FALSE,0.6663901839747244,"(1.51,Inf]"
G025_R384_C1141,G025_R390_C1144,1.6770509831248424,FALSE,0.5115524501032491,"(1.51,Inf]"
G025_R384_C1142,G025_R390_C1144,1.5811388300841898,FALSE,0.29544528181196406,"(1.51,Inf]"
G025_R385_C1132,G025_R390_C1144,3.25,FALSE,0.7558521752463722,"(1.51,Inf]"
G025_R385_C1133,G025_R390_C1144,3.020761493398643,FALSE,0.7428031473248359,"(1.51,Inf]"
G025_R385_C1134,G025_R390_C1144,2.7950849718747373,FALSE,0.7427792570720926,"(1.51,Inf]"
G025_R385_C1135,G025_R390_C1144,2.57390753524675,FALSE,0.7585670458780813,"(1.51,Inf]"
G025_R385_C1136,G025_R390_C1144,2.358495283014151,FALSE,0.7816893056772013,"(1.51,Inf]"
G025_R385_C1137,G025_R390_C1144,2.1505813167606567,FALSE,0.7634515545155676,"(1.51,Inf]"
G025_R385_C1138,G025_R390_C1144,1.9525624189766635,FALSE,0.7573470556292793,"(1.51,Inf]"
G025_R385_C1139,G025_R390_C1144,1.7677669529663689,FALSE,0.6963292183542189,"(1.51,Inf]"
G025_R385_C1140,G025_R390_C1144,1.6007810593582121,FALSE,0.5715284394791327,"(1.51,Inf]"
G025_R385_C1141,G025_R390_C1144,1.4577379737113252,FALSE,0.4565075188926288,"(1.01,1.51]"
G025_R385_C1142,G025_R390_C1144,1.346291201783626,FALSE,0.3718762708649321,"(1.01,1.51]"
G025_R386_C1132,G025_R390_C1144,3.1622776601683795,FALSE,0.7518669306154917,"(1.51,Inf]"
G025_R386_C1133,G025_R390_C1144,2.9261749776799064,FALSE,0.7600151935017742,"(1.51,Inf]"
G025_R386_C1134,G025_R390_C1144,2.692582403567252,FALSE,0.7616836194816073,"(1.51,Inf]"
G025_R386_C1135,G025_R390_C1144,2.462214450449026,FALSE,0.7789659012240574,"(1.51,Inf]"
G025_R386_C1136,G025_R390_C1144,2.23606797749979,FALSE,0.7813972168090775,"(1.51,Inf]"
G025_R386_C1137,G025_R390_C1144,2.0155644370746373,FALSE,0.7496919880493013,"(1.51,Inf]"
G025_R386_C1138,G025_R390_C1144,1.8027756377319946,FALSE,0.7334402342227411,"(1.51,Inf]"
G025_R386_C1139,G025_R390_C1144,1.6007810593582121,FALSE,0.6264346619863389,"(1.51,Inf]"
G025_R386_C1141,G025_R390_C1144,1.25,FALSE,0.4996554561418742,"(1.01,1.51]"
G025_R387_C1132,G025_R390_C1144,3.092329219213245,FALSE,0.743889729451535,"(1.51,Inf]"
G025_R387_C1133,G025_R390_C1144,2.850438562747845,FALSE,0.7280840409722574,"(1.51,Inf]"
G025_R387_C1134,G025_R390_C1144,2.6100766272276377,FALSE,0.7540315557707331,"(1.51,Inf]"
G025_R387_C1135,G025_R390_C1144,2.3717082451262845,FALSE,0.7650873540178111,"(1.51,Inf]"
G025_R387_C1136,G025_R390_C1144,2.1360009363293826,FALSE,0.7794549053940156,"(1.51,Inf]"
G025_R387_C1137,G025_R390_C1144,1.9039432764659772,FALSE,0.737477826278403,"(1.51,Inf]"
G025_R387_C1138,G025_R390_C1144,1.6770509831248424,FALSE,0.7036470568355268,"(1.51,Inf]"
G025_R387_C1139,G025_R390_C1144,1.4577379737113252,FALSE,0.6655903317981027,"(1.01,1.51]"
G025_R387_C1140,G025_R390_C1144,1.25,FALSE,0.6581568603639559,"(1.01,1.51]"
G025_R387_C1141,G025_R390_C1144,1.0606601717798212,FALSE,0.5832658273016539,"(1.01,1.51]"
G025_R387_C1142,G025_R390_C1144,0.9013878188659973,FALSE,0.43869596136770816,"(0.76,1.01]"
G025_R387_C1143,G025_R390_C1144,0.7905694150420949,FALSE,0.4552119759747954,"(0.76,1.01]"
G025_R388_C1132,G025_R390_C1144,3.0413812651491097,FALSE,0.7395470984417148,"(1.51,Inf]"
G025_R388_C1133,G025_R390_C1144,2.7950849718747373,FALSE,0.7315663562926467,"(1.51,Inf]"
G025_R388_C1134,G025_R390_C1144,2.5495097567963922,FALSE,0.7384139617328476,"(1.51,Inf]"
G025_R388_C1135,G025_R390_C1144,2.3048861143232218,FALSE,0.7519026234626786,"(1.51,Inf]"
G025_R388_C1136,G025_R390_C1144,2.0615528128088303,FALSE,0.755499383100258,"(1.51,Inf]"
G025_R388_C1137,G025_R390_C1144,1.8200274723201295,FALSE,0.7364773066682813,"(1.51,Inf]"
G025_R388_C1138,G025_R390_C1144,1.5811388300841898,FALSE,0.7198870534525015,"(1.51,Inf]"
G025_R388_C1139,G025_R390_C1144,1.346291201783626,FALSE,0.7197855157046857,"(1.01,1.51]"
G025_R388_C1140,G025_R390_C1144,1.118033988749895,FALSE,0.7192759727992847,"(1.01,1.51]"
G025_R388_C1141,G025_R390_C1144,0.9013878188659973,FALSE,0.7773047369602404,"(0.76,1.01]"
G025_R388_C1142,G025_R390_C1144,0.7071067811865476,FALSE,0.7926306342059559,"(0.51,0.76]"
G025_R388_C1143,G025_R390_C1144,0.5590169943749475,FALSE,0.7855839048137614,"(0.51,0.76]"
G025_R388_C1144,G025_R390_C1144,0.5,FALSE,0.7304187842089018,"(0.26,0.51]"
G025_R388_C1145,G025_R390_C1144,0.5590169943749475,FALSE,0.5553482781672996,"(0.51,0.76]"
G025_R389_C1132,G025_R390_C1144,3.010398644698074,FALSE,0.7428518292349855,"(1.51,Inf]"
G025_R389_C1133,G025_R390_C1144,2.7613402542968153,FALSE,0.7168713834471617,"(1.51,Inf]"
G025_R389_C1134,G025_R390_C1144,2.5124689052802225,FALSE,0.7392487822817656,"(1.51,Inf]"
G025_R389_C1135,G025_R390_C1144,2.2638462845343543,FALSE,0.7173308158675878,"(1.51,Inf]"
G025_R389_C1136,G025_R390_C1144,2.0155644370746373,FALSE,0.7056448710679984,"(1.51,Inf]"
G025_R389_C1137,G025_R390_C1144,1.7677669529663689,FALSE,0.7075267395627686,"(1.51,Inf]"
G025_R389_C1138,G025_R390_C1144,1.5206906325745548,FALSE,0.708469054597934,"(1.51,Inf]"
G025_R389_C1139,G025_R390_C1144,1.2747548783981961,FALSE,0.7047589382365939,"(1.01,1.51]"
G025_R389_C1140,G025_R390_C1144,1.0307764064044151,FALSE,0.732545036955128,"(1.01,1.51]"
G025_R389_C1141,G025_R390_C1144,0.7905694150420949,FALSE,0.8038220934418646,"(0.76,1.01]"
G025_R389_C1142,G025_R390_C1144,0.5590169943749475,FALSE,0.8676655476504244,"(0.51,0.76]"
G025_R389_C1143,G025_R390_C1144,0.3535533905932738,FALSE,0.8949867335819802,"(0.26,0.51]"
G025_R389_C1144,G025_R390_C1144,0.25,TRUE,0.8800022362419803,"[0,0.26]"
G025_R389_C1145,G025_R390_C1144,0.3535533905932738,FALSE,0.7148687688217015,"(0.26,0.51]"
G025_R390_C1132,G025_R390_C1144,3,FALSE,0.7029325982565324,"(1.51,Inf]"
G025_R390_C1133,G025_R390_C1144,2.75,FALSE,0.7085487863564442,"(1.51,Inf]"
G025_R390_C1134,G025_R390_C1144,2.5,FALSE,0.7020861331229789,"(1.51,Inf]"
G025_R390_C1135,G025_R390_C1144,2.25,FALSE,0.6770739170339426,"(1.51,Inf]"
G025_R390_C1136,G025_R390_C1144,2,FALSE,0.6676355861331071,"(1.51,Inf]"
G025_R390_C1137,G025_R390_C1144,1.75,FALSE,0.6670756065223992,"(1.51,Inf]"
G025_R390_C1138,G025_R390_C1144,1.5,FALSE,0.6685537236223633,"(1.01,1.51]"
G025_R390_C1139,G025_R390_C1144,1.25,FALSE,0.6963974423903763,"(1.01,1.51]"
G025_R390_C1140,G025_R390_C1144,1,FALSE,0.7627225793189898,"(0.76,1.01]"
G025_R390_C1141,G025_R390_C1144,0.75,FALSE,0.8055423212044052,"(0.51,0.76]"
G025_R390_C1142,G025_R390_C1144,0.5,FALSE,0.8714774324793432,"(0.26,0.51]"
G025_R390_C1143,G025_R390_C1144,0.25,TRUE,0.9401882752404813,"[0,0.26]"
G025_R380_C1132,G025_R390_C1145,4.100304866714182,FALSE,0.6358301566284646,"(1.51,Inf]"
G025_R380_C1133,G025_R390_C1145,3.905124837953327,FALSE,0.6279908737521276,"(1.51,Inf]"
G025_R380_C1134,G025_R390_C1145,3.7165171868296265,FALSE,0.5725982250331964,"(1.51,Inf]"
G025_R380_C1135,G025_R390_C1145,3.5355339059327378,FALSE,0.526450785637015,"(1.51,Inf]"
G025_R380_C1143,G025_R390_C1145,2.5495097567963922,FALSE,0.025063664427086706,"(1.51,Inf]"
G025_R380_C1144,G025_R390_C1145,2.5124689052802225,FALSE,0.18929681507999446,"(1.51,Inf]"
G025_R380_C1145,G025_R390_C1145,2.5,FALSE,0.09443623080201755,"(1.51,Inf]"
G025_R380_C1146,G025_R390_C1145,2.5124689052802225,FALSE,0.08212308617651176,"(1.51,Inf]"
G025_R380_C1147,G025_R390_C1145,2.5495097567963922,FALSE,0.05387874563338962,"(1.51,Inf]"
G025_R381_C1132,G025_R390_C1145,3.952847075210474,FALSE,0.6677204195208989,"(1.51,Inf]"
G025_R381_C1133,G025_R390_C1145,3.75,FALSE,0.6845495251447804,"(1.51,Inf]"
G025_R381_C1134,G025_R390_C1145,3.553167600887974,FALSE,0.6685468341420938,"(1.51,Inf]"
G025_R381_C1135,G025_R390_C1145,3.3634060117684275,FALSE,0.6787110713596906,"(1.51,Inf]"
G025_R381_C1143,G025_R390_C1145,2.3048861143232218,FALSE,0.041096840933833624,"(1.51,Inf]"
G025_R381_C1144,G025_R390_C1145,2.2638462845343543,FALSE,0.2830612490210818,"(1.51,Inf]"
G025_R381_C1145,G025_R390_C1145,2.25,FALSE,0.15021087100045577,"(1.51,Inf]"
G025_R381_C1146,G025_R390_C1145,2.2638462845343543,FALSE,0.14823703349827907,"(1.51,Inf]"
G025_R381_C1147,G025_R390_C1145,2.3048861143232218,FALSE,0.10462368739755239,"(1.51,Inf]"
G025_R382_C1132,G025_R390_C1145,3.816084380618437,FALSE,0.7053920289556971,"(1.51,Inf]"
G025_R382_C1133,G025_R390_C1145,3.605551275463989,FALSE,0.701281888735407,"(1.51,Inf]"
G025_R382_C1134,G025_R390_C1145,3.400367627183861,FALSE,0.7063235547212824,"(1.51,Inf]"
G025_R382_C1135,G025_R390_C1145,3.2015621187164243,FALSE,0.7242778118040414,"(1.51,Inf]"
G025_R382_C1136,G025_R390_C1145,3.010398644698074,FALSE,0.6996254885601358,"(1.51,Inf]"
G025_R382_C1138,G025_R390_C1145,2.6575364531836625,FALSE,0.05277437604271179,"(1.51,Inf]"
G025_R382_C1141,G025_R390_C1145,2.23606797749979,FALSE,0.28015983796982397,"(1.51,Inf]"
G025_R382_C1143,G025_R390_C1145,2.0615528128088303,FALSE,0.090513797651458,"(1.51,Inf]"
G025_R382_C1144,G025_R390_C1145,2.0155644370746373,FALSE,0.15511593404643628,"(1.51,Inf]"
G025_R382_C1145,G025_R390_C1145,2,FALSE,0.08704114972658007,"(1.51,Inf]"
G025_R382_C1146,G025_R390_C1145,2.0155644370746373,FALSE,0.019181033505233987,"(1.51,Inf]"
G025_R382_C1147,G025_R390_C1145,2.0615528128088303,FALSE,0.002964943076288116,"(1.51,Inf]"
G025_R383_C1132,G025_R390_C1145,3.69120576505835,FALSE,0.6893363975725778,"(1.51,Inf]"
G025_R383_C1133,G025_R390_C1145,3.473110997362451,FALSE,0.7173351095822198,"(1.51,Inf]"
G025_R383_C1134,G025_R390_C1145,3.2596012026013246,FALSE,0.7189924284848507,"(1.51,Inf]"
G025_R383_C1135,G025_R390_C1145,3.0516389039334255,FALSE,0.7271952584344009,"(1.51,Inf]"
G025_R383_C1136,G025_R390_C1145,2.850438562747845,FALSE,0.7671611204563034,"(1.51,Inf]"
G025_R383_C1137,G025_R390_C1145,2.6575364531836625,FALSE,0.7491080580381303,"(1.51,Inf]"
G025_R383_C1139,G025_R390_C1145,2.3048861143232218,FALSE,0.6949329790947236,"(1.51,Inf]"
G025_R383_C1140,G025_R390_C1145,2.1505813167606567,FALSE,0.7122909121110463,"(1.51,Inf]"
G025_R383_C1141,G025_R390_C1145,2.0155644370746373,FALSE,0.572107585038179,"(1.51,Inf]"
G025_R383_C1142,G025_R390_C1145,1.9039432764659772,FALSE,0.41469897983034143,"(1.51,Inf]"
G025_R383_C1143,G025_R390_C1145,1.8200274723201295,FALSE,0.15137377041609715,"(1.51,Inf]"
G025_R383_C1144,G025_R390_C1145,1.7677669529663689,FALSE,-0.09777068529369633,"(1.51,Inf]"
G025_R383_C1145,G025_R390_C1145,1.75,FALSE,-0.14436751655474467,"(1.51,Inf]"
G025_R383_C1146,G025_R390_C1145,1.7677669529663689,FALSE,-0.22156391727407865,"(1.51,Inf]"
G025_R383_C1147,G025_R390_C1145,1.8200274723201295,FALSE,-0.2542428250222713,"(1.51,Inf]"
G025_R384_C1132,G025_R390_C1145,3.5794552658190883,FALSE,0.6987723138491628,"(1.51,Inf]"
G025_R384_C1133,G025_R390_C1145,3.3541019662496847,FALSE,0.7126421761339526,"(1.51,Inf]"
G025_R384_C1134,G025_R390_C1145,3.132491021535417,FALSE,0.7388598387767601,"(1.51,Inf]"
G025_R384_C1135,G025_R390_C1145,2.9154759474226504,FALSE,0.7330665104320219,"(1.51,Inf]"
G025_R384_C1136,G025_R390_C1145,2.704163456597992,FALSE,0.7689946199273288,"(1.51,Inf]"
G025_R384_C1137,G025_R390_C1145,2.5,FALSE,0.7702694463485041,"(1.51,Inf]"
G025_R384_C1138,G025_R390_C1145,2.3048861143232218,FALSE,0.7515944841322872,"(1.51,Inf]"
G025_R384_C1139,G025_R390_C1145,2.1213203435596424,FALSE,0.7650883622707636,"(1.51,Inf]"
G025_R384_C1140,G025_R390_C1145,1.9525624189766635,FALSE,0.6703749109620957,"(1.51,Inf]"
G025_R384_C1141,G025_R390_C1145,1.8027756377319946,FALSE,0.5162452965316544,"(1.51,Inf]"
G025_R384_C1142,G025_R390_C1145,1.6770509831248424,FALSE,0.3140718665213957,"(1.51,Inf]"
G025_R385_C1132,G025_R390_C1145,3.48209706929603,FALSE,0.7423957684568165,"(1.51,Inf]"
G025_R385_C1133,G025_R390_C1145,3.25,FALSE,0.7447086393902749,"(1.51,Inf]"
G025_R385_C1134,G025_R390_C1145,3.020761493398643,FALSE,0.7409026492500159,"(1.51,Inf]"
G025_R385_C1135,G025_R390_C1145,2.7950849718747373,FALSE,0.7618971989599487,"(1.51,Inf]"
G025_R385_C1136,G025_R390_C1145,2.57390753524675,FALSE,0.782553485227944,"(1.51,Inf]"
G025_R385_C1137,G025_R390_C1145,2.358495283014151,FALSE,0.7571565804438604,"(1.51,Inf]"
G025_R385_C1138,G025_R390_C1145,2.1505813167606567,FALSE,0.7684168666107926,"(1.51,Inf]"
G025_R385_C1139,G025_R390_C1145,1.9525624189766635,FALSE,0.714010950563692,"(1.51,Inf]"
G025_R385_C1140,G025_R390_C1145,1.7677669529663689,FALSE,0.5738340958350473,"(1.51,Inf]"
G025_R385_C1141,G025_R390_C1145,1.6007810593582121,FALSE,0.4405729798010004,"(1.51,Inf]"
G025_R385_C1142,G025_R390_C1145,1.4577379737113252,FALSE,0.3756608007064932,"(1.01,1.51]"
G025_R386_C1132,G025_R390_C1145,3.400367627183861,FALSE,0.7585755518899154,"(1.51,Inf]"
G025_R386_C1133,G025_R390_C1145,3.1622776601683795,FALSE,0.7677809355795088,"(1.51,Inf]"
G025_R386_C1134,G025_R390_C1145,2.9261749776799064,FALSE,0.7625689306750394,"(1.51,Inf]"
G025_R386_C1135,G025_R390_C1145,2.692582403567252,FALSE,0.779565078227634,"(1.51,Inf]"
G025_R386_C1136,G025_R390_C1145,2.462214450449026,FALSE,0.7885804090382379,"(1.51,Inf]"
G025_R386_C1137,G025_R390_C1145,2.23606797749979,FALSE,0.756232437849817,"(1.51,Inf]"
G025_R386_C1138,G025_R390_C1145,2.0155644370746373,FALSE,0.725597858130056,"(1.51,Inf]"
G025_R386_C1139,G025_R390_C1145,1.8027756377319946,FALSE,0.6164446919455426,"(1.51,Inf]"
G025_R386_C1141,G025_R390_C1145,1.4142135623730951,FALSE,0.49599597651688354,"(1.01,1.51]"
G025_R387_C1132,G025_R390_C1145,3.3354160160315836,FALSE,0.7472179392119425,"(1.51,Inf]"
G025_R387_C1133,G025_R390_C1145,3.092329219213245,FALSE,0.7442440000487742,"(1.51,Inf]"
G025_R387_C1134,G025_R390_C1145,2.850438562747845,FALSE,0.7590702864398391,"(1.51,Inf]"
G025_R387_C1135,G025_R390_C1145,2.6100766272276377,FALSE,0.7742665453721724,"(1.51,Inf]"
G025_R387_C1136,G025_R390_C1145,2.3717082451262845,FALSE,0.7866669229510699,"(1.51,Inf]"
G025_R387_C1137,G025_R390_C1145,2.1360009363293826,FALSE,0.7532152588798982,"(1.51,Inf]"
G025_R387_C1138,G025_R390_C1145,1.9039432764659772,FALSE,0.722961366579743,"(1.51,Inf]"
G025_R387_C1139,G025_R390_C1145,1.6770509831248424,FALSE,0.676930823669269,"(1.51,Inf]"
G025_R387_C1140,G025_R390_C1145,1.4577379737113252,FALSE,0.6845622294063971,"(1.01,1.51]"
G025_R387_C1141,G025_R390_C1145,1.25,FALSE,0.6096943389414557,"(1.01,1.51]"
G025_R387_C1142,G025_R390_C1145,1.0606601717798212,FALSE,0.45068631315851987,"(1.01,1.51]"
G025_R387_C1143,G025_R390_C1145,0.9013878188659973,FALSE,0.4882923311451045,"(0.76,1.01]"
G025_R388_C1132,G025_R390_C1145,3.2882366094914763,FALSE,0.7460917158271537,"(1.51,Inf]"
G025_R388_C1133,G025_R390_C1145,3.0413812651491097,FALSE,0.7439961699343676,"(1.51,Inf]"
G025_R388_C1134,G025_R390_C1145,2.7950849718747373,FALSE,0.7510303241012409,"(1.51,Inf]"
G025_R388_C1135,G025_R390_C1145,2.5495097567963922,FALSE,0.7639898984908869,"(1.51,Inf]"
G025_R388_C1136,G025_R390_C1145,2.3048861143232218,FALSE,0.7712816641957826,"(1.51,Inf]"
G025_R388_C1137,G025_R390_C1145,2.0615528128088303,FALSE,0.7484880530032993,"(1.51,Inf]"
G025_R388_C1138,G025_R390_C1145,1.8200274723201295,FALSE,0.7381538508003312,"(1.51,Inf]"
G025_R388_C1139,G025_R390_C1145,1.5811388300841898,FALSE,0.7351775276378688,"(1.51,Inf]"
G025_R388_C1140,G025_R390_C1145,1.346291201783626,FALSE,0.7193395734161804,"(1.01,1.51]"
G025_R388_C1141,G025_R390_C1145,1.118033988749895,FALSE,0.7725992310287568,"(1.01,1.51]"
G025_R388_C1142,G025_R390_C1145,0.9013878188659973,FALSE,0.7953556759787882,"(0.76,1.01]"
G025_R388_C1143,G025_R390_C1145,0.7071067811865476,FALSE,0.8128628546643364,"(0.51,0.76]"
G025_R388_C1144,G025_R390_C1145,0.5590169943749475,FALSE,0.7695507493883224,"(0.51,0.76]"
G025_R388_C1145,G025_R390_C1145,0.5,FALSE,0.6363500523332083,"(0.26,0.51]"
G025_R389_C1132,G025_R390_C1145,3.2596012026013246,FALSE,0.7581091823841655,"(1.51,Inf]"
G025_R389_C1133,G025_R390_C1145,3.010398644698074,FALSE,0.7451967565693643,"(1.51,Inf]"
G025_R389_C1134,G025_R390_C1145,2.7613402542968153,FALSE,0.7458724784444674,"(1.51,Inf]"
G025_R389_C1135,G025_R390_C1145,2.5124689052802225,FALSE,0.7397296929541153,"(1.51,Inf]"
G025_R389_C1136,G025_R390_C1145,2.2638462845343543,FALSE,0.7232432694299367,"(1.51,Inf]"
G025_R389_C1137,G025_R390_C1145,2.0155644370746373,FALSE,0.7300543004783093,"(1.51,Inf]"
G025_R389_C1138,G025_R390_C1145,1.7677669529663689,FALSE,0.7332364277007689,"(1.51,Inf]"
G025_R389_C1139,G025_R390_C1145,1.5206906325745548,FALSE,0.7193059065530367,"(1.51,Inf]"
G025_R389_C1140,G025_R390_C1145,1.2747548783981961,FALSE,0.7233084663188686,"(1.01,1.51]"
G025_R389_C1141,G025_R390_C1145,1.0307764064044151,FALSE,0.7681148323201135,"(1.01,1.51]"
G025_R389_C1142,G025_R390_C1145,0.7905694150420949,FALSE,0.8191060229435406,"(0.76,1.01]"
G025_R389_C1143,G025_R390_C1145,0.5590169943749475,FALSE,0.8493959626978393,"(0.51,0.76]"
G025_R389_C1144,G025_R390_C1145,0.3535533905932738,FALSE,0.8928864425563138,"(0.26,0.51]"
G025_R389_C1145,G025_R390_C1145,0.25,TRUE,0.7859662612105385,"[0,0.26]"
G025_R390_C1132,G025_R390_C1145,3.25,FALSE,0.7019362885039687,"(1.51,Inf]"
G025_R390_C1133,G025_R390_C1145,3,FALSE,0.7207757094196529,"(1.51,Inf]"
G025_R390_C1134,G025_R390_C1145,2.75,FALSE,0.7118235707350257,"(1.51,Inf]"
G025_R390_C1135,G025_R390_C1145,2.5,FALSE,0.6946104876139592,"(1.51,Inf]"
G025_R390_C1136,G025_R390_C1145,2.25,FALSE,0.6795695030130601,"(1.51,Inf]"
G025_R390_C1137,G025_R390_C1145,2,FALSE,0.6737737417174382,"(1.51,Inf]"
G025_R390_C1138,G025_R390_C1145,1.75,FALSE,0.682116194080472,"(1.51,Inf]"
G025_R390_C1139,G025_R390_C1145,1.5,FALSE,0.704167417899525,"(1.01,1.51]"
G025_R390_C1140,G025_R390_C1145,1.25,FALSE,0.7357127136336267,"(1.01,1.51]"
G025_R390_C1141,G025_R390_C1145,1,FALSE,0.7618878499297688,"(0.76,1.01]"
G025_R390_C1142,G025_R390_C1145,0.75,FALSE,0.8081738018924153,"(0.51,0.76]"
G025_R390_C1143,G025_R390_C1145,0.5,FALSE,0.8579424866224918,"(0.26,0.51]"
G025_R390_C1144,G025_R390_C1145,0.25,TRUE,0.9223523520128654,"[0,0.26]"
G025_R380_C1132,G025_R390_C1146,4.301162633521313,FALSE,0.6050201553070412,"(1.51,Inf]"
G025_R380_C1133,G025_R390_C1146,4.100304866714182,FALSE,0.5926624635564025,"(1.51,Inf]"
G025_R380_C1134,G025_R390_C1146,3.905124837953327,FALSE,0.5649007251615018,"(1.51,Inf]"
G025_R380_C1135,G025_R390_C1146,3.7165171868296265,FALSE,0.5294048314827752,"(1.51,Inf]"
G025_R380_C1143,G025_R390_C1146,2.6100766272276377,FALSE,0.04803225462671654,"(1.51,Inf]"
G025_R380_C1144,G025_R390_C1146,2.5495097567963922,FALSE,0.19166195836390124,"(1.51,Inf]"
G025_R380_C1145,G025_R390_C1146,2.5124689052802225,FALSE,0.10392497753887137,"(1.51,Inf]"
G025_R380_C1146,G025_R390_C1146,2.5,FALSE,0.11269408908284415,"(1.51,Inf]"
G025_R380_C1147,G025_R390_C1146,2.5124689052802225,FALSE,0.08487425791740125,"(1.51,Inf]"
G025_R381_C1132,G025_R390_C1146,4.16082924427331,FALSE,0.6377190568257207,"(1.51,Inf]"
G025_R381_C1133,G025_R390_C1146,3.952847075210474,FALSE,0.6568382005208757,"(1.51,Inf]"
G025_R381_C1134,G025_R390_C1146,3.75,FALSE,0.6431469968465648,"(1.51,Inf]"
G025_R381_C1135,G025_R390_C1146,3.553167600887974,FALSE,0.6508314430029316,"(1.51,Inf]"
G025_R381_C1143,G025_R390_C1146,2.3717082451262845,FALSE,0.08195854355249628,"(1.51,Inf]"
G025_R381_C1144,G025_R390_C1146,2.3048861143232218,FALSE,0.2887376537189278,"(1.51,Inf]"
G025_R381_C1145,G025_R390_C1146,2.2638462845343543,FALSE,0.16804673362740283,"(1.51,Inf]"
G025_R381_C1146,G025_R390_C1146,2.25,FALSE,0.1836630269838463,"(1.51,Inf]"
G025_R381_C1147,G025_R390_C1146,2.2638462845343543,FALSE,0.13648313909984394,"(1.51,Inf]"
G025_R382_C1132,G025_R390_C1146,4.031128874149275,FALSE,0.6664019810916308,"(1.51,Inf]"
G025_R382_C1133,G025_R390_C1146,3.816084380618437,FALSE,0.6602854422738634,"(1.51,Inf]"
G025_R382_C1134,G025_R390_C1146,3.605551275463989,FALSE,0.666401708374681,"(1.51,Inf]"
G025_R382_C1135,G025_R390_C1146,3.400367627183861,FALSE,0.6869909794336948,"(1.51,Inf]"
G025_R382_C1136,G025_R390_C1146,3.2015621187164243,FALSE,0.6558632116919335,"(1.51,Inf]"
G025_R382_C1138,G025_R390_C1146,2.8284271247461903,FALSE,0.03991586385847478,"(1.51,Inf]"
G025_R382_C1141,G025_R390_C1146,2.358495283014151,FALSE,0.25888907504906006,"(1.51,Inf]"
G025_R382_C1143,G025_R390_C1146,2.1360009363293826,FALSE,0.09576751379737529,"(1.51,Inf]"
G025_R382_C1144,G025_R390_C1146,2.0615528128088303,FALSE,0.1174751123486934,"(1.51,Inf]"
G025_R382_C1145,G025_R390_C1146,2.0155644370746373,FALSE,0.07860155287194279,"(1.51,Inf]"
G025_R382_C1146,G025_R390_C1146,2,FALSE,0.008667650270167613,"(1.51,Inf]"
G025_R382_C1147,G025_R390_C1146,2.0155644370746373,FALSE,-0.006276612911711174,"(1.51,Inf]"
G025_R383_C1132,G025_R390_C1146,3.913118960624632,FALSE,0.6632758250751113,"(1.51,Inf]"
G025_R383_C1133,G025_R390_C1146,3.69120576505835,FALSE,0.6890996126003388,"(1.51,Inf]"
G025_R383_C1134,G025_R390_C1146,3.473110997362451,FALSE,0.6793542464023757,"(1.51,Inf]"
G025_R383_C1135,G025_R390_C1146,3.2596012026013246,FALSE,0.679281541703143,"(1.51,Inf]"
G025_R383_C1136,G025_R390_C1146,3.0516389039334255,FALSE,0.7310074155336491,"(1.51,Inf]"
G025_R383_C1137,G025_R390_C1146,2.850438562747845,FALSE,0.703304181351744,"(1.51,Inf]"
G025_R383_C1139,G025_R390_C1146,2.4748737341529163,FALSE,0.6435926380657351,"(1.51,Inf]"
G025_R383_C1140,G025_R390_C1146,2.3048861143232218,FALSE,0.6686701668906667,"(1.51,Inf]"
G025_R383_C1141,G025_R390_C1146,2.1505813167606567,FALSE,0.5354721820753333,"(1.51,Inf]"
G025_R383_C1142,G025_R390_C1146,2.0155644370746373,FALSE,0.40048534753320497,"(1.51,Inf]"
G025_R383_C1143,G025_R390_C1146,1.9039432764659772,FALSE,0.19218801456484846,"(1.51,Inf]"
G025_R383_C1144,G025_R390_C1146,1.8200274723201295,FALSE,-0.07791791205228016,"(1.51,Inf]"
G025_R383_C1145,G025_R390_C1146,1.7677669529663689,FALSE,-0.0687512766147571,"(1.51,Inf]"
G025_R383_C1146,G025_R390_C1146,1.75,FALSE,-0.17453182154119212,"(1.51,Inf]"
G025_R383_C1147,G025_R390_C1146,1.7677669529663689,FALSE,-0.22434477210278764,"(1.51,Inf]"
G025_R384_C1132,G025_R390_C1146,3.8078865529319543,FALSE,0.6810206304410699,"(1.51,Inf]"
G025_R384_C1133,G025_R390_C1146,3.5794552658190883,FALSE,0.6869594016587625,"(1.51,Inf]"
G025_R384_C1134,G025_R390_C1146,3.3541019662496847,FALSE,0.7094282574608205,"(1.51,Inf]"
G025_R384_C1135,G025_R390_C1146,3.132491021535417,FALSE,0.6876377943965365,"(1.51,Inf]"
G025_R384_C1136,G025_R390_C1146,2.9154759474226504,FALSE,0.7260951787934392,"(1.51,Inf]"
G025_R384_C1137,G025_R390_C1146,2.704163456597992,FALSE,0.7324262348039879,"(1.51,Inf]"
G025_R384_C1138,G025_R390_C1146,2.5,FALSE,0.7276264867345642,"(1.51,Inf]"
G025_R384_C1139,G025_R390_C1146,2.3048861143232218,FALSE,0.7121945425503542,"(1.51,Inf]"
G025_R384_C1140,G025_R390_C1146,2.1213203435596424,FALSE,0.6297253044745267,"(1.51,Inf]"
G025_R384_C1141,G025_R390_C1146,1.9525624189766635,FALSE,0.4871598097607731,"(1.51,Inf]"
G025_R384_C1142,G025_R390_C1146,1.8027756377319946,FALSE,0.30901026886646793,"(1.51,Inf]"
G025_R385_C1132,G025_R390_C1146,3.7165171868296265,FALSE,0.7349930434432714,"(1.51,Inf]"
G025_R385_C1133,G025_R390_C1146,3.48209706929603,FALSE,0.7143890801728914,"(1.51,Inf]"
G025_R385_C1134,G025_R390_C1146,3.25,FALSE,0.7115189696342861,"(1.51,Inf]"
G025_R385_C1135,G025_R390_C1146,3.020761493398643,FALSE,0.7338324296519567,"(1.51,Inf]"
G025_R385_C1136,G025_R390_C1146,2.7950849718747373,FALSE,0.7387674916186229,"(1.51,Inf]"
G025_R385_C1137,G025_R390_C1146,2.57390753524675,FALSE,0.7220461240630225,"(1.51,Inf]"
G025_R385_C1138,G025_R390_C1146,2.358495283014151,FALSE,0.7254668873191288,"(1.51,Inf]"
G025_R385_C1139,G025_R390_C1146,2.1505813167606567,FALSE,0.6845630723181754,"(1.51,Inf]"
G025_R385_C1140,G025_R390_C1146,1.9525624189766635,FALSE,0.5465290647644797,"(1.51,Inf]"
G025_R385_C1141,G025_R390_C1146,1.7677669529663689,FALSE,0.40263753788376244,"(1.51,Inf]"
G025_R385_C1142,G025_R390_C1146,1.6007810593582121,FALSE,0.36250548147652245,"(1.51,Inf]"
G025_R386_C1132,G025_R390_C1146,3.640054944640259,FALSE,0.7379624854239042,"(1.51,Inf]"
G025_R386_C1133,G025_R390_C1146,3.400367627183861,FALSE,0.7484941854764585,"(1.51,Inf]"
G025_R386_C1134,G025_R390_C1146,3.1622776601683795,FALSE,0.7468473283330499,"(1.51,Inf]"
G025_R386_C1135,G025_R390_C1146,2.9261749776799064,FALSE,0.7481184170792589,"(1.51,Inf]"
G025_R386_C1136,G025_R390_C1146,2.692582403567252,FALSE,0.7467624978040391,"(1.51,Inf]"
G025_R386_C1137,G025_R390_C1146,2.462214450449026,FALSE,0.7157011597402222,"(1.51,Inf]"
G025_R386_C1138,G025_R390_C1146,2.23606797749979,FALSE,0.6922696047839813,"(1.51,Inf]"
G025_R386_C1139,G025_R390_C1146,2.0155644370746373,FALSE,0.5877626858895902,"(1.51,Inf]"
G025_R386_C1141,G025_R390_C1146,1.6007810593582121,FALSE,0.4604407148638429,"(1.51,Inf]"
G025_R387_C1132,G025_R390_C1146,3.5794552658190883,FALSE,0.7221941187932492,"(1.51,Inf]"
G025_R387_C1133,G025_R390_C1146,3.3354160160315836,FALSE,0.7214587747634099,"(1.51,Inf]"
G025_R387_C1134,G025_R390_C1146,3.092329219213245,FALSE,0.7378462033408751,"(1.51,Inf]"
G025_R387_C1135,G025_R390_C1146,2.850438562747845,FALSE,0.7470075442400186,"(1.51,Inf]"
G025_R387_C1136,G025_R390_C1146,2.6100766272276377,FALSE,0.7481693969015514,"(1.51,Inf]"
G025_R387_C1137,G025_R390_C1146,2.3717082451262845,FALSE,0.7036008318507786,"(1.51,Inf]"
G025_R387_C1138,G025_R390_C1146,2.1360009363293826,FALSE,0.6625946271495251,"(1.51,Inf]"
G025_R387_C1139,G025_R390_C1146,1.9039432764659772,FALSE,0.6261213832765523,"(1.51,Inf]"
G025_R387_C1140,G025_R390_C1146,1.6770509831248424,FALSE,0.6373890309297866,"(1.51,Inf]"
G025_R387_C1141,G025_R390_C1146,1.4577379737113252,FALSE,0.6095169421391581,"(1.01,1.51]"
G025_R387_C1142,G025_R390_C1146,1.25,FALSE,0.40662352324109186,"(1.01,1.51]"
G025_R387_C1143,G025_R390_C1146,1.0606601717798212,FALSE,0.4550630762930534,"(1.01,1.51]"
G025_R388_C1132,G025_R390_C1146,3.5355339059327378,FALSE,0.7184496210285359,"(1.51,Inf]"
G025_R388_C1133,G025_R390_C1146,3.2882366094914763,FALSE,0.7068461110025634,"(1.51,Inf]"
G025_R388_C1134,G025_R390_C1146,3.0413812651491097,FALSE,0.7191291290800585,"(1.51,Inf]"
G025_R388_C1135,G025_R390_C1146,2.7950849718747373,FALSE,0.7280743482869935,"(1.51,Inf]"
G025_R388_C1136,G025_R390_C1146,2.5495097567963922,FALSE,0.7219144690085096,"(1.51,Inf]"
G025_R388_C1137,G025_R390_C1146,2.3048861143232218,FALSE,0.6897818805282238,"(1.51,Inf]"
G025_R388_C1138,G025_R390_C1146,2.0615528128088303,FALSE,0.6801023618916813,"(1.51,Inf]"
G025_R388_C1139,G025_R390_C1146,1.8200274723201295,FALSE,0.6778457692187416,"(1.51,Inf]"
G025_R388_C1140,G025_R390_C1146,1.5811388300841898,FALSE,0.6682545135567706,"(1.51,Inf]"
G025_R388_C1141,G025_R390_C1146,1.346291201783626,FALSE,0.7277522713052408,"(1.01,1.51]"
G025_R388_C1142,G025_R390_C1146,1.118033988749895,FALSE,0.729674938966149,"(1.01,1.51]"
G025_R388_C1143,G025_R390_C1146,0.9013878188659973,FALSE,0.749234063375234,"(0.76,1.01]"
G025_R388_C1144,G025_R390_C1146,0.7071067811865476,FALSE,0.7223842657419758,"(0.51,0.76]"
G025_R388_C1145,G025_R390_C1146,0.5590169943749475,FALSE,0.632202986884695,"(0.51,0.76]"
G025_R389_C1132,G025_R390_C1146,3.5089172119045497,FALSE,0.7262129078407049,"(1.51,Inf]"
G025_R389_C1133,G025_R390_C1146,3.2596012026013246,FALSE,0.7005119862468954,"(1.51,Inf]"
G025_R389_C1134,G025_R390_C1146,3.010398644698074,FALSE,0.6971624937658908,"(1.51,Inf]"
G025_R389_C1135,G025_R390_C1146,2.7613402542968153,FALSE,0.6908178468701214,"(1.51,Inf]"
G025_R389_C1136,G025_R390_C1146,2.5124689052802225,FALSE,0.6732928503272765,"(1.51,Inf]"
G025_R389_C1137,G025_R390_C1146,2.2638462845343543,FALSE,0.6747562338469983,"(1.51,Inf]"
G025_R389_C1138,G025_R390_C1146,2.0155644370746373,FALSE,0.6779925201022918,"(1.51,Inf]"
G025_R389_C1139,G025_R390_C1146,1.7677669529663689,FALSE,0.6761966976441656,"(1.51,Inf]"
G025_R389_C1140,G025_R390_C1146,1.5206906325745548,FALSE,0.6758224892188742,"(1.51,Inf]"
G025_R389_C1141,G025_R390_C1146,1.2747548783981961,FALSE,0.7172904934450588,"(1.01,1.51]"
G025_R389_C1142,G025_R390_C1146,1.0307764064044151,FALSE,0.7540578974865071,"(1.01,1.51]"
G025_R389_C1143,G025_R390_C1146,0.7905694150420949,FALSE,0.7877164751751545,"(0.76,1.01]"
G025_R389_C1144,G025_R390_C1146,0.5590169943749475,FALSE,0.8333358510033012,"(0.51,0.76]"
G025_R389_C1145,G025_R390_C1146,0.3535533905932738,FALSE,0.7793911339034084,"(0.26,0.51]"
G025_R390_C1132,G025_R390_C1146,3.5,FALSE,0.6699894959437889,"(1.51,Inf]"
G025_R390_C1133,G025_R390_C1146,3.25,FALSE,0.671596009148438,"(1.51,Inf]"
G025_R390_C1134,G025_R390_C1146,3,FALSE,0.6659061967410995,"(1.51,Inf]"
G025_R390_C1135,G025_R390_C1146,2.75,FALSE,0.6525321799414757,"(1.51,Inf]"
G025_R390_C1136,G025_R390_C1146,2.5,FALSE,0.634406111488323,"(1.51,Inf]"
G025_R390_C1137,G025_R390_C1146,2.25,FALSE,0.6214134280794005,"(1.51,Inf]"
G025_R390_C1138,G025_R390_C1146,2,FALSE,0.6396129283783977,"(1.51,Inf]"
G025_R390_C1139,G025_R390_C1146,1.75,FALSE,0.6604663940026362,"(1.51,Inf]"
G025_R390_C1140,G025_R390_C1146,1.5,FALSE,0.6752653939871939,"(1.01,1.51]"
G025_R390_C1141,G025_R390_C1146,1.25,FALSE,0.7103353376838945,"(1.01,1.51]"
G025_R390_C1142,G025_R390_C1146,1,FALSE,0.7477301631915128,"(0.76,1.01]"
G025_R390_C1143,G025_R390_C1146,0.75,FALSE,0.7889244979533148,"(0.51,0.76]"
G025_R390_C1144,G025_R390_C1146,0.5,FALSE,0.825771806293839,"(0.26,0.51]"
G025_R390_C1145,G025_R390_C1146,0.25,TRUE,0.9302796682833077,"[0,0.26]"
G025_R380_C1132,G025_R390_C1147,4.5069390943299865,FALSE,0.5891875968159979,"(1.51,Inf]"
G025_R380_C1133,G025_R390_C1147,4.301162633521313,FALSE,0.5900499975675076,"(1.51,Inf]"
G025_R380_C1134,G025_R390_C1147,4.100304866714182,FALSE,0.5560101514255962,"(1.51,Inf]"
G025_R380_C1135,G025_R390_C1147,3.905124837953327,FALSE,0.5116562298143894,"(1.51,Inf]"
G025_R380_C1143,G025_R390_C1147,2.692582403567252,FALSE,0.05409960080281692,"(1.51,Inf]"
G025_R380_C1144,G025_R390_C1147,2.6100766272276377,FALSE,0.18571800915586392,"(1.51,Inf]"
G025_R380_C1145,G025_R390_C1147,2.5495097567963922,FALSE,0.1091165587315719,"(1.51,Inf]"
G025_R380_C1146,G025_R390_C1147,2.5124689052802225,FALSE,0.08535957241587139,"(1.51,Inf]"
G025_R380_C1147,G025_R390_C1147,2.5,FALSE,0.08353577722873029,"(1.51,Inf]"
G025_R381_C1132,G025_R390_C1147,4.373213921133975,FALSE,0.5965116286623847,"(1.51,Inf]"
G025_R381_C1133,G025_R390_C1147,4.16082924427331,FALSE,0.6315936439284295,"(1.51,Inf]"
G025_R381_C1134,G025_R390_C1147,3.952847075210474,FALSE,0.6262882029392307,"(1.51,Inf]"
G025_R381_C1135,G025_R390_C1147,3.75,FALSE,0.6296521873876232,"(1.51,Inf]"
G025_R381_C1143,G025_R390_C1147,2.462214450449026,FALSE,0.0694493882644857,"(1.51,Inf]"
G025_R381_C1144,G025_R390_C1147,2.3717082451262845,FALSE,0.27520776931220003,"(1.51,Inf]"
G025_R381_C1145,G025_R390_C1147,2.3048861143232218,FALSE,0.15337780175336807,"(1.51,Inf]"
G025_R381_C1146,G025_R390_C1147,2.2638462845343543,FALSE,0.1483622187250124,"(1.51,Inf]"
G025_R381_C1147,G025_R390_C1147,2.25,FALSE,0.1740468907465107,"(1.51,Inf]"
G025_R382_C1132,G025_R390_C1147,4.25,FALSE,0.634243684111817,"(1.51,Inf]"
G025_R382_C1133,G025_R390_C1147,4.031128874149275,FALSE,0.6426539669541003,"(1.51,Inf]"
G025_R382_C1134,G025_R390_C1147,3.816084380618437,FALSE,0.639758755831214,"(1.51,Inf]"
G025_R382_C1135,G025_R390_C1147,3.605551275463989,FALSE,0.6564496999833206,"(1.51,Inf]"
G025_R382_C1136,G025_R390_C1147,3.400367627183861,FALSE,0.636328401245781,"(1.51,Inf]"
G025_R382_C1138,G025_R390_C1147,3.010398644698074,FALSE,0.02882952765848809,"(1.51,Inf]"
G025_R382_C1141,G025_R390_C1147,2.5,FALSE,0.24965920117770596,"(1.51,Inf]"
G025_R382_C1143,G025_R390_C1147,2.23606797749979,FALSE,0.0826910949983795,"(1.51,Inf]"
G025_R382_C1144,G025_R390_C1147,2.1360009363293826,FALSE,0.10848338831542302,"(1.51,Inf]"
G025_R382_C1145,G025_R390_C1147,2.0615528128088303,FALSE,0.11857712842995122,"(1.51,Inf]"
G025_R382_C1146,G025_R390_C1147,2.0155644370746373,FALSE,0.08446081138176469,"(1.51,Inf]"
G025_R382_C1147,G025_R390_C1147,2,FALSE,0.0758081366063775,"(1.51,Inf]"
G025_R383_C1132,G025_R390_C1147,4.138236339311712,FALSE,0.6277028708630671,"(1.51,Inf]"
G025_R383_C1133,G025_R390_C1147,3.913118960624632,FALSE,0.6503771606841647,"(1.51,Inf]"
G025_R383_C1134,G025_R390_C1147,3.69120576505835,FALSE,0.6500957600933086,"(1.51,Inf]"
G025_R383_C1135,G025_R390_C1147,3.473110997362451,FALSE,0.6527667259057323,"(1.51,Inf]"
G025_R383_C1136,G025_R390_C1147,3.2596012026013246,FALSE,0.7070779953503554,"(1.51,Inf]"
G025_R383_C1137,G025_R390_C1147,3.0516389039334255,FALSE,0.681778823916116,"(1.51,Inf]"
G025_R383_C1139,G025_R390_C1147,2.6575364531836625,FALSE,0.6322431502978257,"(1.51,Inf]"
G025_R383_C1140,G025_R390_C1147,2.4748737341529163,FALSE,0.6297065299395324,"(1.51,Inf]"
G025_R383_C1141,G025_R390_C1147,2.3048861143232218,FALSE,0.5077440899960587,"(1.51,Inf]"
G025_R383_C1142,G025_R390_C1147,2.1505813167606567,FALSE,0.37445261281893893,"(1.51,Inf]"
G025_R383_C1143,G025_R390_C1147,2.0155644370746373,FALSE,0.18926951693079005,"(1.51,Inf]"
G025_R383_C1144,G025_R390_C1147,1.9039432764659772,FALSE,-0.05105051660399486,"(1.51,Inf]"
G025_R383_C1145,G025_R390_C1147,1.8200274723201295,FALSE,-0.03260602720605113,"(1.51,Inf]"
G025_R383_C1146,G025_R390_C1147,1.7677669529663689,FALSE,-0.1293274636795449,"(1.51,Inf]"
G025_R383_C1147,G025_R390_C1147,1.75,FALSE,-0.2076419949145139,"(1.51,Inf]"
G025_R384_C1132,G025_R390_C1147,4.038873605350878,FALSE,0.6411508078805421,"(1.51,Inf]"
G025_R384_C1133,G025_R390_C1147,3.8078865529319543,FALSE,0.6564454568863655,"(1.51,Inf]"
G025_R384_C1134,G025_R390_C1147,3.5794552658190883,FALSE,0.6740644479636657,"(1.51,Inf]"
G025_R384_C1135,G025_R390_C1147,3.3541019662496847,FALSE,0.6480517178290708,"(1.51,Inf]"
G025_R384_C1136,G025_R390_C1147,3.132491021535417,FALSE,0.6807069011615079,"(1.51,Inf]"
G025_R384_C1137,G025_R390_C1147,2.9154759474226504,FALSE,0.6822426579559234,"(1.51,Inf]"
G025_R384_C1138,G025_R390_C1147,2.704163456597992,FALSE,0.6759184012345529,"(1.51,Inf]"
G025_R384_C1139,G025_R390_C1147,2.5,FALSE,0.6891921062152823,"(1.51,Inf]"
G025_R384_C1140,G025_R390_C1147,2.3048861143232218,FALSE,0.6041061177527343,"(1.51,Inf]"
G025_R384_C1141,G025_R390_C1147,2.1213203435596424,FALSE,0.45045024122854316,"(1.51,Inf]"
G025_R384_C1142,G025_R390_C1147,1.9525624189766635,FALSE,0.24368399420539866,"(1.51,Inf]"
G025_R385_C1132,G025_R390_C1147,3.952847075210474,FALSE,0.7156661844639224,"(1.51,Inf]"
G025_R385_C1133,G025_R390_C1147,3.7165171868296265,FALSE,0.6958444309006657,"(1.51,Inf]"
G025_R385_C1134,G025_R390_C1147,3.48209706929603,FALSE,0.6673345575007518,"(1.51,Inf]"
G025_R385_C1135,G025_R390_C1147,3.25,FALSE,0.6893685040879189,"(1.51,Inf]"
G025_R385_C1136,G025_R390_C1147,3.020761493398643,FALSE,0.7014139595903807,"(1.51,Inf]"
G025_R385_C1137,G025_R390_C1147,2.7950849718747373,FALSE,0.663629517689477,"(1.51,Inf]"
G025_R385_C1138,G025_R390_C1147,2.57390753524675,FALSE,0.6715064821227392,"(1.51,Inf]"
G025_R385_C1139,G025_R390_C1147,2.358495283014151,FALSE,0.6354479581216093,"(1.51,Inf]"
G025_R385_C1140,G025_R390_C1147,2.1505813167606567,FALSE,0.5161793087912697,"(1.51,Inf]"
G025_R385_C1141,G025_R390_C1147,1.9525624189766635,FALSE,0.3839941870566528,"(1.51,Inf]"
G025_R385_C1142,G025_R390_C1147,1.7677669529663689,FALSE,0.34506878240299194,"(1.51,Inf]"
G025_R386_C1132,G025_R390_C1147,3.881043674065006,FALSE,0.7178815719277015,"(1.51,Inf]"
G025_R386_C1133,G025_R390_C1147,3.640054944640259,FALSE,0.7175607703876369,"(1.51,Inf]"
G025_R386_C1134,G025_R390_C1147,3.400367627183861,FALSE,0.7232602962785145,"(1.51,Inf]"
G025_R386_C1135,G025_R390_C1147,3.1622776601683795,FALSE,0.7225274263705823,"(1.51,Inf]"
G025_R386_C1136,G025_R390_C1147,2.9261749776799064,FALSE,0.7124524554338122,"(1.51,Inf]"
G025_R386_C1137,G025_R390_C1147,2.692582403567252,FALSE,0.6763094578510216,"(1.51,Inf]"
G025_R386_C1138,G025_R390_C1147,2.462214450449026,FALSE,0.6630205786039467,"(1.51,Inf]"
G025_R386_C1139,G025_R390_C1147,2.23606797749979,FALSE,0.5298570691289893,"(1.51,Inf]"
G025_R386_C1141,G025_R390_C1147,1.8027756377319946,FALSE,0.4414849121044271,"(1.51,Inf]"
G025_R387_C1132,G025_R390_C1147,3.824264635194589,FALSE,0.6825220229936494,"(1.51,Inf]"
G025_R387_C1133,G025_R390_C1147,3.5794552658190883,FALSE,0.6921426617168144,"(1.51,Inf]"
G025_R387_C1134,G025_R390_C1147,3.3354160160315836,FALSE,0.713615422897269,"(1.51,Inf]"
G025_R387_C1135,G025_R390_C1147,3.092329219213245,FALSE,0.7172823269399524,"(1.51,Inf]"
G025_R387_C1136,G025_R390_C1147,2.850438562747845,FALSE,0.7241225930831804,"(1.51,Inf]"
G025_R387_C1137,G025_R390_C1147,2.6100766272276377,FALSE,0.6813979293797517,"(1.51,Inf]"
G025_R387_C1138,G025_R390_C1147,2.3717082451262845,FALSE,0.6319738339608685,"(1.51,Inf]"
G025_R387_C1139,G025_R390_C1147,2.1360009363293826,FALSE,0.5789328166605932,"(1.51,Inf]"
G025_R387_C1140,G025_R390_C1147,1.9039432764659772,FALSE,0.5952109226549758,"(1.51,Inf]"
G025_R387_C1141,G025_R390_C1147,1.6770509831248424,FALSE,0.5541878405135535,"(1.51,Inf]"
G025_R387_C1142,G025_R390_C1147,1.4577379737113252,FALSE,0.3714190685825254,"(1.01,1.51]"
G025_R387_C1143,G025_R390_C1147,1.25,FALSE,0.4576273586709873,"(1.01,1.51]"
G025_R388_C1132,G025_R390_C1147,3.783186487605389,FALSE,0.6881799909267301,"(1.51,Inf]"
G025_R388_C1133,G025_R390_C1147,3.5355339059327378,FALSE,0.6718471003814498,"(1.51,Inf]"
G025_R388_C1134,G025_R390_C1147,3.2882366094914763,FALSE,0.6990609559978093,"(1.51,Inf]"
G025_R388_C1135,G025_R390_C1147,3.0413812651491097,FALSE,0.7089227360953162,"(1.51,Inf]"
G025_R388_C1136,G025_R390_C1147,2.7950849718747373,FALSE,0.6898624792120461,"(1.51,Inf]"
G025_R388_C1137,G025_R390_C1147,2.5495097567963922,FALSE,0.6558989871316597,"(1.51,Inf]"
G025_R388_C1138,G025_R390_C1147,2.3048861143232218,FALSE,0.6380021406545175,"(1.51,Inf]"
G025_R388_C1139,G025_R390_C1147,2.0615528128088303,FALSE,0.6395189534785808,"(1.51,Inf]"
G025_R388_C1140,G025_R390_C1147,1.8200274723201295,FALSE,0.609659487532542,"(1.51,Inf]"
G025_R388_C1141,G025_R390_C1147,1.5811388300841898,FALSE,0.6754215319643075,"(1.51,Inf]"
G025_R388_C1142,G025_R390_C1147,1.346291201783626,FALSE,0.7028038336620546,"(1.01,1.51]"
G025_R388_C1143,G025_R390_C1147,1.118033988749895,FALSE,0.7262222881404224,"(1.01,1.51]"
G025_R388_C1144,G025_R390_C1147,0.9013878188659973,FALSE,0.7160124915101856,"(0.76,1.01]"
G025_R388_C1145,G025_R390_C1147,0.7071067811865476,FALSE,0.620132283396184,"(0.51,0.76]"
G025_R389_C1132,G025_R390_C1147,3.758324094593227,FALSE,0.6816188752397631,"(1.51,Inf]"
G025_R389_C1133,G025_R390_C1147,3.5089172119045497,FALSE,0.6563437965586457,"(1.51,Inf]"
G025_R389_C1134,G025_R390_C1147,3.2596012026013246,FALSE,0.6671293513065952,"(1.51,Inf]"
G025_R389_C1135,G025_R390_C1147,3.010398644698074,FALSE,0.6608294382578497,"(1.51,Inf]"
G025_R389_C1136,G025_R390_C1147,2.7613402542968153,FALSE,0.648475841105393,"(1.51,Inf]"
G025_R389_C1137,G025_R390_C1147,2.5124689052802225,FALSE,0.6264584600844575,"(1.51,Inf]"
G025_R389_C1138,G025_R390_C1147,2.2638462845343543,FALSE,0.619980741666084,"(1.51,Inf]"
G025_R389_C1139,G025_R390_C1147,2.0155644370746373,FALSE,0.6240860235805017,"(1.51,Inf]"
G025_R389_C1140,G025_R390_C1147,1.7677669529663689,FALSE,0.6228860544895066,"(1.51,Inf]"
G025_R389_C1141,G025_R390_C1147,1.5206906325745548,FALSE,0.6738329265694087,"(1.51,Inf]"
G025_R389_C1142,G025_R390_C1147,1.2747548783981961,FALSE,0.7219185019700572,"(1.01,1.51]"
G025_R389_C1143,G025_R390_C1147,1.0307764064044151,FALSE,0.7666688319003176,"(1.01,1.51]"
G025_R389_C1144,G025_R390_C1147,0.7905694150420949,FALSE,0.7943380778023464,"(0.76,1.01]"
G025_R389_C1145,G025_R390_C1147,0.5590169943749475,FALSE,0.7326651746475003,"(0.51,0.76]"
G025_R390_C1132,G025_R390_C1147,3.75,FALSE,0.6226097056551861,"(1.51,Inf]"
G025_R390_C1133,G025_R390_C1147,3.5,FALSE,0.6277065229302549,"(1.51,Inf]"
G025_R390_C1134,G025_R390_C1147,3.25,FALSE,0.6408363041733904,"(1.51,Inf]"
G025_R390_C1135,G025_R390_C1147,3,FALSE,0.618026123884318,"(1.51,Inf]"
G025_R390_C1136,G025_R390_C1147,2.75,FALSE,0.6052791159534441,"(1.51,Inf]"
G025_R390_C1137,G025_R390_C1147,2.5,FALSE,0.6029784437941715,"(1.51,Inf]"
G025_R390_C1138,G025_R390_C1147,2.25,FALSE,0.6110743554407787,"(1.51,Inf]"
G025_R390_C1139,G025_R390_C1147,2,FALSE,0.6162913347756612,"(1.51,Inf]"
G025_R390_C1140,G025_R390_C1147,1.75,FALSE,0.6357827156079335,"(1.51,Inf]"
G025_R390_C1141,G025_R390_C1147,1.5,FALSE,0.6687601236427118,"(1.01,1.51]"
G025_R390_C1142,G025_R390_C1147,1.25,FALSE,0.7132766035142146,"(1.01,1.51]"
G025_R390_C1143,G025_R390_C1147,1,FALSE,0.7561854166168432,"(0.76,1.01]"
G025_R390_C1144,G025_R390_C1147,0.75,FALSE,0.7666502818601657,"(0.51,0.76]"
G025_R390_C1145,G025_R390_C1147,0.5,FALSE,0.8497170640013829,"(0.26,0.51]"
G025_R390_C1146,G025_R390_C1147,0.25,TRUE,0.9179816645061102,"[0,0.26]"
G025_R380_C1132,G025_R391_C1132,2.75,FALSE,0.6498455629195321,"(1.51,Inf]"
G025_R380_C1133,G025_R391_C1132,2.7613402542968153,FALSE,0.6451095478586609,"(1.51,Inf]"
G025_R380_C1134,G025_R391_C1132,2.7950849718747373,FALSE,0.6151138719757105,"(1.51,Inf]"
G025_R380_C1135,G025_R391_C1132,2.850438562747845,FALSE,0.5555197694968413,"(1.51,Inf]"
G025_R380_C1143,G025_R391_C1132,3.8890872965260113,FALSE,0.065770763551309,"(1.51,Inf]"
G025_R380_C1144,G025_R391_C1132,4.0697051490249265,FALSE,0.21478115303850526,"(1.51,Inf]"
G025_R380_C1145,G025_R391_C1132,4.257346591481601,FALSE,0.0499214941868108,"(1.51,Inf]"
G025_R380_C1146,G025_R391_C1132,4.451123453691214,FALSE,-0.05031661623196615,"(1.51,Inf]"
G025_R380_C1147,G025_R391_C1132,4.650268809434569,FALSE,-0.04877018241369812,"(1.51,Inf]"
G025_R381_C1132,G025_R391_C1132,2.5,FALSE,0.675675408863995,"(1.51,Inf]"
G025_R381_C1133,G025_R391_C1132,2.5124689052802225,FALSE,0.6726449440067479,"(1.51,Inf]"
G025_R381_C1134,G025_R391_C1132,2.5495097567963922,FALSE,0.691337534184554,"(1.51,Inf]"
G025_R381_C1135,G025_R391_C1132,2.6100766272276377,FALSE,0.7073707196069943,"(1.51,Inf]"
G025_R381_C1143,G025_R391_C1132,3.7165171868296265,FALSE,0.11851730289030644,"(1.51,Inf]"
G025_R381_C1144,G025_R391_C1132,3.905124837953327,FALSE,0.23327249772365574,"(1.51,Inf]"
G025_R381_C1145,G025_R391_C1132,4.100304866714182,FALSE,0.11110655009899076,"(1.51,Inf]"
G025_R381_C1146,G025_R391_C1132,4.301162633521313,FALSE,0.030232604922636134,"(1.51,Inf]"
G025_R381_C1147,G025_R391_C1132,4.5069390943299865,FALSE,-0.04513699197229201,"(1.51,Inf]"
G025_R382_C1132,G025_R391_C1132,2.25,FALSE,0.6942603879112834,"(1.51,Inf]"
G025_R382_C1133,G025_R391_C1132,2.2638462845343543,FALSE,0.6859246668905757,"(1.51,Inf]"
G025_R382_C1134,G025_R391_C1132,2.3048861143232218,FALSE,0.7071566710258927,"(1.51,Inf]"
G025_R382_C1135,G025_R391_C1132,2.3717082451262845,FALSE,0.7109923019765947,"(1.51,Inf]"
G025_R382_C1136,G025_R391_C1132,2.462214450449026,FALSE,0.6717885766277583,"(1.51,Inf]"
G025_R382_C1138,G025_R391_C1132,2.704163456597992,FALSE,0.2161316673609588,"(1.51,Inf]"
G025_R382_C1141,G025_R391_C1132,3.181980515339464,FALSE,0.3300979973967109,"(1.51,Inf]"
G025_R382_C1143,G025_R391_C1132,3.553167600887974,FALSE,0.09319230229523105,"(1.51,Inf]"
G025_R382_C1144,G025_R391_C1132,3.75,FALSE,0.03072566961652059,"(1.51,Inf]"
G025_R382_C1145,G025_R391_C1132,3.952847075210474,FALSE,-0.08055976327768147,"(1.51,Inf]"
G025_R382_C1146,G025_R391_C1132,4.16082924427331,FALSE,-0.1275809339742892,"(1.51,Inf]"
G025_R382_C1147,G025_R391_C1132,4.373213921133975,FALSE,-0.1342185633675742,"(1.51,Inf]"
G025_R383_C1132,G025_R391_C1132,2,FALSE,0.663656990965626,"(1.51,Inf]"
G025_R383_C1133,G025_R391_C1132,2.0155644370746373,FALSE,0.6817436318910761,"(1.51,Inf]"
G025_R383_C1134,G025_R391_C1132,2.0615528128088303,FALSE,0.7045705515970195,"(1.51,Inf]"
G025_R383_C1135,G025_R391_C1132,2.1360009363293826,FALSE,0.7052959581432234,"(1.51,Inf]"
G025_R383_C1136,G025_R391_C1132,2.23606797749979,FALSE,0.6955213299420836,"(1.51,Inf]"
G025_R383_C1137,G025_R391_C1132,2.358495283014151,FALSE,0.6608439208107513,"(1.51,Inf]"
G025_R383_C1139,G025_R391_C1132,2.6575364531836625,FALSE,0.6876481114023717,"(1.51,Inf]"
G025_R383_C1140,G025_R391_C1132,2.8284271247461903,FALSE,0.7031730699594155,"(1.51,Inf]"
G025_R383_C1141,G025_R391_C1132,3.010398644698074,FALSE,0.620432410620975,"(1.51,Inf]"
G025_R383_C1142,G025_R391_C1132,3.2015621187164243,FALSE,0.43834888164701236,"(1.51,Inf]"
G025_R383_C1143,G025_R391_C1132,3.400367627183861,FALSE,0.18665360278054835,"(1.51,Inf]"
G025_R383_C1144,G025_R391_C1132,3.605551275463989,FALSE,-0.022981827861211522,"(1.51,Inf]"
G025_R383_C1145,G025_R391_C1132,3.816084380618437,FALSE,-0.032391535072874324,"(1.51,Inf]"
G025_R383_C1146,G025_R391_C1132,4.031128874149275,FALSE,-0.19146104144351622,"(1.51,Inf]"
G025_R383_C1147,G025_R391_C1132,4.25,FALSE,-0.3044581763802156,"(1.51,Inf]"
G025_R384_C1132,G025_R391_C1132,1.75,FALSE,0.6713251104816056,"(1.51,Inf]"
G025_R384_C1133,G025_R391_C1132,1.7677669529663689,FALSE,0.6792873949824184,"(1.51,Inf]"
G025_R384_C1134,G025_R391_C1132,1.8200274723201295,FALSE,0.6959078527018604,"(1.51,Inf]"
G025_R384_C1135,G025_R391_C1132,1.9039432764659772,FALSE,0.7017135438087114,"(1.51,Inf]"
G025_R384_C1136,G025_R391_C1132,2.0155644370746373,FALSE,0.727675615498377,"(1.51,Inf]"
G025_R384_C1137,G025_R391_C1132,2.1505813167606567,FALSE,0.7235223115676919,"(1.51,Inf]"
G025_R384_C1138,G025_R391_C1132,2.3048861143232218,FALSE,0.7216032498555095,"(1.51,Inf]"
G025_R384_C1139,G025_R391_C1132,2.4748737341529163,FALSE,0.7257508636505943,"(1.51,Inf]"
G025_R384_C1140,G025_R391_C1132,2.6575364531836625,FALSE,0.6741817129296646,"(1.51,Inf]"
G025_R384_C1141,G025_R391_C1132,2.850438562747845,FALSE,0.598403157715483,"(1.51,Inf]"
G025_R384_C1142,G025_R391_C1132,3.0516389039334255,FALSE,0.37119249887773337,"(1.51,Inf]"
G025_R385_C1132,G025_R391_C1132,1.5,FALSE,0.686732645404358,"(1.01,1.51]"
G025_R385_C1133,G025_R391_C1132,1.5206906325745548,FALSE,0.6885921746001606,"(1.51,Inf]"
G025_R385_C1134,G025_R391_C1132,1.5811388300841898,FALSE,0.6969534031597708,"(1.51,Inf]"
G025_R385_C1135,G025_R391_C1132,1.6770509831248424,FALSE,0.7099484972732933,"(1.51,Inf]"
G025_R385_C1136,G025_R391_C1132,1.8027756377319946,FALSE,0.716823745801489,"(1.51,Inf]"
G025_R385_C1137,G025_R391_C1132,1.9525624189766635,FALSE,0.7258608515027382,"(1.51,Inf]"
G025_R385_C1138,G025_R391_C1132,2.1213203435596424,FALSE,0.7361877569200244,"(1.51,Inf]"
G025_R385_C1139,G025_R391_C1132,2.3048861143232218,FALSE,0.7193960294308445,"(1.51,Inf]"
G025_R385_C1140,G025_R391_C1132,2.5,FALSE,0.6224980286788804,"(1.51,Inf]"
G025_R385_C1141,G025_R391_C1132,2.704163456597992,FALSE,0.5126095637494497,"(1.51,Inf]"
G025_R385_C1142,G025_R391_C1132,2.9154759474226504,FALSE,0.40860663033044914,"(1.51,Inf]"
G025_R386_C1132,G025_R391_C1132,1.25,FALSE,0.6934766924228112,"(1.01,1.51]"
G025_R386_C1133,G025_R391_C1132,1.2747548783981961,FALSE,0.7070026603080007,"(1.01,1.51]"
G025_R386_C1134,G025_R391_C1132,1.346291201783626,FALSE,0.687977742517824,"(1.01,1.51]"
G025_R386_C1135,G025_R391_C1132,1.4577379737113252,FALSE,0.6975473396200533,"(1.01,1.51]"
G025_R386_C1136,G025_R391_C1132,1.6007810593582121,FALSE,0.7242226439014172,"(1.51,Inf]"
G025_R386_C1137,G025_R391_C1132,1.7677669529663689,FALSE,0.7363418276442623,"(1.51,Inf]"
G025_R386_C1138,G025_R391_C1132,1.9525624189766635,FALSE,0.693689471394644,"(1.51,Inf]"
G025_R386_C1139,G025_R391_C1132,2.1505813167606567,FALSE,0.6357791771979141,"(1.51,Inf]"
G025_R386_C1141,G025_R391_C1132,2.57390753524675,FALSE,0.515064483202424,"(1.51,Inf]"
G025_R387_C1132,G025_R391_C1132,1,FALSE,0.7517255031544905,"(0.76,1.01]"
G025_R387_C1133,G025_R391_C1132,1.0307764064044151,FALSE,0.7300572512828525,"(1.01,1.51]"
G025_R387_C1134,G025_R391_C1132,1.118033988749895,FALSE,0.7195963955506604,"(1.01,1.51]"
G025_R387_C1135,G025_R391_C1132,1.25,FALSE,0.7220381053247181,"(1.01,1.51]"
G025_R387_C1136,G025_R391_C1132,1.4142135623730951,FALSE,0.7275399291675976,"(1.01,1.51]"
G025_R387_C1137,G025_R391_C1132,1.6007810593582121,FALSE,0.7212588660345296,"(1.51,Inf]"
G025_R387_C1138,G025_R391_C1132,1.8027756377319946,FALSE,0.7125190405004024,"(1.51,Inf]"
G025_R387_C1139,G025_R391_C1132,2.0155644370746373,FALSE,0.6858030967007066,"(1.51,Inf]"
G025_R387_C1140,G025_R391_C1132,2.23606797749979,FALSE,0.6426365754951673,"(1.51,Inf]"
G025_R387_C1141,G025_R391_C1132,2.462214450449026,FALSE,0.5701550295613261,"(1.51,Inf]"
G025_R387_C1142,G025_R391_C1132,2.692582403567252,FALSE,0.39230721094344256,"(1.51,Inf]"
G025_R387_C1143,G025_R391_C1132,2.9261749776799064,FALSE,0.4075723162499703,"(1.51,Inf]"
G025_R388_C1132,G025_R391_C1132,0.75,FALSE,0.8036501827166661,"(0.51,0.76]"
G025_R388_C1133,G025_R391_C1132,0.7905694150420949,FALSE,0.7866098498790762,"(0.76,1.01]"
G025_R388_C1134,G025_R391_C1132,0.9013878188659973,FALSE,0.7697689429716681,"(0.76,1.01]"
G025_R388_C1135,G025_R391_C1132,1.0606601717798212,FALSE,0.7528290828238949,"(1.01,1.51]"
G025_R388_C1136,G025_R391_C1132,1.25,FALSE,0.7551081210434286,"(1.01,1.51]"
G025_R388_C1137,G025_R391_C1132,1.4577379737113252,FALSE,0.7509639031978537,"(1.01,1.51]"
G025_R388_C1138,G025_R391_C1132,1.6770509831248424,FALSE,0.7171461150344607,"(1.51,Inf]"
G025_R388_C1139,G025_R391_C1132,1.9039432764659772,FALSE,0.7082751089549639,"(1.51,Inf]"
G025_R388_C1140,G025_R391_C1132,2.1360009363293826,FALSE,0.6517688020180593,"(1.51,Inf]"
G025_R388_C1141,G025_R391_C1132,2.3717082451262845,FALSE,0.6681816814412654,"(1.51,Inf]"
G025_R388_C1142,G025_R391_C1132,2.6100766272276377,FALSE,0.6726812501969284,"(1.51,Inf]"
G025_R388_C1143,G025_R391_C1132,2.850438562747845,FALSE,0.6511109459129989,"(1.51,Inf]"
G025_R388_C1144,G025_R391_C1132,3.092329219213245,FALSE,0.6952296349282369,"(1.51,Inf]"
G025_R388_C1145,G025_R391_C1132,3.3354160160315836,FALSE,0.572610610735911,"(1.51,Inf]"
G025_R389_C1132,G025_R391_C1132,0.5,FALSE,0.840207283361814,"(0.26,0.51]"
G025_R389_C1133,G025_R391_C1132,0.5590169943749475,FALSE,0.8199962158106935,"(0.51,0.76]"
G025_R389_C1134,G025_R391_C1132,0.7071067811865476,FALSE,0.8121814650403909,"(0.51,0.76]"
G025_R389_C1135,G025_R391_C1132,0.9013878188659973,FALSE,0.8153967117830753,"(0.76,1.01]"
G025_R389_C1136,G025_R391_C1132,1.118033988749895,FALSE,0.8018617092861986,"(1.01,1.51]"
G025_R389_C1137,G025_R391_C1132,1.346291201783626,FALSE,0.7812641764541682,"(1.01,1.51]"
G025_R389_C1138,G025_R391_C1132,1.5811388300841898,FALSE,0.7390423600937963,"(1.51,Inf]"
G025_R389_C1139,G025_R391_C1132,1.8200274723201295,FALSE,0.7011401407070856,"(1.51,Inf]"
G025_R389_C1140,G025_R391_C1132,2.0615528128088303,FALSE,0.6557692188231736,"(1.51,Inf]"
G025_R389_C1141,G025_R391_C1132,2.3048861143232218,FALSE,0.6256578320496573,"(1.51,Inf]"
G025_R389_C1142,G025_R391_C1132,2.5495097567963922,FALSE,0.6010164886638261,"(1.51,Inf]"
G025_R389_C1143,G025_R391_C1132,2.7950849718747373,FALSE,0.6068593858323932,"(1.51,Inf]"
G025_R389_C1144,G025_R391_C1132,3.0413812651491097,FALSE,0.6643389206190128,"(1.51,Inf]"
G025_R389_C1145,G025_R391_C1132,3.2882366094914763,FALSE,0.545105463498474,"(1.51,Inf]"
G025_R390_C1132,G025_R391_C1132,0.25,TRUE,0.9399900632785753,"[0,0.26]"
G025_R390_C1133,G025_R391_C1132,0.3535533905932738,FALSE,0.9186864718329232,"(0.26,0.51]"
G025_R390_C1134,G025_R391_C1132,0.5590169943749475,FALSE,0.9013060170441753,"(0.51,0.76]"
G025_R390_C1135,G025_R391_C1132,0.7905694150420949,FALSE,0.8757900397774391,"(0.76,1.01]"
G025_R390_C1136,G025_R391_C1132,1.0307764064044151,FALSE,0.8152659890962001,"(1.01,1.51]"
G025_R390_C1137,G025_R391_C1132,1.2747548783981961,FALSE,0.7827329741613556,"(1.01,1.51]"
G025_R390_C1138,G025_R391_C1132,1.5206906325745548,FALSE,0.7569429031881011,"(1.51,Inf]"
G025_R390_C1139,G025_R391_C1132,1.7677669529663689,FALSE,0.7232262554294694,"(1.51,Inf]"
G025_R390_C1140,G025_R391_C1132,2.0155644370746373,FALSE,0.6714860320310488,"(1.51,Inf]"
G025_R390_C1141,G025_R391_C1132,2.2638462845343543,FALSE,0.6487394938664025,"(1.51,Inf]"
G025_R390_C1142,G025_R391_C1132,2.5124689052802225,FALSE,0.6381803299376049,"(1.51,Inf]"
G025_R390_C1143,G025_R391_C1132,2.7613402542968153,FALSE,0.6241476789945508,"(1.51,Inf]"
G025_R390_C1144,G025_R391_C1132,3.010398644698074,FALSE,0.6409755939847618,"(1.51,Inf]"
G025_R390_C1145,G025_R391_C1132,3.2596012026013246,FALSE,0.6473216415291012,"(1.51,Inf]"
G025_R390_C1146,G025_R391_C1132,3.5089172119045497,FALSE,0.5983690595139467,"(1.51,Inf]"
G025_R390_C1147,G025_R391_C1132,3.758324094593227,FALSE,0.5495836891018787,"(1.51,Inf]"
G025_R380_C1132,G025_R391_C1133,2.7613402542968153,FALSE,0.6542056957971016,"(1.51,Inf]"
G025_R380_C1133,G025_R391_C1133,2.75,FALSE,0.6631648043664131,"(1.51,Inf]"
G025_R380_C1134,G025_R391_C1133,2.7613402542968153,FALSE,0.6502469932938905,"(1.51,Inf]"
G025_R380_C1135,G025_R391_C1133,2.7950849718747373,FALSE,0.6135963918408437,"(1.51,Inf]"
G025_R380_C1143,G025_R391_C1133,3.7165171868296265,FALSE,0.05668453742853187,"(1.51,Inf]"
G025_R380_C1144,G025_R391_C1133,3.8890872965260113,FALSE,0.20599521827654887,"(1.51,Inf]"
G025_R380_C1145,G025_R391_C1133,4.0697051490249265,FALSE,0.07644628002102329,"(1.51,Inf]"
G025_R380_C1146,G025_R391_C1133,4.257346591481601,FALSE,-0.04810133323411078,"(1.51,Inf]"
G025_R380_C1147,G025_R391_C1133,4.451123453691214,FALSE,-0.060111319299988523,"(1.51,Inf]"
G025_R381_C1132,G025_R391_C1133,2.5124689052802225,FALSE,0.6828781750442677,"(1.51,Inf]"
G025_R381_C1133,G025_R391_C1133,2.5,FALSE,0.6805290807334263,"(1.51,Inf]"
G025_R381_C1134,G025_R391_C1133,2.5124689052802225,FALSE,0.6934661247071304,"(1.51,Inf]"
G025_R381_C1135,G025_R391_C1133,2.5495097567963922,FALSE,0.727173941020064,"(1.51,Inf]"
G025_R381_C1143,G025_R391_C1133,3.5355339059327378,FALSE,0.1502951165191779,"(1.51,Inf]"
G025_R381_C1144,G025_R391_C1133,3.7165171868296265,FALSE,0.2419582313862415,"(1.51,Inf]"
G025_R381_C1145,G025_R391_C1133,3.905124837953327,FALSE,0.14790224639891558,"(1.51,Inf]"
G025_R381_C1146,G025_R391_C1133,4.100304866714182,FALSE,0.04860870638577302,"(1.51,Inf]"
G025_R381_C1147,G025_R391_C1133,4.301162633521313,FALSE,-0.026499763553563836,"(1.51,Inf]"
G025_R382_C1132,G025_R391_C1133,2.2638462845343543,FALSE,0.6829060549380409,"(1.51,Inf]"
G025_R382_C1133,G025_R391_C1133,2.25,FALSE,0.6841900353864202,"(1.51,Inf]"
G025_R382_C1134,G025_R391_C1133,2.2638462845343543,FALSE,0.70742474128238,"(1.51,Inf]"
G025_R382_C1135,G025_R391_C1133,2.3048861143232218,FALSE,0.700670858506676,"(1.51,Inf]"
G025_R382_C1136,G025_R391_C1133,2.3717082451262845,FALSE,0.6899577375031736,"(1.51,Inf]"
G025_R382_C1138,G025_R391_C1133,2.57390753524675,FALSE,0.23268613873552366,"(1.51,Inf]"
G025_R382_C1141,G025_R391_C1133,3.010398644698074,FALSE,0.3218715325985181,"(1.51,Inf]"
G025_R382_C1143,G025_R391_C1133,3.3634060117684275,FALSE,0.07029733330715687,"(1.51,Inf]"
G025_R382_C1144,G025_R391_C1133,3.553167600887974,FALSE,0.05332828710802896,"(1.51,Inf]"
G025_R382_C1145,G025_R391_C1133,3.75,FALSE,-0.04868994648540959,"(1.51,Inf]"
G025_R382_C1146,G025_R391_C1133,3.952847075210474,FALSE,-0.08666270740785212,"(1.51,Inf]"
G025_R382_C1147,G025_R391_C1133,4.16082924427331,FALSE,-0.11301944354249639,"(1.51,Inf]"
G025_R383_C1132,G025_R391_C1133,2.0155644370746373,FALSE,0.660951025759958,"(1.51,Inf]"
G025_R383_C1133,G025_R391_C1133,2,FALSE,0.6940599254312729,"(1.51,Inf]"
G025_R383_C1134,G025_R391_C1133,2.0155644370746373,FALSE,0.6908162700540115,"(1.51,Inf]"
G025_R383_C1135,G025_R391_C1133,2.0615528128088303,FALSE,0.6943909525358777,"(1.51,Inf]"
G025_R383_C1136,G025_R391_C1133,2.1360009363293826,FALSE,0.6839060763017935,"(1.51,Inf]"
G025_R383_C1137,G025_R391_C1133,2.23606797749979,FALSE,0.66635969670022,"(1.51,Inf]"
G025_R383_C1139,G025_R391_C1133,2.5,FALSE,0.6828410574419527,"(1.51,Inf]"
G025_R383_C1140,G025_R391_C1133,2.6575364531836625,FALSE,0.6953852944189525,"(1.51,Inf]"
G025_R383_C1141,G025_R391_C1133,2.8284271247461903,FALSE,0.653384802700651,"(1.51,Inf]"
G025_R383_C1142,G025_R391_C1133,3.010398644698074,FALSE,0.47798947597034824,"(1.51,Inf]"
G025_R383_C1143,G025_R391_C1133,3.2015621187164243,FALSE,0.17718993875105485,"(1.51,Inf]"
G025_R383_C1144,G025_R391_C1133,3.400367627183861,FALSE,-0.03994869579222931,"(1.51,Inf]"
G025_R383_C1145,G025_R391_C1133,3.605551275463989,FALSE,-0.05376617537522898,"(1.51,Inf]"
G025_R383_C1146,G025_R391_C1133,3.816084380618437,FALSE,-0.1822242378260646,"(1.51,Inf]"
G025_R383_C1147,G025_R391_C1133,4.031128874149275,FALSE,-0.2920225857936179,"(1.51,Inf]"
G025_R384_C1132,G025_R391_C1133,1.7677669529663689,FALSE,0.6639136414115193,"(1.51,Inf]"
G025_R384_C1133,G025_R391_C1133,1.75,FALSE,0.6706456233926926,"(1.51,Inf]"
G025_R384_C1134,G025_R391_C1133,1.7677669529663689,FALSE,0.6791859602677411,"(1.51,Inf]"
G025_R384_C1135,G025_R391_C1133,1.8200274723201295,FALSE,0.6782700627857695,"(1.51,Inf]"
G025_R384_C1136,G025_R391_C1133,1.9039432764659772,FALSE,0.7163737698489736,"(1.51,Inf]"
G025_R384_C1137,G025_R391_C1133,2.0155644370746373,FALSE,0.7199969394110382,"(1.51,Inf]"
G025_R384_C1138,G025_R391_C1133,2.1505813167606567,FALSE,0.7144575561825204,"(1.51,Inf]"
G025_R384_C1139,G025_R391_C1133,2.3048861143232218,FALSE,0.7194222270730366,"(1.51,Inf]"
G025_R384_C1140,G025_R391_C1133,2.4748737341529163,FALSE,0.6681240403704104,"(1.51,Inf]"
G025_R384_C1141,G025_R391_C1133,2.6575364531836625,FALSE,0.6125454719659681,"(1.51,Inf]"
G025_R384_C1142,G025_R391_C1133,2.850438562747845,FALSE,0.40718338597859904,"(1.51,Inf]"
G025_R385_C1132,G025_R391_C1133,1.5206906325745548,FALSE,0.6666930038917163,"(1.51,Inf]"
G025_R385_C1133,G025_R391_C1133,1.5,FALSE,0.6770695945498647,"(1.01,1.51]"
G025_R385_C1134,G025_R391_C1133,1.5206906325745548,FALSE,0.692029823620986,"(1.51,Inf]"
G025_R385_C1135,G025_R391_C1133,1.5811388300841898,FALSE,0.7117758974375764,"(1.51,Inf]"
G025_R385_C1136,G025_R391_C1133,1.6770509831248424,FALSE,0.7231404383005859,"(1.51,Inf]"
G025_R385_C1137,G025_R391_C1133,1.8027756377319946,FALSE,0.7210095423482189,"(1.51,Inf]"
G025_R385_C1138,G025_R391_C1133,1.9525624189766635,FALSE,0.7307781206663625,"(1.51,Inf]"
G025_R385_C1139,G025_R391_C1133,2.1213203435596424,FALSE,0.7253161237124975,"(1.51,Inf]"
G025_R385_C1140,G025_R391_C1133,2.3048861143232218,FALSE,0.623725386000716,"(1.51,Inf]"
G025_R385_C1141,G025_R391_C1133,2.5,FALSE,0.5249669509894292,"(1.51,Inf]"
G025_R385_C1142,G025_R391_C1133,2.704163456597992,FALSE,0.41205021393526603,"(1.51,Inf]"
G025_R386_C1132,G025_R391_C1133,1.2747548783981961,FALSE,0.6709494511187093,"(1.01,1.51]"
G025_R386_C1133,G025_R391_C1133,1.25,FALSE,0.692644313247721,"(1.01,1.51]"
G025_R386_C1134,G025_R391_C1133,1.2747548783981961,FALSE,0.6770985711448403,"(1.01,1.51]"
G025_R386_C1135,G025_R391_C1133,1.346291201783626,FALSE,0.6992765141607103,"(1.01,1.51]"
G025_R386_C1136,G025_R391_C1133,1.4577379737113252,FALSE,0.7214822839675372,"(1.01,1.51]"
G025_R386_C1137,G025_R391_C1133,1.6007810593582121,FALSE,0.7369908992300594,"(1.51,Inf]"
G025_R386_C1138,G025_R391_C1133,1.7677669529663689,FALSE,0.7012475749554312,"(1.51,Inf]"
G025_R386_C1139,G025_R391_C1133,1.9525624189766635,FALSE,0.6517857730818324,"(1.51,Inf]"
G025_R386_C1141,G025_R391_C1133,2.358495283014151,FALSE,0.5415631047864183,"(1.51,Inf]"
G025_R387_C1132,G025_R391_C1133,1.0307764064044151,FALSE,0.7399806198758848,"(1.01,1.51]"
G025_R387_C1133,G025_R391_C1133,1,FALSE,0.7196198890864055,"(0.76,1.01]"
G025_R387_C1134,G025_R391_C1133,1.0307764064044151,FALSE,0.7070893868260031,"(1.01,1.51]"
G025_R387_C1135,G025_R391_C1133,1.118033988749895,FALSE,0.7218348119985954,"(1.01,1.51]"
G025_R387_C1136,G025_R391_C1133,1.25,FALSE,0.7180579622140407,"(1.01,1.51]"
G025_R387_C1137,G025_R391_C1133,1.4142135623730951,FALSE,0.7459268820627881,"(1.01,1.51]"
G025_R387_C1138,G025_R391_C1133,1.6007810593582121,FALSE,0.7435430842550976,"(1.51,Inf]"
G025_R387_C1139,G025_R391_C1133,1.8027756377319946,FALSE,0.70343805306973,"(1.51,Inf]"
G025_R387_C1140,G025_R391_C1133,2.0155644370746373,FALSE,0.6467687187603475,"(1.51,Inf]"
G025_R387_C1141,G025_R391_C1133,2.23606797749979,FALSE,0.5786983647505929,"(1.51,Inf]"
G025_R387_C1142,G025_R391_C1133,2.462214450449026,FALSE,0.4105308185446504,"(1.51,Inf]"
G025_R387_C1143,G025_R391_C1133,2.692582403567252,FALSE,0.40497136322508215,"(1.51,Inf]"
G025_R388_C1132,G025_R391_C1133,0.7905694150420949,FALSE,0.7957211126164111,"(0.76,1.01]"
G025_R388_C1133,G025_R391_C1133,0.75,FALSE,0.8018381200634221,"(0.51,0.76]"
G025_R388_C1134,G025_R391_C1133,0.7905694150420949,FALSE,0.7792467033322238,"(0.76,1.01]"
G025_R388_C1135,G025_R391_C1133,0.9013878188659973,FALSE,0.7567549109192346,"(0.76,1.01]"
G025_R388_C1136,G025_R391_C1133,1.0606601717798212,FALSE,0.7702767821788922,"(1.01,1.51]"
G025_R388_C1137,G025_R391_C1133,1.25,FALSE,0.7646872713116871,"(1.01,1.51]"
G025_R388_C1138,G025_R391_C1133,1.4577379737113252,FALSE,0.7389698633951448,"(1.01,1.51]"
G025_R388_C1139,G025_R391_C1133,1.6770509831248424,FALSE,0.7304032681521851,"(1.51,Inf]"
G025_R388_C1140,G025_R391_C1133,1.9039432764659772,FALSE,0.6778695493389696,"(1.51,Inf]"
G025_R388_C1141,G025_R391_C1133,2.1360009363293826,FALSE,0.6702522756840749,"(1.51,Inf]"
G025_R388_C1142,G025_R391_C1133,2.3717082451262845,FALSE,0.6762731760065255,"(1.51,Inf]"
G025_R388_C1143,G025_R391_C1133,2.6100766272276377,FALSE,0.6436628863061438,"(1.51,Inf]"
G025_R388_C1144,G025_R391_C1133,2.850438562747845,FALSE,0.6694256102507515,"(1.51,Inf]"
G025_R388_C1145,G025_R391_C1133,3.092329219213245,FALSE,0.5672527724988096,"(1.51,Inf]"
G025_R389_C1132,G025_R391_C1133,0.5590169943749475,FALSE,0.8227538174121342,"(0.51,0.76]"
G025_R389_C1133,G025_R391_C1133,0.5,FALSE,0.825194464703496,"(0.26,0.51]"
G025_R389_C1134,G025_R391_C1133,0.5590169943749475,FALSE,0.8150060532422044,"(0.51,0.76]"
G025_R389_C1135,G025_R391_C1133,0.7071067811865476,FALSE,0.8224188987915987,"(0.51,0.76]"
G025_R389_C1136,G025_R391_C1133,0.9013878188659973,FALSE,0.830371281064767,"(0.76,1.01]"
G025_R389_C1137,G025_R391_C1133,1.118033988749895,FALSE,0.8085423697927826,"(1.01,1.51]"
G025_R389_C1138,G025_R391_C1133,1.346291201783626,FALSE,0.7637351779233813,"(1.01,1.51]"
G025_R389_C1139,G025_R391_C1133,1.5811388300841898,FALSE,0.744938161623331,"(1.51,Inf]"
G025_R389_C1140,G025_R391_C1133,1.8200274723201295,FALSE,0.6724634464150998,"(1.51,Inf]"
G025_R389_C1141,G025_R391_C1133,2.0615528128088303,FALSE,0.6272811137978976,"(1.51,Inf]"
G025_R389_C1142,G025_R391_C1133,2.3048861143232218,FALSE,0.6122047761657452,"(1.51,Inf]"
G025_R389_C1143,G025_R391_C1133,2.5495097567963922,FALSE,0.6011265579132183,"(1.51,Inf]"
G025_R389_C1144,G025_R391_C1133,2.7950849718747373,FALSE,0.658478737726707,"(1.51,Inf]"
G025_R389_C1145,G025_R391_C1133,3.0413812651491097,FALSE,0.5495394587765046,"(1.51,Inf]"
G025_R390_C1132,G025_R391_C1133,0.3535533905932738,FALSE,0.909818920726526,"(0.26,0.51]"
G025_R390_C1133,G025_R391_C1133,0.25,TRUE,0.9215430240624973,"[0,0.26]"
G025_R390_C1134,G025_R391_C1133,0.3535533905932738,FALSE,0.9196406838487541,"(0.26,0.51]"
G025_R390_C1135,G025_R391_C1133,0.5590169943749475,FALSE,0.8957144851038068,"(0.51,0.76]"
G025_R390_C1136,G025_R391_C1133,0.7905694150420949,FALSE,0.8495989494412474,"(0.76,1.01]"
G025_R390_C1137,G025_R391_C1133,1.0307764064044151,FALSE,0.8137343137722999,"(1.01,1.51]"
G025_R390_C1138,G025_R391_C1133,1.2747548783981961,FALSE,0.7977204001933174,"(1.01,1.51]"
G025_R390_C1139,G025_R391_C1133,1.5206906325745548,FALSE,0.7660963104174513,"(1.51,Inf]"
G025_R390_C1140,G025_R391_C1133,1.7677669529663689,FALSE,0.6885086753583145,"(1.51,Inf]"
G025_R390_C1141,G025_R391_C1133,2.0155644370746373,FALSE,0.6578621356831587,"(1.51,Inf]"
G025_R390_C1142,G025_R391_C1133,2.2638462845343543,FALSE,0.6220825325535643,"(1.51,Inf]"
G025_R390_C1143,G025_R391_C1133,2.5124689052802225,FALSE,0.6100743006457359,"(1.51,Inf]"
G025_R390_C1144,G025_R391_C1133,2.7613402542968153,FALSE,0.6147118653413156,"(1.51,Inf]"
G025_R390_C1145,G025_R391_C1133,3.010398644698074,FALSE,0.6428866518384724,"(1.51,Inf]"
G025_R390_C1146,G025_R391_C1133,3.2596012026013246,FALSE,0.6017332291368851,"(1.51,Inf]"
G025_R390_C1147,G025_R391_C1133,3.5089172119045497,FALSE,0.5415336337205368,"(1.51,Inf]"
G025_R391_C1132,G025_R391_C1133,0.25,TRUE,0.9502060046330845,"[0,0.26]"
G025_R380_C1132,G025_R391_C1134,2.7950849718747373,FALSE,0.6147513471241984,"(1.51,Inf]"
G025_R380_C1133,G025_R391_C1134,2.7613402542968153,FALSE,0.625252706863519,"(1.51,Inf]"
G025_R380_C1134,G025_R391_C1134,2.75,FALSE,0.6124006773307356,"(1.51,Inf]"
G025_R380_C1135,G025_R391_C1134,2.7613402542968153,FALSE,0.5740323709092244,"(1.51,Inf]"
G025_R380_C1143,G025_R391_C1134,3.553167600887974,FALSE,0.05700168162578841,"(1.51,Inf]"
G025_R380_C1144,G025_R391_C1134,3.7165171868296265,FALSE,0.19269227732196223,"(1.51,Inf]"
G025_R380_C1145,G025_R391_C1134,3.8890872965260113,FALSE,0.08592680739565775,"(1.51,Inf]"
G025_R380_C1146,G025_R391_C1134,4.0697051490249265,FALSE,-0.06519029661002161,"(1.51,Inf]"
G025_R380_C1147,G025_R391_C1134,4.257346591481601,FALSE,-0.07587435600398756,"(1.51,Inf]"
G025_R381_C1132,G025_R391_C1134,2.5495097567963922,FALSE,0.6533728157429192,"(1.51,Inf]"
G025_R381_C1133,G025_R391_C1134,2.5124689052802225,FALSE,0.650985602118216,"(1.51,Inf]"
G025_R381_C1134,G025_R391_C1134,2.5,FALSE,0.6734750364899198,"(1.51,Inf]"
G025_R381_C1135,G025_R391_C1134,2.5124689052802225,FALSE,0.7031896886940501,"(1.51,Inf]"
G025_R381_C1143,G025_R391_C1134,3.3634060117684275,FALSE,0.1296996638633788,"(1.51,Inf]"
G025_R381_C1144,G025_R391_C1134,3.5355339059327378,FALSE,0.2427170799101331,"(1.51,Inf]"
G025_R381_C1145,G025_R391_C1134,3.7165171868296265,FALSE,0.15367008614487696,"(1.51,Inf]"
G025_R381_C1146,G025_R391_C1134,3.905124837953327,FALSE,0.09070484888267046,"(1.51,Inf]"
G025_R381_C1147,G025_R391_C1134,4.100304866714182,FALSE,-0.004689964369034564,"(1.51,Inf]"
G025_R382_C1132,G025_R391_C1134,2.3048861143232218,FALSE,0.6585583610387392,"(1.51,Inf]"
G025_R382_C1133,G025_R391_C1134,2.2638462845343543,FALSE,0.6609942252913285,"(1.51,Inf]"
G025_R382_C1134,G025_R391_C1134,2.25,FALSE,0.6808065513442035,"(1.51,Inf]"
G025_R382_C1135,G025_R391_C1134,2.2638462845343543,FALSE,0.6889244407142097,"(1.51,Inf]"
G025_R382_C1136,G025_R391_C1134,2.3048861143232218,FALSE,0.6766429867252741,"(1.51,Inf]"
G025_R382_C1138,G025_R391_C1134,2.462214450449026,FALSE,0.2242260116246257,"(1.51,Inf]"
G025_R382_C1141,G025_R391_C1134,2.850438562747845,FALSE,0.360758998333299,"(1.51,Inf]"
G025_R382_C1143,G025_R391_C1134,3.181980515339464,FALSE,0.11257482886680352,"(1.51,Inf]"
G025_R382_C1144,G025_R391_C1134,3.3634060117684275,FALSE,0.07073125118655149,"(1.51,Inf]"
G025_R382_C1145,G025_R391_C1134,3.553167600887974,FALSE,-0.030942688002545588,"(1.51,Inf]"
G025_R382_C1146,G025_R391_C1134,3.75,FALSE,-0.07046813308917117,"(1.51,Inf]"
G025_R382_C1147,G025_R391_C1134,3.952847075210474,FALSE,-0.10095222359514215,"(1.51,Inf]"
G025_R383_C1132,G025_R391_C1134,2.0615528128088303,FALSE,0.644660014150565,"(1.51,Inf]"
G025_R383_C1133,G025_R391_C1134,2.0155644370746373,FALSE,0.6609761953070598,"(1.51,Inf]"
G025_R383_C1134,G025_R391_C1134,2,FALSE,0.6574005967420279,"(1.51,Inf]"
G025_R383_C1135,G025_R391_C1134,2.0155644370746373,FALSE,0.6842864646193744,"(1.51,Inf]"
G025_R383_C1136,G025_R391_C1134,2.0615528128088303,FALSE,0.6863211099172188,"(1.51,Inf]"
G025_R383_C1137,G025_R391_C1134,2.1360009363293826,FALSE,0.6378465355848952,"(1.51,Inf]"
G025_R383_C1139,G025_R391_C1134,2.358495283014151,FALSE,0.6501495835447448,"(1.51,Inf]"
G025_R383_C1140,G025_R391_C1134,2.5,FALSE,0.6655067427715899,"(1.51,Inf]"
G025_R383_C1141,G025_R391_C1134,2.6575364531836625,FALSE,0.6369238713625522,"(1.51,Inf]"
G025_R383_C1142,G025_R391_C1134,2.8284271247461903,FALSE,0.5023205008511749,"(1.51,Inf]"
G025_R383_C1143,G025_R391_C1134,3.010398644698074,FALSE,0.21628695154055066,"(1.51,Inf]"
G025_R383_C1144,G025_R391_C1134,3.2015621187164243,FALSE,-0.03047883266624524,"(1.51,Inf]"
G025_R383_C1145,G025_R391_C1134,3.400367627183861,FALSE,-0.04903002137337623,"(1.51,Inf]"
G025_R383_C1146,G025_R391_C1134,3.605551275463989,FALSE,-0.1272327514216557,"(1.51,Inf]"
G025_R383_C1147,G025_R391_C1134,3.816084380618437,FALSE,-0.26760576212055776,"(1.51,Inf]"
G025_R384_C1132,G025_R391_C1134,1.8200274723201295,FALSE,0.6461558986349127,"(1.51,Inf]"
G025_R384_C1133,G025_R391_C1134,1.7677669529663689,FALSE,0.6516548592201609,"(1.51,Inf]"
G025_R384_C1134,G025_R391_C1134,1.75,FALSE,0.6706291046128776,"(1.51,Inf]"
G025_R384_C1135,G025_R391_C1134,1.7677669529663689,FALSE,0.6676291218037272,"(1.51,Inf]"
G025_R384_C1136,G025_R391_C1134,1.8200274723201295,FALSE,0.7037527585202953,"(1.51,Inf]"
G025_R384_C1137,G025_R391_C1134,1.9039432764659772,FALSE,0.695453535333379,"(1.51,Inf]"
G025_R384_C1138,G025_R391_C1134,2.0155644370746373,FALSE,0.689927186633202,"(1.51,Inf]"
G025_R384_C1139,G025_R391_C1134,2.1505813167606567,FALSE,0.7104597229833042,"(1.51,Inf]"
G025_R384_C1140,G025_R391_C1134,2.3048861143232218,FALSE,0.6765681368926966,"(1.51,Inf]"
G025_R384_C1141,G025_R391_C1134,2.4748737341529163,FALSE,0.6249145398249124,"(1.51,Inf]"
G025_R384_C1142,G025_R391_C1134,2.6575364531836625,FALSE,0.4371079627800202,"(1.51,Inf]"
G025_R385_C1132,G025_R391_C1134,1.5811388300841898,FALSE,0.6354893122911278,"(1.51,Inf]"
G025_R385_C1133,G025_R391_C1134,1.5206906325745548,FALSE,0.6529659432312293,"(1.51,Inf]"
G025_R385_C1134,G025_R391_C1134,1.5,FALSE,0.6729736555181327,"(1.01,1.51]"
G025_R385_C1135,G025_R391_C1134,1.5206906325745548,FALSE,0.674153730552481,"(1.51,Inf]"
G025_R385_C1136,G025_R391_C1134,1.5811388300841898,FALSE,0.6950662577476666,"(1.51,Inf]"
G025_R385_C1137,G025_R391_C1134,1.6770509831248424,FALSE,0.6949548220697359,"(1.51,Inf]"
G025_R385_C1138,G025_R391_C1134,1.8027756377319946,FALSE,0.7123326821145223,"(1.51,Inf]"
G025_R385_C1139,G025_R391_C1134,1.9525624189766635,FALSE,0.7157300930625823,"(1.51,Inf]"
G025_R385_C1140,G025_R391_C1134,2.1213203435596424,FALSE,0.6375889881740072,"(1.51,Inf]"
G025_R385_C1141,G025_R391_C1134,2.3048861143232218,FALSE,0.548489429714577,"(1.51,Inf]"
G025_R385_C1142,G025_R391_C1134,2.5,FALSE,0.4203180894903949,"(1.51,Inf]"
G025_R386_C1132,G025_R391_C1134,1.346291201783626,FALSE,0.6264573098383338,"(1.01,1.51]"
G025_R386_C1133,G025_R391_C1134,1.2747548783981961,FALSE,0.6615447146448682,"(1.01,1.51]"
G025_R386_C1134,G025_R391_C1134,1.25,FALSE,0.6553711922091608,"(1.01,1.51]"
G025_R386_C1135,G025_R391_C1134,1.2747548783981961,FALSE,0.660492506753218,"(1.01,1.51]"
G025_R386_C1136,G025_R391_C1134,1.346291201783626,FALSE,0.6962326197009654,"(1.01,1.51]"
G025_R386_C1137,G025_R391_C1134,1.4577379737113252,FALSE,0.7158024136563796,"(1.01,1.51]"
G025_R386_C1138,G025_R391_C1134,1.6007810593582121,FALSE,0.70836114072208,"(1.51,Inf]"
G025_R386_C1139,G025_R391_C1134,1.7677669529663689,FALSE,0.6601235187071748,"(1.51,Inf]"
G025_R386_C1141,G025_R391_C1134,2.1505813167606567,FALSE,0.5753563215617066,"(1.51,Inf]"
G025_R387_C1132,G025_R391_C1134,1.118033988749895,FALSE,0.722240204077416,"(1.01,1.51]"
G025_R387_C1133,G025_R391_C1134,1.0307764064044151,FALSE,0.6991161225814262,"(1.01,1.51]"
G025_R387_C1134,G025_R391_C1134,1,FALSE,0.6745717610344759,"(0.76,1.01]"
G025_R387_C1135,G025_R391_C1134,1.0307764064044151,FALSE,0.6978600539657097,"(1.01,1.51]"
G025_R387_C1136,G025_R391_C1134,1.118033988749895,FALSE,0.7024135797995485,"(1.01,1.51]"
G025_R387_C1137,G025_R391_C1134,1.25,FALSE,0.7460000802336865,"(1.01,1.51]"
G025_R387_C1138,G025_R391_C1134,1.4142135623730951,FALSE,0.7406871879698737,"(1.01,1.51]"
G025_R387_C1139,G025_R391_C1134,1.6007810593582121,FALSE,0.7271765665131412,"(1.51,Inf]"
G025_R387_C1140,G025_R391_C1134,1.8027756377319946,FALSE,0.6647003033860689,"(1.51,Inf]"
G025_R387_C1141,G025_R391_C1134,2.0155644370746373,FALSE,0.5863456273820815,"(1.51,Inf]"
G025_R387_C1142,G025_R391_C1134,2.23606797749979,FALSE,0.4057683411560964,"(1.51,Inf]"
G025_R387_C1143,G025_R391_C1134,2.462214450449026,FALSE,0.3687352605527636,"(1.51,Inf]"
G025_R388_C1132,G025_R391_C1134,0.9013878188659973,FALSE,0.76744636102701,"(0.76,1.01]"
G025_R388_C1133,G025_R391_C1134,0.7905694150420949,FALSE,0.7869677840209716,"(0.76,1.01]"
G025_R388_C1134,G025_R391_C1134,0.75,FALSE,0.7592679516345145,"(0.51,0.76]"
G025_R388_C1135,G025_R391_C1134,0.7905694150420949,FALSE,0.7403354213970147,"(0.76,1.01]"
G025_R388_C1136,G025_R391_C1134,0.9013878188659973,FALSE,0.7756907845813759,"(0.76,1.01]"
G025_R388_C1137,G025_R391_C1134,1.0606601717798212,FALSE,0.7722493091026357,"(1.01,1.51]"
G025_R388_C1138,G025_R391_C1134,1.25,FALSE,0.7486174494281777,"(1.01,1.51]"
G025_R388_C1139,G025_R391_C1134,1.4577379737113252,FALSE,0.7528435087371997,"(1.01,1.51]"
G025_R388_C1140,G025_R391_C1134,1.6770509831248424,FALSE,0.6830238999587429,"(1.51,Inf]"
G025_R388_C1141,G025_R391_C1134,1.9039432764659772,FALSE,0.6578030812276565,"(1.51,Inf]"
G025_R388_C1142,G025_R391_C1134,2.1360009363293826,FALSE,0.6450722622655157,"(1.51,Inf]"
G025_R388_C1143,G025_R391_C1134,2.3717082451262845,FALSE,0.6313493711726655,"(1.51,Inf]"
G025_R388_C1144,G025_R391_C1134,2.6100766272276377,FALSE,0.6383104369636787,"(1.51,Inf]"
G025_R388_C1145,G025_R391_C1134,2.850438562747845,FALSE,0.5313243370565792,"(1.51,Inf]"
G025_R389_C1132,G025_R391_C1134,0.7071067811865476,FALSE,0.7844054959797749,"(0.51,0.76]"
G025_R389_C1133,G025_R391_C1134,0.5590169943749475,FALSE,0.7984730193689149,"(0.51,0.76]"
G025_R389_C1134,G025_R391_C1134,0.5,FALSE,0.8014098013445902,"(0.26,0.51]"
G025_R389_C1135,G025_R391_C1134,0.5590169943749475,FALSE,0.8071753917271489,"(0.51,0.76]"
G025_R389_C1136,G025_R391_C1134,0.7071067811865476,FALSE,0.8332711841874261,"(0.51,0.76]"
G025_R389_C1137,G025_R391_C1134,0.9013878188659973,FALSE,0.8226841498416222,"(0.76,1.01]"
G025_R389_C1138,G025_R391_C1134,1.118033988749895,FALSE,0.7639925736474357,"(1.01,1.51]"
G025_R389_C1139,G025_R391_C1134,1.346291201783626,FALSE,0.7422688138246637,"(1.01,1.51]"
G025_R389_C1140,G025_R391_C1134,1.5811388300841898,FALSE,0.6626651648916725,"(1.51,Inf]"
G025_R389_C1141,G025_R391_C1134,1.8200274723201295,FALSE,0.6167460515059768,"(1.51,Inf]"
G025_R389_C1142,G025_R391_C1134,2.0615528128088303,FALSE,0.6015307455066301,"(1.51,Inf]"
G025_R389_C1143,G025_R391_C1134,2.3048861143232218,FALSE,0.5909767264985325,"(1.51,Inf]"
G025_R389_C1144,G025_R391_C1134,2.5495097567963922,FALSE,0.6494652167449205,"(1.51,Inf]"
G025_R389_C1145,G025_R391_C1134,2.7950849718747373,FALSE,0.5439728374186642,"(1.51,Inf]"
G025_R390_C1132,G025_R391_C1134,0.5590169943749475,FALSE,0.8584645509669766,"(0.51,0.76]"
G025_R390_C1133,G025_R391_C1134,0.3535533905932738,FALSE,0.8766675419401837,"(0.26,0.51]"
G025_R390_C1134,G025_R391_C1134,0.25,TRUE,0.921983728739885,"[0,0.26]"
G025_R390_C1135,G025_R391_C1134,0.3535533905932738,FALSE,0.8941824632965015,"(0.26,0.51]"
G025_R390_C1136,G025_R391_C1134,0.5590169943749475,FALSE,0.8501162001210651,"(0.51,0.76]"
G025_R390_C1137,G025_R391_C1134,0.7905694150420949,FALSE,0.8229174423684998,"(0.76,1.01]"
G025_R390_C1138,G025_R391_C1134,1.0307764064044151,FALSE,0.7932861999860936,"(1.01,1.51]"
G025_R390_C1139,G025_R391_C1134,1.2747548783981961,FALSE,0.7629875732918685,"(1.01,1.51]"
G025_R390_C1140,G025_R391_C1134,1.5206906325745548,FALSE,0.6863808243371037,"(1.51,Inf]"
G025_R390_C1141,G025_R391_C1134,1.7677669529663689,FALSE,0.6522917261335792,"(1.51,Inf]"
G025_R390_C1142,G025_R391_C1134,2.0155644370746373,FALSE,0.6245674473519462,"(1.51,Inf]"
G025_R390_C1143,G025_R391_C1134,2.2638462845343543,FALSE,0.6155503882989978,"(1.51,Inf]"
G025_R390_C1144,G025_R391_C1134,2.5124689052802225,FALSE,0.6106093212990211,"(1.51,Inf]"
G025_R390_C1145,G025_R391_C1134,2.7613402542968153,FALSE,0.6298714292870122,"(1.51,Inf]"
G025_R390_C1146,G025_R391_C1134,3.010398644698074,FALSE,0.5839089245842439,"(1.51,Inf]"
G025_R390_C1147,G025_R391_C1134,3.2596012026013246,FALSE,0.5348297170998197,"(1.51,Inf]"
G025_R391_C1132,G025_R391_C1134,0.5,FALSE,0.8895579976517869,"(0.26,0.51]"
G025_R391_C1133,G025_R391_C1134,0.25,TRUE,0.9462039767721485,"[0,0.26]"
G025_R380_C1132,G025_R391_C1135,2.850438562747845,FALSE,0.6205866723011448,"(1.51,Inf]"
G025_R380_C1133,G025_R391_C1135,2.7950849718747373,FALSE,0.6220265296956414,"(1.51,Inf]"
G025_R380_C1134,G025_R391_C1135,2.7613402542968153,FALSE,0.6063279845302453,"(1.51,Inf]"
G025_R380_C1135,G025_R391_C1135,2.75,FALSE,0.5430069606900274,"(1.51,Inf]"
G025_R380_C1143,G025_R391_C1135,3.400367627183861,FALSE,0.05579855778763878,"(1.51,Inf]"
G025_R380_C1144,G025_R391_C1135,3.553167600887974,FALSE,0.1732560539372221,"(1.51,Inf]"
G025_R380_C1145,G025_R391_C1135,3.7165171868296265,FALSE,0.06793375336697122,"(1.51,Inf]"
G025_R380_C1146,G025_R391_C1135,3.8890872965260113,FALSE,-0.08280137702190882,"(1.51,Inf]"
G025_R380_C1147,G025_R391_C1135,4.0697051490249265,FALSE,-0.06776728392182958,"(1.51,Inf]"
G025_R381_C1132,G025_R391_C1135,2.6100766272276377,FALSE,0.6632858687329072,"(1.51,Inf]"
G025_R381_C1133,G025_R391_C1135,2.5495097567963922,FALSE,0.6500597790415291,"(1.51,Inf]"
G025_R381_C1134,G025_R391_C1135,2.5124689052802225,FALSE,0.6607127712918298,"(1.51,Inf]"
G025_R381_C1135,G025_R391_C1135,2.5,FALSE,0.6812471565620302,"(1.51,Inf]"
G025_R381_C1143,G025_R391_C1135,3.2015621187164243,FALSE,0.1305183977241501,"(1.51,Inf]"
G025_R381_C1144,G025_R391_C1135,3.3634060117684275,FALSE,0.2381424798125053,"(1.51,Inf]"
G025_R381_C1145,G025_R391_C1135,3.5355339059327378,FALSE,0.15632569912488836,"(1.51,Inf]"
G025_R381_C1146,G025_R391_C1135,3.7165171868296265,FALSE,0.07577051058252136,"(1.51,Inf]"
G025_R381_C1147,G025_R391_C1135,3.905124837953327,FALSE,-0.0017191709201755494,"(1.51,Inf]"
G025_R382_C1132,G025_R391_C1135,2.3717082451262845,FALSE,0.6804608450264673,"(1.51,Inf]"
G025_R382_C1133,G025_R391_C1135,2.3048861143232218,FALSE,0.6743897588291027,"(1.51,Inf]"
G025_R382_C1134,G025_R391_C1135,2.2638462845343543,FALSE,0.6837892042003028,"(1.51,Inf]"
G025_R382_C1135,G025_R391_C1135,2.25,FALSE,0.6850404227393018,"(1.51,Inf]"
G025_R382_C1136,G025_R391_C1135,2.2638462845343543,FALSE,0.654006192494017,"(1.51,Inf]"
G025_R382_C1138,G025_R391_C1135,2.3717082451262845,FALSE,0.20736557800001634,"(1.51,Inf]"
G025_R382_C1141,G025_R391_C1135,2.704163456597992,FALSE,0.3520514679475898,"(1.51,Inf]"
G025_R382_C1143,G025_R391_C1135,3.010398644698074,FALSE,0.12881514595602728,"(1.51,Inf]"
G025_R382_C1144,G025_R391_C1135,3.181980515339464,FALSE,0.12987736458793567,"(1.51,Inf]"
G025_R382_C1145,G025_R391_C1135,3.3634060117684275,FALSE,0.010098846000457988,"(1.51,Inf]"
G025_R382_C1146,G025_R391_C1135,3.553167600887974,FALSE,-0.0770462754870471,"(1.51,Inf]"
G025_R382_C1147,G025_R391_C1135,3.75,FALSE,-0.12870704357176357,"(1.51,Inf]"
G025_R383_C1132,G025_R391_C1135,2.1360009363293826,FALSE,0.6529370275523075,"(1.51,Inf]"
G025_R383_C1133,G025_R391_C1135,2.0615528128088303,FALSE,0.6674606019595608,"(1.51,Inf]"
G025_R383_C1134,G025_R391_C1135,2.0155644370746373,FALSE,0.6617870694815172,"(1.51,Inf]"
G025_R383_C1135,G025_R391_C1135,2,FALSE,0.6778736652522858,"(1.51,Inf]"
G025_R383_C1136,G025_R391_C1135,2.0155644370746373,FALSE,0.6803723793025416,"(1.51,Inf]"
G025_R383_C1137,G025_R391_C1135,2.0615528128088303,FALSE,0.6254023531616124,"(1.51,Inf]"
G025_R383_C1139,G025_R391_C1135,2.23606797749979,FALSE,0.6700847455976909,"(1.51,Inf]"
G025_R383_C1140,G025_R391_C1135,2.358495283014151,FALSE,0.6621736553338449,"(1.51,Inf]"
G025_R383_C1141,G025_R391_C1135,2.5,FALSE,0.6148230776888316,"(1.51,Inf]"
G025_R383_C1142,G025_R391_C1135,2.6575364531836625,FALSE,0.5018062918748774,"(1.51,Inf]"
G025_R383_C1143,G025_R391_C1135,2.8284271247461903,FALSE,0.25054620394113325,"(1.51,Inf]"
G025_R383_C1144,G025_R391_C1135,3.010398644698074,FALSE,0.002579660661297839,"(1.51,Inf]"
G025_R383_C1145,G025_R391_C1135,3.2015621187164243,FALSE,-0.056229725117741824,"(1.51,Inf]"
G025_R383_C1146,G025_R391_C1135,3.400367627183861,FALSE,-0.12892985075126756,"(1.51,Inf]"
G025_R383_C1147,G025_R391_C1135,3.605551275463989,FALSE,-0.26495771530715484,"(1.51,Inf]"
G025_R384_C1132,G025_R391_C1135,1.9039432764659772,FALSE,0.6564750182239427,"(1.51,Inf]"
G025_R384_C1133,G025_R391_C1135,1.8200274723201295,FALSE,0.6555492503981972,"(1.51,Inf]"
G025_R384_C1134,G025_R391_C1135,1.7677669529663689,FALSE,0.6664692464629934,"(1.51,Inf]"
G025_R384_C1135,G025_R391_C1135,1.75,FALSE,0.6635922758160457,"(1.51,Inf]"
G025_R384_C1136,G025_R391_C1135,1.7677669529663689,FALSE,0.697564445661828,"(1.51,Inf]"
G025_R384_C1137,G025_R391_C1135,1.8200274723201295,FALSE,0.6959280234680545,"(1.51,Inf]"
G025_R384_C1138,G025_R391_C1135,1.9039432764659772,FALSE,0.6967343086843462,"(1.51,Inf]"
G025_R384_C1139,G025_R391_C1135,2.0155644370746373,FALSE,0.7100506173166071,"(1.51,Inf]"
G025_R384_C1140,G025_R391_C1135,2.1505813167606567,FALSE,0.6789760092275352,"(1.51,Inf]"
G025_R384_C1141,G025_R391_C1135,2.3048861143232218,FALSE,0.621059562531374,"(1.51,Inf]"
G025_R384_C1142,G025_R391_C1135,2.4748737341529163,FALSE,0.42797124323860597,"(1.51,Inf]"
G025_R385_C1132,G025_R391_C1135,1.6770509831248424,FALSE,0.6578635335520681,"(1.51,Inf]"
G025_R385_C1133,G025_R391_C1135,1.5811388300841898,FALSE,0.6711446818487892,"(1.51,Inf]"
G025_R385_C1134,G025_R391_C1135,1.5206906325745548,FALSE,0.6870902791841006,"(1.51,Inf]"
G025_R385_C1135,G025_R391_C1135,1.5,FALSE,0.682822206512927,"(1.01,1.51]"
G025_R385_C1136,G025_R391_C1135,1.5206906325745548,FALSE,0.696611840507819,"(1.51,Inf]"
G025_R385_C1137,G025_R391_C1135,1.5811388300841898,FALSE,0.6881078604473057,"(1.51,Inf]"
G025_R385_C1138,G025_R391_C1135,1.6770509831248424,FALSE,0.7231510304137216,"(1.51,Inf]"
G025_R385_C1139,G025_R391_C1135,1.8027756377319946,FALSE,0.7234069505870622,"(1.51,Inf]"
G025_R385_C1140,G025_R391_C1135,1.9525624189766635,FALSE,0.6439119283621543,"(1.51,Inf]"
G025_R385_C1141,G025_R391_C1135,2.1213203435596424,FALSE,0.5585716729930132,"(1.51,Inf]"
G025_R385_C1142,G025_R391_C1135,2.3048861143232218,FALSE,0.44309055111441853,"(1.51,Inf]"
G025_R386_C1132,G025_R391_C1135,1.4577379737113252,FALSE,0.6539049793375054,"(1.01,1.51]"
G025_R386_C1133,G025_R391_C1135,1.346291201783626,FALSE,0.6786751767708268,"(1.01,1.51]"
G025_R386_C1134,G025_R391_C1135,1.2747548783981961,FALSE,0.66880835420862,"(1.01,1.51]"
G025_R386_C1135,G025_R391_C1135,1.25,FALSE,0.6831342790995771,"(1.01,1.51]"
G025_R386_C1136,G025_R391_C1135,1.2747548783981961,FALSE,0.7102123521237376,"(1.01,1.51]"
G025_R386_C1137,G025_R391_C1135,1.346291201783626,FALSE,0.7303448958819472,"(1.01,1.51]"
G025_R386_C1138,G025_R391_C1135,1.4577379737113252,FALSE,0.7116000639955712,"(1.01,1.51]"
G025_R386_C1139,G025_R391_C1135,1.6007810593582121,FALSE,0.6715770772427234,"(1.51,Inf]"
G025_R386_C1141,G025_R391_C1135,1.9525624189766635,FALSE,0.5770563561048637,"(1.51,Inf]"
G025_R387_C1132,G025_R391_C1135,1.25,FALSE,0.7308835590333868,"(1.01,1.51]"
G025_R387_C1133,G025_R391_C1135,1.118033988749895,FALSE,0.7097787532069908,"(1.01,1.51]"
G025_R387_C1134,G025_R391_C1135,1.0307764064044151,FALSE,0.6926231461724089,"(1.01,1.51]"
G025_R387_C1135,G025_R391_C1135,1,FALSE,0.7075193324219393,"(0.76,1.01]"
G025_R387_C1136,G025_R391_C1135,1.0307764064044151,FALSE,0.7178548932654765,"(1.01,1.51]"
G025_R387_C1137,G025_R391_C1135,1.118033988749895,FALSE,0.7566213839702797,"(1.01,1.51]"
G025_R387_C1138,G025_R391_C1135,1.25,FALSE,0.7641939775149766,"(1.01,1.51]"
G025_R387_C1139,G025_R391_C1135,1.4142135623730951,FALSE,0.7452818228619311,"(1.01,1.51]"
G025_R387_C1140,G025_R391_C1135,1.6007810593582121,FALSE,0.6816370945213179,"(1.51,Inf]"
G025_R387_C1141,G025_R391_C1135,1.8027756377319946,FALSE,0.579749832514893,"(1.51,Inf]"
G025_R387_C1142,G025_R391_C1135,2.0155644370746373,FALSE,0.412636125035792,"(1.51,Inf]"
G025_R387_C1143,G025_R391_C1135,2.23606797749979,FALSE,0.3829916369096513,"(1.51,Inf]"
G025_R388_C1132,G025_R391_C1135,1.0606601717798212,FALSE,0.7916203264330868,"(1.01,1.51]"
G025_R388_C1133,G025_R391_C1135,0.9013878188659973,FALSE,0.7883842283629642,"(0.76,1.01]"
G025_R388_C1134,G025_R391_C1135,0.7905694150420949,FALSE,0.7736865138138911,"(0.76,1.01]"
G025_R388_C1135,G025_R391_C1135,0.75,FALSE,0.7544669155989335,"(0.51,0.76]"
G025_R388_C1136,G025_R391_C1135,0.7905694150420949,FALSE,0.7755767970363523,"(0.76,1.01]"
G025_R388_C1137,G025_R391_C1135,0.9013878188659973,FALSE,0.7806883961244679,"(0.76,1.01]"
G025_R388_C1138,G025_R391_C1135,1.0606601717798212,FALSE,0.7768150553069474,"(1.01,1.51]"
G025_R388_C1139,G025_R391_C1135,1.25,FALSE,0.7745627582962077,"(1.01,1.51]"
G025_R388_C1140,G025_R391_C1135,1.4577379737113252,FALSE,0.7157600487715878,"(1.01,1.51]"
G025_R388_C1141,G025_R391_C1135,1.6770509831248424,FALSE,0.6863381973489818,"(1.51,Inf]"
G025_R388_C1142,G025_R391_C1135,1.9039432764659772,FALSE,0.6679216957728619,"(1.51,Inf]"
G025_R388_C1143,G025_R391_C1135,2.1360009363293826,FALSE,0.6384693906600843,"(1.51,Inf]"
G025_R388_C1144,G025_R391_C1135,2.3717082451262845,FALSE,0.641772837400426,"(1.51,Inf]"
G025_R388_C1145,G025_R391_C1135,2.6100766272276377,FALSE,0.4927439570577149,"(1.51,Inf]"
G025_R389_C1132,G025_R391_C1135,0.9013878188659973,FALSE,0.7960541212269695,"(0.76,1.01]"
G025_R389_C1133,G025_R391_C1135,0.7071067811865476,FALSE,0.7955384553926135,"(0.51,0.76]"
G025_R389_C1134,G025_R391_C1135,0.5590169943749475,FALSE,0.8101791660252442,"(0.51,0.76]"
G025_R389_C1135,G025_R391_C1135,0.5,FALSE,0.8254313532161557,"(0.26,0.51]"
G025_R389_C1136,G025_R391_C1135,0.5590169943749475,FALSE,0.8469788862394685,"(0.51,0.76]"
G025_R389_C1137,G025_R391_C1135,0.7071067811865476,FALSE,0.8386719679725994,"(0.51,0.76]"
G025_R389_C1138,G025_R391_C1135,0.9013878188659973,FALSE,0.800965059026014,"(0.76,1.01]"
G025_R389_C1139,G025_R391_C1135,1.118033988749895,FALSE,0.7811259866092389,"(1.01,1.51]"
G025_R389_C1140,G025_R391_C1135,1.346291201783626,FALSE,0.7039298348053211,"(1.01,1.51]"
G025_R389_C1141,G025_R391_C1135,1.5811388300841898,FALSE,0.6603017723219126,"(1.51,Inf]"
G025_R389_C1142,G025_R391_C1135,1.8200274723201295,FALSE,0.6307880825177389,"(1.51,Inf]"
G025_R389_C1143,G025_R391_C1135,2.0615528128088303,FALSE,0.6121108290110843,"(1.51,Inf]"
G025_R389_C1144,G025_R391_C1135,2.3048861143232218,FALSE,0.6505609506033533,"(1.51,Inf]"
G025_R389_C1145,G025_R391_C1135,2.5495097567963922,FALSE,0.52062005005021,"(1.51,Inf]"
G025_R390_C1132,G025_R391_C1135,0.7905694150420949,FALSE,0.862717118655054,"(0.76,1.01]"
G025_R390_C1133,G025_R391_C1135,0.5590169943749475,FALSE,0.8687282912204101,"(0.51,0.76]"
G025_R390_C1134,G025_R391_C1135,0.3535533905932738,FALSE,0.9109478170876084,"(0.26,0.51]"
G025_R390_C1135,G025_R391_C1135,0.25,TRUE,0.9122544875529452,"[0,0.26]"
G025_R390_C1136,G025_R391_C1135,0.3535533905932738,FALSE,0.8834514170409096,"(0.26,0.51]"
G025_R390_C1137,G025_R391_C1135,0.5590169943749475,FALSE,0.8663376710616111,"(0.51,0.76]"
G025_R390_C1138,G025_R391_C1135,0.7905694150420949,FALSE,0.8383715555625932,"(0.76,1.01]"
G025_R390_C1139,G025_R391_C1135,1.0307764064044151,FALSE,0.8263939860193844,"(1.01,1.51]"
G025_R390_C1140,G025_R391_C1135,1.2747548783981961,FALSE,0.739040753448332,"(1.01,1.51]"
G025_R390_C1141,G025_R391_C1135,1.5206906325745548,FALSE,0.6950984764148991,"(1.51,Inf]"
G025_R390_C1142,G025_R391_C1135,1.7677669529663689,FALSE,0.6587055335792681,"(1.51,Inf]"
G025_R390_C1143,G025_R391_C1135,2.0155644370746373,FALSE,0.6306108393813283,"(1.51,Inf]"
G025_R390_C1144,G025_R391_C1135,2.2638462845343543,FALSE,0.6294836699092958,"(1.51,Inf]"
G025_R390_C1145,G025_R391_C1135,2.5124689052802225,FALSE,0.6505872055499451,"(1.51,Inf]"
G025_R390_C1146,G025_R391_C1135,2.7613402542968153,FALSE,0.6002882947838809,"(1.51,Inf]"
G025_R390_C1147,G025_R391_C1135,3.010398644698074,FALSE,0.5577414410947146,"(1.51,Inf]"
G025_R391_C1132,G025_R391_C1135,0.75,FALSE,0.8769198486607785,"(0.51,0.76]"
G025_R391_C1133,G025_R391_C1135,0.5,FALSE,0.9185203605108655,"(0.26,0.51]"
G025_R391_C1134,G025_R391_C1135,0.25,TRUE,0.9508935214412246,"[0,0.26]"
G025_R380_C1132,G025_R391_C1136,2.9261749776799064,FALSE,0.6528358355443563,"(1.51,Inf]"
G025_R380_C1133,G025_R391_C1136,2.850438562747845,FALSE,0.6515828433071839,"(1.51,Inf]"
G025_R380_C1134,G025_R391_C1136,2.7950849718747373,FALSE,0.6296521292591948,"(1.51,Inf]"
G025_R380_C1135,G025_R391_C1136,2.7613402542968153,FALSE,0.5542156012002982,"(1.51,Inf]"
G025_R380_C1143,G025_R391_C1136,3.2596012026013246,FALSE,0.05529157562769148,"(1.51,Inf]"
G025_R380_C1144,G025_R391_C1136,3.400367627183861,FALSE,0.18776627964127518,"(1.51,Inf]"
G025_R380_C1145,G025_R391_C1136,3.553167600887974,FALSE,0.10276707590033703,"(1.51,Inf]"
G025_R380_C1146,G025_R391_C1136,3.7165171868296265,FALSE,-0.03302877309120061,"(1.51,Inf]"
G025_R380_C1147,G025_R391_C1136,3.8890872965260113,FALSE,-0.04340822724059522,"(1.51,Inf]"
G025_R381_C1132,G025_R391_C1136,2.692582403567252,FALSE,0.6883879449868674,"(1.51,Inf]"
G025_R381_C1133,G025_R391_C1136,2.6100766272276377,FALSE,0.6713871950346506,"(1.51,Inf]"
G025_R381_C1134,G025_R391_C1136,2.5495097567963922,FALSE,0.6875688171523242,"(1.51,Inf]"
G025_R381_C1135,G025_R391_C1136,2.5124689052802225,FALSE,0.6978390246210854,"(1.51,Inf]"
G025_R381_C1143,G025_R391_C1136,3.0516389039334255,FALSE,0.10727178754824558,"(1.51,Inf]"
G025_R381_C1144,G025_R391_C1136,3.2015621187164243,FALSE,0.27398581157118124,"(1.51,Inf]"
G025_R381_C1145,G025_R391_C1136,3.3634060117684275,FALSE,0.1731072698478524,"(1.51,Inf]"
G025_R381_C1146,G025_R391_C1136,3.5355339059327378,FALSE,0.11682587934858091,"(1.51,Inf]"
G025_R381_C1147,G025_R391_C1136,3.7165171868296265,FALSE,0.04318578122623823,"(1.51,Inf]"
G025_R382_C1132,G025_R391_C1136,2.462214450449026,FALSE,0.7021482539158426,"(1.51,Inf]"
G025_R382_C1133,G025_R391_C1136,2.3717082451262845,FALSE,0.6993164053639508,"(1.51,Inf]"
G025_R382_C1134,G025_R391_C1136,2.3048861143232218,FALSE,0.7063388917626305,"(1.51,Inf]"
G025_R382_C1135,G025_R391_C1136,2.2638462845343543,FALSE,0.6951967158548319,"(1.51,Inf]"
G025_R382_C1136,G025_R391_C1136,2.25,FALSE,0.6855528502225224,"(1.51,Inf]"
G025_R382_C1138,G025_R391_C1136,2.3048861143232218,FALSE,0.20617442982364598,"(1.51,Inf]"
G025_R382_C1141,G025_R391_C1136,2.57390753524675,FALSE,0.3568569487403453,"(1.51,Inf]"
G025_R382_C1143,G025_R391_C1136,2.850438562747845,FALSE,0.11331310384466046,"(1.51,Inf]"
G025_R382_C1144,G025_R391_C1136,3.010398644698074,FALSE,0.16190508346256785,"(1.51,Inf]"
G025_R382_C1145,G025_R391_C1136,3.181980515339464,FALSE,0.05841478853994193,"(1.51,Inf]"
G025_R382_C1146,G025_R391_C1136,3.3634060117684275,FALSE,-0.03863699674175955,"(1.51,Inf]"
G025_R382_C1147,G025_R391_C1136,3.553167600887974,FALSE,-0.10412551620352485,"(1.51,Inf]"
G025_R383_C1132,G025_R391_C1136,2.23606797749979,FALSE,0.6786012841288681,"(1.51,Inf]"
G025_R383_C1133,G025_R391_C1136,2.1360009363293826,FALSE,0.6946585088612075,"(1.51,Inf]"
G025_R383_C1134,G025_R391_C1136,2.0615528128088303,FALSE,0.6863316802020002,"(1.51,Inf]"
G025_R383_C1135,G025_R391_C1136,2.0155644370746373,FALSE,0.6811433176803212,"(1.51,Inf]"
G025_R383_C1136,G025_R391_C1136,2,FALSE,0.6908844344729452,"(1.51,Inf]"
G025_R383_C1137,G025_R391_C1136,2.0155644370746373,FALSE,0.6513947438757239,"(1.51,Inf]"
G025_R383_C1139,G025_R391_C1136,2.1360009363293826,FALSE,0.6954213107336801,"(1.51,Inf]"
G025_R383_C1140,G025_R391_C1136,2.23606797749979,FALSE,0.6905607709098377,"(1.51,Inf]"
G025_R383_C1141,G025_R391_C1136,2.358495283014151,FALSE,0.6351542697517235,"(1.51,Inf]"
G025_R383_C1142,G025_R391_C1136,2.5,FALSE,0.5166604906281526,"(1.51,Inf]"
G025_R383_C1143,G025_R391_C1136,2.6575364531836625,FALSE,0.23680401786799973,"(1.51,Inf]"
G025_R383_C1144,G025_R391_C1136,2.8284271247461903,FALSE,-0.013541051249566501,"(1.51,Inf]"
G025_R383_C1145,G025_R391_C1136,3.010398644698074,FALSE,-0.06566701382035059,"(1.51,Inf]"
G025_R383_C1146,G025_R391_C1136,3.2015621187164243,FALSE,-0.15776187140358208,"(1.51,Inf]"
G025_R383_C1147,G025_R391_C1136,3.400367627183861,FALSE,-0.2725147674771247,"(1.51,Inf]"
G025_R384_C1132,G025_R391_C1136,2.0155644370746373,FALSE,0.6779154208842699,"(1.51,Inf]"
G025_R384_C1133,G025_R391_C1136,1.9039432764659772,FALSE,0.6809336861841754,"(1.51,Inf]"
G025_R384_C1134,G025_R391_C1136,1.8200274723201295,FALSE,0.6873657975257027,"(1.51,Inf]"
G025_R384_C1135,G025_R391_C1136,1.7677669529663689,FALSE,0.6805409363936193,"(1.51,Inf]"
G025_R384_C1136,G025_R391_C1136,1.75,FALSE,0.7074113619413768,"(1.51,Inf]"
G025_R384_C1137,G025_R391_C1136,1.7677669529663689,FALSE,0.7025067368250706,"(1.51,Inf]"
G025_R384_C1138,G025_R391_C1136,1.8200274723201295,FALSE,0.7092895059955744,"(1.51,Inf]"
G025_R384_C1139,G025_R391_C1136,1.9039432764659772,FALSE,0.7199917485556205,"(1.51,Inf]"
G025_R384_C1140,G025_R391_C1136,2.0155644370746373,FALSE,0.6882325009925179,"(1.51,Inf]"
G025_R384_C1141,G025_R391_C1136,2.1505813167606567,FALSE,0.6305977039544627,"(1.51,Inf]"
G025_R384_C1142,G025_R391_C1136,2.3048861143232218,FALSE,0.4368660167457817,"(1.51,Inf]"
G025_R385_C1132,G025_R391_C1136,1.8027756377319946,FALSE,0.6832128464017039,"(1.51,Inf]"
G025_R385_C1133,G025_R391_C1136,1.6770509831248424,FALSE,0.693427901035773,"(1.51,Inf]"
G025_R385_C1134,G025_R391_C1136,1.5811388300841898,FALSE,0.7052695461144358,"(1.51,Inf]"
G025_R385_C1135,G025_R391_C1136,1.5206906325745548,FALSE,0.7086174136920794,"(1.51,Inf]"
G025_R385_C1136,G025_R391_C1136,1.5,FALSE,0.7158019334518385,"(1.01,1.51]"
G025_R385_C1137,G025_R391_C1136,1.5206906325745548,FALSE,0.7017108126533482,"(1.51,Inf]"
G025_R385_C1138,G025_R391_C1136,1.5811388300841898,FALSE,0.7346688043964819,"(1.51,Inf]"
G025_R385_C1139,G025_R391_C1136,1.6770509831248424,FALSE,0.7378098306793496,"(1.51,Inf]"
G025_R385_C1140,G025_R391_C1136,1.8027756377319946,FALSE,0.6555193493559596,"(1.51,Inf]"
G025_R385_C1141,G025_R391_C1136,1.9525624189766635,FALSE,0.5721371053348925,"(1.51,Inf]"
G025_R385_C1142,G025_R391_C1136,2.1213203435596424,FALSE,0.45550460743481475,"(1.51,Inf]"
G025_R386_C1132,G025_R391_C1136,1.6007810593582121,FALSE,0.6872927382598242,"(1.51,Inf]"
G025_R386_C1133,G025_R391_C1136,1.4577379737113252,FALSE,0.714713488784205,"(1.01,1.51]"
G025_R386_C1134,G025_R391_C1136,1.346291201783626,FALSE,0.7068449791635679,"(1.01,1.51]"
G025_R386_C1135,G025_R391_C1136,1.2747548783981961,FALSE,0.7213079191161569,"(1.01,1.51]"
G025_R386_C1136,G025_R391_C1136,1.25,FALSE,0.7351863763306514,"(1.01,1.51]"
G025_R386_C1137,G025_R391_C1136,1.2747548783981961,FALSE,0.7397625952301363,"(1.01,1.51]"
G025_R386_C1138,G025_R391_C1136,1.346291201783626,FALSE,0.7370619583373725,"(1.01,1.51]"
G025_R386_C1139,G025_R391_C1136,1.4577379737113252,FALSE,0.690133271887725,"(1.01,1.51]"
G025_R386_C1141,G025_R391_C1136,1.7677669529663689,FALSE,0.6048075198343562,"(1.51,Inf]"
G025_R387_C1132,G025_R391_C1136,1.4142135623730951,FALSE,0.750879260714467,"(1.01,1.51]"
G025_R387_C1133,G025_R391_C1136,1.25,FALSE,0.7398130094360097,"(1.01,1.51]"
G025_R387_C1134,G025_R391_C1136,1.118033988749895,FALSE,0.7354455820622938,"(1.01,1.51]"
G025_R387_C1135,G025_R391_C1136,1.0307764064044151,FALSE,0.7438421037213493,"(1.01,1.51]"
G025_R387_C1136,G025_R391_C1136,1,FALSE,0.7371560090244428,"(0.76,1.01]"
G025_R387_C1137,G025_R391_C1136,1.0307764064044151,FALSE,0.7743414351127306,"(1.01,1.51]"
G025_R387_C1138,G025_R391_C1136,1.118033988749895,FALSE,0.7866159510009787,"(1.01,1.51]"
G025_R387_C1139,G025_R391_C1136,1.25,FALSE,0.7571684637758002,"(1.01,1.51]"
G025_R387_C1140,G025_R391_C1136,1.4142135623730951,FALSE,0.6937203843117387,"(1.01,1.51]"
G025_R387_C1141,G025_R391_C1136,1.6007810593582121,FALSE,0.577931423587138,"(1.51,Inf]"
G025_R387_C1142,G025_R391_C1136,1.8027756377319946,FALSE,0.43041156698181937,"(1.51,Inf]"
G025_R387_C1143,G025_R391_C1136,2.0155644370746373,FALSE,0.3748964327610264,"(1.51,Inf]"
G025_R388_C1132,G025_R391_C1136,1.25,FALSE,0.7949170946581351,"(1.01,1.51]"
G025_R388_C1133,G025_R391_C1136,1.0606601717798212,FALSE,0.8048980906649895,"(1.01,1.51]"
G025_R388_C1134,G025_R391_C1136,0.9013878188659973,FALSE,0.7988524782194221,"(0.76,1.01]"
G025_R388_C1135,G025_R391_C1136,0.7905694150420949,FALSE,0.786523897744302,"(0.76,1.01]"
G025_R388_C1136,G025_R391_C1136,0.75,FALSE,0.8006498926286296,"(0.51,0.76]"
G025_R388_C1137,G025_R391_C1136,0.7905694150420949,FALSE,0.8006277768878558,"(0.76,1.01]"
G025_R388_C1138,G025_R391_C1136,0.9013878188659973,FALSE,0.8028522438533247,"(0.76,1.01]"
G025_R388_C1139,G025_R391_C1136,1.0606601717798212,FALSE,0.7942313414778803,"(1.01,1.51]"
G025_R388_C1140,G025_R391_C1136,1.25,FALSE,0.728164473699428,"(1.01,1.51]"
G025_R388_C1141,G025_R391_C1136,1.4577379737113252,FALSE,0.6945995572781908,"(1.01,1.51]"
G025_R388_C1142,G025_R391_C1136,1.6770509831248424,FALSE,0.666830904639025,"(1.51,Inf]"
G025_R388_C1143,G025_R391_C1136,1.9039432764659772,FALSE,0.6475519857099843,"(1.51,Inf]"
G025_R388_C1144,G025_R391_C1136,2.1360009363293826,FALSE,0.6482952929723347,"(1.51,Inf]"
G025_R388_C1145,G025_R391_C1136,2.3717082451262845,FALSE,0.47782022004775854,"(1.51,Inf]"
G025_R389_C1132,G025_R391_C1136,1.118033988749895,FALSE,0.7937786922575281,"(1.01,1.51]"
G025_R389_C1133,G025_R391_C1136,0.9013878188659973,FALSE,0.7964097728341035,"(0.76,1.01]"
G025_R389_C1134,G025_R391_C1136,0.7071067811865476,FALSE,0.8128443051705693,"(0.51,0.76]"
G025_R389_C1135,G025_R391_C1136,0.5590169943749475,FALSE,0.8371314740715217,"(0.51,0.76]"
G025_R389_C1136,G025_R391_C1136,0.5,FALSE,0.8607315710061011,"(0.26,0.51]"
G025_R389_C1137,G025_R391_C1136,0.5590169943749475,FALSE,0.8602376833718803,"(0.51,0.76]"
G025_R389_C1138,G025_R391_C1136,0.7071067811865476,FALSE,0.8321043203882534,"(0.51,0.76]"
G025_R389_C1139,G025_R391_C1136,0.9013878188659973,FALSE,0.8012453701154529,"(0.76,1.01]"
G025_R389_C1140,G025_R391_C1136,1.118033988749895,FALSE,0.7234359562477921,"(1.01,1.51]"
G025_R389_C1141,G025_R391_C1136,1.346291201783626,FALSE,0.6728680798612103,"(1.01,1.51]"
G025_R389_C1142,G025_R391_C1136,1.5811388300841898,FALSE,0.6373221122312154,"(1.51,Inf]"
G025_R389_C1143,G025_R391_C1136,1.8200274723201295,FALSE,0.6238568579632034,"(1.51,Inf]"
G025_R389_C1144,G025_R391_C1136,2.0615528128088303,FALSE,0.6584725910037708,"(1.51,Inf]"
G025_R389_C1145,G025_R391_C1136,2.3048861143232218,FALSE,0.5217840797087898,"(1.51,Inf]"
G025_R390_C1132,G025_R391_C1136,1.0307764064044151,FALSE,0.8453338398345052,"(1.01,1.51]"
G025_R390_C1133,G025_R391_C1136,0.7905694150420949,FALSE,0.8472560382207907,"(0.76,1.01]"
G025_R390_C1134,G025_R391_C1136,0.5590169943749475,FALSE,0.8807735445995736,"(0.51,0.76]"
G025_R390_C1135,G025_R391_C1136,0.3535533905932738,FALSE,0.9038238966887109,"(0.26,0.51]"
G025_R390_C1136,G025_R391_C1136,0.25,TRUE,0.9301586475837539,"[0,0.26]"
G025_R390_C1137,G025_R391_C1136,0.3535533905932738,FALSE,0.9050406435981629,"(0.26,0.51]"
G025_R390_C1138,G025_R391_C1136,0.5590169943749475,FALSE,0.8593122087676842,"(0.51,0.76]"
G025_R390_C1139,G025_R391_C1136,0.7905694150420949,FALSE,0.8481039486608933,"(0.76,1.01]"
G025_R390_C1140,G025_R391_C1136,1.0307764064044151,FALSE,0.780835566491985,"(1.01,1.51]"
G025_R390_C1141,G025_R391_C1136,1.2747548783981961,FALSE,0.7350691571215148,"(1.01,1.51]"
G025_R390_C1142,G025_R391_C1136,1.5206906325745548,FALSE,0.685656287888916,"(1.51,Inf]"
G025_R390_C1143,G025_R391_C1136,1.7677669529663689,FALSE,0.648861548783222,"(1.51,Inf]"
G025_R390_C1144,G025_R391_C1136,2.0155644370746373,FALSE,0.6388762707606509,"(1.51,Inf]"
G025_R390_C1145,G025_R391_C1136,2.2638462845343543,FALSE,0.6525201314622536,"(1.51,Inf]"
G025_R390_C1146,G025_R391_C1136,2.5124689052802225,FALSE,0.607090742876162,"(1.51,Inf]"
G025_R390_C1147,G025_R391_C1136,2.7613402542968153,FALSE,0.5877268427503181,"(1.51,Inf]"
G025_R391_C1132,G025_R391_C1136,1,FALSE,0.8383336647312378,"(0.76,1.01]"
G025_R391_C1133,G025_R391_C1136,0.75,FALSE,0.8831847845677554,"(0.51,0.76]"
G025_R391_C1134,G025_R391_C1136,0.5,FALSE,0.8923974337599405,"(0.26,0.51]"
G025_R391_C1135,G025_R391_C1136,0.25,TRUE,0.9493932088059381,"[0,0.26]"
G025_R380_C1132,G025_R391_C1137,3.020761493398643,FALSE,0.6456605595217806,"(1.51,Inf]"
G025_R380_C1133,G025_R391_C1137,2.9261749776799064,FALSE,0.6448322924470695,"(1.51,Inf]"
G025_R380_C1134,G025_R391_C1137,2.850438562747845,FALSE,0.6354578009955096,"(1.51,Inf]"
G025_R380_C1135,G025_R391_C1137,2.7950849718747373,FALSE,0.5491665433034059,"(1.51,Inf]"
G025_R380_C1143,G025_R391_C1137,3.132491021535417,FALSE,0.06356654631041841,"(1.51,Inf]"
G025_R380_C1144,G025_R391_C1137,3.2596012026013246,FALSE,0.18781711926246747,"(1.51,Inf]"
G025_R380_C1145,G025_R391_C1137,3.400367627183861,FALSE,0.09601573758170744,"(1.51,Inf]"
G025_R380_C1146,G025_R391_C1137,3.553167600887974,FALSE,-0.026338443235563173,"(1.51,Inf]"
G025_R380_C1147,G025_R391_C1137,3.7165171868296265,FALSE,-0.06350132071432578,"(1.51,Inf]"
G025_R381_C1132,G025_R391_C1137,2.7950849718747373,FALSE,0.6862300972983666,"(1.51,Inf]"
G025_R381_C1133,G025_R391_C1137,2.692582403567252,FALSE,0.6708900988831131,"(1.51,Inf]"
G025_R381_C1134,G025_R391_C1137,2.6100766272276377,FALSE,0.6806229071590828,"(1.51,Inf]"
G025_R381_C1135,G025_R391_C1137,2.5495097567963922,FALSE,0.6924059151874187,"(1.51,Inf]"
G025_R381_C1143,G025_R391_C1137,2.9154759474226504,FALSE,0.13345192556140678,"(1.51,Inf]"
G025_R381_C1144,G025_R391_C1137,3.0516389039334255,FALSE,0.2923655451682561,"(1.51,Inf]"
G025_R381_C1145,G025_R391_C1137,3.2015621187164243,FALSE,0.1844777863121042,"(1.51,Inf]"
G025_R381_C1146,G025_R391_C1137,3.3634060117684275,FALSE,0.10897421700680023,"(1.51,Inf]"
G025_R381_C1147,G025_R391_C1137,3.5355339059327378,FALSE,0.02941791357222959,"(1.51,Inf]"
G025_R382_C1132,G025_R391_C1137,2.57390753524675,FALSE,0.6947675620748469,"(1.51,Inf]"
G025_R382_C1133,G025_R391_C1137,2.462214450449026,FALSE,0.6862329467097341,"(1.51,Inf]"
G025_R382_C1134,G025_R391_C1137,2.3717082451262845,FALSE,0.7025075704257946,"(1.51,Inf]"
G025_R382_C1135,G025_R391_C1137,2.3048861143232218,FALSE,0.6982077471411011,"(1.51,Inf]"
G025_R382_C1136,G025_R391_C1137,2.2638462845343543,FALSE,0.693449608909144,"(1.51,Inf]"
G025_R382_C1138,G025_R391_C1137,2.2638462845343543,FALSE,0.21544964601557207,"(1.51,Inf]"
G025_R382_C1141,G025_R391_C1137,2.462214450449026,FALSE,0.3715337106728892,"(1.51,Inf]"
G025_R382_C1143,G025_R391_C1137,2.704163456597992,FALSE,0.1845553992533919,"(1.51,Inf]"
G025_R382_C1144,G025_R391_C1137,2.850438562747845,FALSE,0.20302893434501793,"(1.51,Inf]"
G025_R382_C1145,G025_R391_C1137,3.010398644698074,FALSE,0.04302030328627014,"(1.51,Inf]"
G025_R382_C1146,G025_R391_C1137,3.181980515339464,FALSE,-0.10828805042723441,"(1.51,Inf]"
G025_R382_C1147,G025_R391_C1137,3.3634060117684275,FALSE,-0.12750411432408532,"(1.51,Inf]"
G025_R383_C1132,G025_R391_C1137,2.358495283014151,FALSE,0.6940889471000133,"(1.51,Inf]"
G025_R383_C1133,G025_R391_C1137,2.23606797749979,FALSE,0.6987363340710564,"(1.51,Inf]"
G025_R383_C1134,G025_R391_C1137,2.1360009363293826,FALSE,0.6933320313214263,"(1.51,Inf]"
G025_R383_C1135,G025_R391_C1137,2.0615528128088303,FALSE,0.6910603910671543,"(1.51,Inf]"
G025_R383_C1136,G025_R391_C1137,2.0155644370746373,FALSE,0.7043684481327862,"(1.51,Inf]"
G025_R383_C1137,G025_R391_C1137,2,FALSE,0.6707177720378933,"(1.51,Inf]"
G025_R383_C1139,G025_R391_C1137,2.0615528128088303,FALSE,0.7176583467323021,"(1.51,Inf]"
G025_R383_C1140,G025_R391_C1137,2.1360009363293826,FALSE,0.7182365720586725,"(1.51,Inf]"
G025_R383_C1141,G025_R391_C1137,2.23606797749979,FALSE,0.663547223484524,"(1.51,Inf]"
G025_R383_C1142,G025_R391_C1137,2.358495283014151,FALSE,0.544985664304405,"(1.51,Inf]"
G025_R383_C1143,G025_R391_C1137,2.5,FALSE,0.2693530037433524,"(1.51,Inf]"
G025_R383_C1144,G025_R391_C1137,2.6575364531836625,FALSE,-0.011744948697097215,"(1.51,Inf]"
G025_R383_C1145,G025_R391_C1137,2.8284271247461903,FALSE,-0.0299435373348319,"(1.51,Inf]"
G025_R383_C1146,G025_R391_C1137,3.010398644698074,FALSE,-0.14511648743747288,"(1.51,Inf]"
G025_R383_C1147,G025_R391_C1137,3.2015621187164243,FALSE,-0.2883339546822489,"(1.51,Inf]"
G025_R384_C1132,G025_R391_C1137,2.1505813167606567,FALSE,0.6690859952152884,"(1.51,Inf]"
G025_R384_C1133,G025_R391_C1137,2.0155644370746373,FALSE,0.6860410250358278,"(1.51,Inf]"
G025_R384_C1134,G025_R391_C1137,1.9039432764659772,FALSE,0.6925801522249186,"(1.51,Inf]"
G025_R384_C1135,G025_R391_C1137,1.8200274723201295,FALSE,0.6883786197998025,"(1.51,Inf]"
G025_R384_C1136,G025_R391_C1137,1.7677669529663689,FALSE,0.7110305203513553,"(1.51,Inf]"
G025_R384_C1137,G025_R391_C1137,1.75,FALSE,0.7065969333016989,"(1.51,Inf]"
G025_R384_C1138,G025_R391_C1137,1.7677669529663689,FALSE,0.7062766482582056,"(1.51,Inf]"
G025_R384_C1139,G025_R391_C1137,1.8200274723201295,FALSE,0.7242954754237305,"(1.51,Inf]"
G025_R384_C1140,G025_R391_C1137,1.9039432764659772,FALSE,0.7006330050683819,"(1.51,Inf]"
G025_R384_C1141,G025_R391_C1137,2.0155644370746373,FALSE,0.6291567541650394,"(1.51,Inf]"
G025_R384_C1142,G025_R391_C1137,2.1505813167606567,FALSE,0.4551905954153789,"(1.51,Inf]"
G025_R385_C1132,G025_R391_C1137,1.9525624189766635,FALSE,0.6936695082341948,"(1.51,Inf]"
G025_R385_C1133,G025_R391_C1137,1.8027756377319946,FALSE,0.6964328208248829,"(1.51,Inf]"
G025_R385_C1134,G025_R391_C1137,1.6770509831248424,FALSE,0.7101288995670425,"(1.51,Inf]"
G025_R385_C1135,G025_R391_C1137,1.5811388300841898,FALSE,0.7160812952900232,"(1.51,Inf]"
G025_R385_C1136,G025_R391_C1137,1.5206906325745548,FALSE,0.7309411492203177,"(1.51,Inf]"
G025_R385_C1137,G025_R391_C1137,1.5,FALSE,0.7162437112442261,"(1.01,1.51]"
G025_R385_C1138,G025_R391_C1137,1.5206906325745548,FALSE,0.7375651490525025,"(1.51,Inf]"
G025_R385_C1139,G025_R391_C1137,1.5811388300841898,FALSE,0.749209678024388,"(1.51,Inf]"
G025_R385_C1140,G025_R391_C1137,1.6770509831248424,FALSE,0.6632552523457228,"(1.51,Inf]"
G025_R385_C1141,G025_R391_C1137,1.8027756377319946,FALSE,0.5758108082513811,"(1.51,Inf]"
G025_R385_C1142,G025_R391_C1137,1.9525624189766635,FALSE,0.47139437618696794,"(1.51,Inf]"
G025_R386_C1132,G025_R391_C1137,1.7677669529663689,FALSE,0.6941560062983082,"(1.51,Inf]"
G025_R386_C1133,G025_R391_C1137,1.6007810593582121,FALSE,0.7163873656945102,"(1.51,Inf]"
G025_R386_C1134,G025_R391_C1137,1.4577379737113252,FALSE,0.7104079274250316,"(1.01,1.51]"
G025_R386_C1135,G025_R391_C1137,1.346291201783626,FALSE,0.726980869880639,"(1.01,1.51]"
G025_R386_C1136,G025_R391_C1137,1.2747548783981961,FALSE,0.7450946955843699,"(1.01,1.51]"
G025_R386_C1137,G025_R391_C1137,1.25,FALSE,0.7514342722851514,"(1.01,1.51]"
G025_R386_C1138,G025_R391_C1137,1.2747548783981961,FALSE,0.7468332680037653,"(1.01,1.51]"
G025_R386_C1139,G025_R391_C1137,1.346291201783626,FALSE,0.7068410593009901,"(1.01,1.51]"
G025_R386_C1141,G025_R391_C1137,1.6007810593582121,FALSE,0.5644411595502685,"(1.51,Inf]"
G025_R387_C1132,G025_R391_C1137,1.6007810593582121,FALSE,0.7441161247438927,"(1.51,Inf]"
G025_R387_C1133,G025_R391_C1137,1.4142135623730951,FALSE,0.7287157821190765,"(1.01,1.51]"
G025_R387_C1134,G025_R391_C1137,1.25,FALSE,0.7320633934423347,"(1.01,1.51]"
G025_R387_C1135,G025_R391_C1137,1.118033988749895,FALSE,0.7468059196028399,"(1.01,1.51]"
G025_R387_C1136,G025_R391_C1137,1.0307764064044151,FALSE,0.7553374363327873,"(1.01,1.51]"
G025_R387_C1137,G025_R391_C1137,1,FALSE,0.7886180616035254,"(0.76,1.01]"
G025_R387_C1138,G025_R391_C1137,1.0307764064044151,FALSE,0.792804949227483,"(1.01,1.51]"
G025_R387_C1139,G025_R391_C1137,1.118033988749895,FALSE,0.7610101777643143,"(1.01,1.51]"
G025_R387_C1140,G025_R391_C1137,1.25,FALSE,0.7066443227072959,"(1.01,1.51]"
G025_R387_C1141,G025_R391_C1137,1.4142135623730951,FALSE,0.5800123702225841,"(1.01,1.51]"
G025_R387_C1142,G025_R391_C1137,1.6007810593582121,FALSE,0.4324279224395388,"(1.51,Inf]"
G025_R387_C1143,G025_R391_C1137,1.8027756377319946,FALSE,0.37898372697885463,"(1.51,Inf]"
G025_R388_C1132,G025_R391_C1137,1.4577379737113252,FALSE,0.7853409629534898,"(1.01,1.51]"
G025_R388_C1133,G025_R391_C1137,1.25,FALSE,0.7849845482497818,"(1.01,1.51]"
G025_R388_C1134,G025_R391_C1137,1.0606601717798212,FALSE,0.7733160017372968,"(1.01,1.51]"
G025_R388_C1135,G025_R391_C1137,0.9013878188659973,FALSE,0.7672301978811179,"(0.76,1.01]"
G025_R388_C1136,G025_R391_C1137,0.7905694150420949,FALSE,0.8007626521570328,"(0.76,1.01]"
G025_R388_C1137,G025_R391_C1137,0.75,FALSE,0.8014621340588312,"(0.51,0.76]"
G025_R388_C1138,G025_R391_C1137,0.7905694150420949,FALSE,0.807795527198348,"(0.76,1.01]"
G025_R388_C1139,G025_R391_C1137,0.9013878188659973,FALSE,0.7997221896998714,"(0.76,1.01]"
G025_R388_C1140,G025_R391_C1137,1.0606601717798212,FALSE,0.7597713301635832,"(1.01,1.51]"
G025_R388_C1141,G025_R391_C1137,1.25,FALSE,0.7166484977219254,"(1.01,1.51]"
G025_R388_C1142,G025_R391_C1137,1.4577379737113252,FALSE,0.689451525729004,"(1.01,1.51]"
G025_R388_C1143,G025_R391_C1137,1.6770509831248424,FALSE,0.654082028557488,"(1.51,Inf]"
G025_R388_C1144,G025_R391_C1137,1.9039432764659772,FALSE,0.646442403536432,"(1.51,Inf]"
G025_R388_C1145,G025_R391_C1137,2.1360009363293826,FALSE,0.4738736225756367,"(1.51,Inf]"
G025_R389_C1132,G025_R391_C1137,1.346291201783626,FALSE,0.7708563013263487,"(1.01,1.51]"
G025_R389_C1133,G025_R391_C1137,1.118033988749895,FALSE,0.769719030620076,"(1.01,1.51]"
G025_R389_C1134,G025_R391_C1137,0.9013878188659973,FALSE,0.7848637535831963,"(0.76,1.01]"
G025_R389_C1135,G025_R391_C1137,0.7071067811865476,FALSE,0.8138847304621595,"(0.51,0.76]"
G025_R389_C1136,G025_R391_C1137,0.5590169943749475,FALSE,0.8476923587238772,"(0.51,0.76]"
G025_R389_C1137,G025_R391_C1137,0.5,FALSE,0.849048088784655,"(0.26,0.51]"
G025_R389_C1138,G025_R391_C1137,0.5590169943749475,FALSE,0.8410973677415937,"(0.51,0.76]"
G025_R389_C1139,G025_R391_C1137,0.7071067811865476,FALSE,0.8274237252193513,"(0.51,0.76]"
G025_R389_C1140,G025_R391_C1137,0.9013878188659973,FALSE,0.7622938361426413,"(0.76,1.01]"
G025_R389_C1141,G025_R391_C1137,1.118033988749895,FALSE,0.7013617355951,"(1.01,1.51]"
G025_R389_C1142,G025_R391_C1137,1.346291201783626,FALSE,0.6691827502935848,"(1.01,1.51]"
G025_R389_C1143,G025_R391_C1137,1.5811388300841898,FALSE,0.6577066004338611,"(1.51,Inf]"
G025_R389_C1144,G025_R391_C1137,1.8200274723201295,FALSE,0.6873803647453037,"(1.51,Inf]"
G025_R389_C1145,G025_R391_C1137,2.0615528128088303,FALSE,0.5565942071004703,"(1.51,Inf]"
G025_R390_C1132,G025_R391_C1137,1.2747548783981961,FALSE,0.8132632937352365,"(1.01,1.51]"
G025_R390_C1133,G025_R391_C1137,1.0307764064044151,FALSE,0.7978759713582114,"(1.01,1.51]"
G025_R390_C1134,G025_R391_C1137,0.7905694150420949,FALSE,0.8345837446491441,"(0.76,1.01]"
G025_R390_C1135,G025_R391_C1137,0.5590169943749475,FALSE,0.8710313811214668,"(0.51,0.76]"
G025_R390_C1136,G025_R391_C1137,0.3535533905932738,FALSE,0.9096711225011597,"(0.26,0.51]"
G025_R390_C1137,G025_R391_C1137,0.25,TRUE,0.9163240633855265,"[0,0.26]"
G025_R390_C1138,G025_R391_C1137,0.3535533905932738,FALSE,0.88767441974208094,"(0.26,0.51]"
G025_R390_C1139,G025_R391_C1137,0.5590169943749475,FALSE,0.8684949102879673,"(0.51,0.76]"
G025_R390_C1140,G025_R391_C1137,0.7905694150420949,FALSE,0.7983936236297396,"(0.76,1.01]"
G025_R390_C1141,G025_R391_C1137,1.0307764064044151,FALSE,0.7450468924181837,"(1.01,1.51]"
G025_R390_C1142,G025_R391_C1137,1.2747548783981961,FALSE,0.7124125419695804,"(1.01,1.51]"
G025_R390_C1143,G025_R391_C1137,1.5206906325745548,FALSE,0.6869165564246115,"(1.51,Inf]"
G025_R390_C1144,G025_R391_C1137,1.7677669529663689,FALSE,0.6711466409924549,"(1.51,Inf]"
G025_R390_C1145,G025_R391_C1137,2.0155644370746373,FALSE,0.6682925632985303,"(1.51,Inf]"
G025_R390_C1146,G025_R391_C1137,2.2638462845343543,FALSE,0.6289448333834073,"(1.51,Inf]"
G025_R390_C1147,G025_R391_C1137,2.5124689052802225,FALSE,0.6153510115404311,"(1.51,Inf]"
G025_R391_C1132,G025_R391_C1137,1.25,FALSE,0.7979696741454186,"(1.01,1.51]"
G025_R391_C1133,G025_R391_C1137,1,FALSE,0.8353840822986814,"(0.76,1.01]"
G025_R391_C1134,G025_R391_C1137,0.75,FALSE,0.8432332860624252,"(0.51,0.76]"
G025_R391_C1135,G025_R391_C1137,0.5,FALSE,0.89078560190671,"(0.26,0.51]"
G025_R391_C1136,G025_R391_C1137,0.25,TRUE,0.942700086976864,"[0,0.26]"
G025_R380_C1132,G025_R391_C1138,3.132491021535417,FALSE,0.6293871254950292,"(1.51,Inf]"
G025_R380_C1133,G025_R391_C1138,3.020761493398643,FALSE,0.6196663392091325,"(1.51,Inf]"
G025_R380_C1134,G025_R391_C1138,2.9261749776799064,FALSE,0.594457791005762,"(1.51,Inf]"
G025_R380_C1135,G025_R391_C1138,2.850438562747845,FALSE,0.5016252808295905,"(1.51,Inf]"
G025_R380_C1143,G025_R391_C1138,3.020761493398643,FALSE,0.0578706991740537,"(1.51,Inf]"
G025_R380_C1144,G025_R391_C1138,3.132491021535417,FALSE,0.17435190880675977,"(1.51,Inf]"
G025_R380_C1145,G025_R391_C1138,3.2596012026013246,FALSE,0.07715817901552734,"(1.51,Inf]"
G025_R380_C1146,G025_R391_C1138,3.400367627183861,FALSE,-0.05675276912793038,"(1.51,Inf]"
G025_R380_C1147,G025_R391_C1138,3.553167600887974,FALSE,-0.06392379292333174,"(1.51,Inf]"
G025_R381_C1132,G025_R391_C1138,2.9154759474226504,FALSE,0.6778342814246896,"(1.51,Inf]"
G025_R381_C1133,G025_R391_C1138,2.7950849718747373,FALSE,0.6704031485047184,"(1.51,Inf]"
G025_R381_C1134,G025_R391_C1138,2.692582403567252,FALSE,0.6728496437725769,"(1.51,Inf]"
G025_R381_C1135,G025_R391_C1138,2.6100766272276377,FALSE,0.6843012727456359,"(1.51,Inf]"
G025_R381_C1143,G025_R391_C1138,2.7950849718747373,FALSE,0.11061661125475653,"(1.51,Inf]"
G025_R381_C1144,G025_R391_C1138,2.9154759474226504,FALSE,0.2746786051402977,"(1.51,Inf]"
G025_R381_C1145,G025_R391_C1138,3.0516389039334255,FALSE,0.15141240089611518,"(1.51,Inf]"
G025_R381_C1146,G025_R391_C1138,3.2015621187164243,FALSE,0.105643634245537,"(1.51,Inf]"
G025_R381_C1147,G025_R391_C1138,3.3634060117684275,FALSE,0.019450724923190083,"(1.51,Inf]"
G025_R382_C1132,G025_R391_C1138,2.704163456597992,FALSE,0.6892709894732716,"(1.51,Inf]"
G025_R382_C1133,G025_R391_C1138,2.57390753524675,FALSE,0.6818615799847593,"(1.51,Inf]"
G025_R382_C1134,G025_R391_C1138,2.462214450449026,FALSE,0.6903817026817445,"(1.51,Inf]"
G025_R382_C1135,G025_R391_C1138,2.3717082451262845,FALSE,0.7026962571094566,"(1.51,Inf]"
G025_R382_C1136,G025_R391_C1138,2.3048861143232218,FALSE,0.680466045555527,"(1.51,Inf]"
G025_R382_C1138,G025_R391_C1138,2.25,FALSE,0.18520730332401578,"(1.51,Inf]"
G025_R382_C1141,G025_R391_C1138,2.3717082451262845,FALSE,0.3165542372279426,"(1.51,Inf]"
G025_R382_C1143,G025_R391_C1138,2.57390753524675,FALSE,0.1866660005789014,"(1.51,Inf]"
G025_R382_C1144,G025_R391_C1138,2.704163456597992,FALSE,0.1923188421319491,"(1.51,Inf]"
G025_R382_C1145,G025_R391_C1138,2.850438562747845,FALSE,0.06263313009709981,"(1.51,Inf]"
G025_R382_C1146,G025_R391_C1138,3.010398644698074,FALSE,-0.057826717010503174,"(1.51,Inf]"
G025_R382_C1147,G025_R391_C1138,3.181980515339464,FALSE,-0.14130774205110452,"(1.51,Inf]"
G025_R383_C1132,G025_R391_C1138,2.5,FALSE,0.6796636561325383,"(1.51,Inf]"
G025_R383_C1133,G025_R391_C1138,2.358495283014151,FALSE,0.6898329190717488,"(1.51,Inf]"
G025_R383_C1134,G025_R391_C1138,2.23606797749979,FALSE,0.6918105082279096,"(1.51,Inf]"
G025_R383_C1135,G025_R391_C1138,2.1360009363293826,FALSE,0.6933891028657649,"(1.51,Inf]"
G025_R383_C1136,G025_R391_C1138,2.0615528128088303,FALSE,0.7127279275200352,"(1.51,Inf]"
G025_R383_C1137,G025_R391_C1138,2.0155644370746373,FALSE,0.6745357700787501,"(1.51,Inf]"
G025_R383_C1139,G025_R391_C1138,2.0155644370746373,FALSE,0.7133692977787773,"(1.51,Inf]"
G025_R383_C1140,G025_R391_C1138,2.0615528128088303,FALSE,0.6991151295072926,"(1.51,Inf]"
G025_R383_C1141,G025_R391_C1138,2.1360009363293826,FALSE,0.6179883235382273,"(1.51,Inf]"
G025_R383_C1142,G025_R391_C1138,2.23606797749979,FALSE,0.5315247122233239,"(1.51,Inf]"
G025_R383_C1143,G025_R391_C1138,2.358495283014151,FALSE,0.24711183871544357,"(1.51,Inf]"
G025_R383_C1144,G025_R391_C1138,2.5,FALSE,-0.028994059090691634,"(1.51,Inf]"
G025_R383_C1145,G025_R391_C1138,2.6575364531836625,FALSE,-0.07879516326880003,"(1.51,Inf]"
G025_R383_C1146,G025_R391_C1138,2.8284271247461903,FALSE,-0.14211775662828194,"(1.51,Inf]"
G025_R383_C1147,G025_R391_C1138,3.010398644698074,FALSE,-0.2837102540054077,"(1.51,Inf]"
G025_R384_C1132,G025_R391_C1138,2.3048861143232218,FALSE,0.6629410276158427,"(1.51,Inf]"
G025_R384_C1133,G025_R391_C1138,2.1505813167606567,FALSE,0.684299219298909,"(1.51,Inf]"
G025_R384_C1134,G025_R391_C1138,2.0155644370746373,FALSE,0.700738792824546,"(1.51,Inf]"
G025_R384_C1135,G025_R391_C1138,1.9039432764659772,FALSE,0.6921524425954051,"(1.51,Inf]"
G025_R384_C1136,G025_R391_C1138,1.8200274723201295,FALSE,0.70466795296067,"(1.51,Inf]"
G025_R384_C1137,G025_R391_C1138,1.7677669529663689,FALSE,0.7009791957971183,"(1.51,Inf]"
G025_R384_C1138,G025_R391_C1138,1.75,FALSE,0.6894564692519259,"(1.51,Inf]"
G025_R384_C1139,G025_R391_C1138,1.7677669529663689,FALSE,0.7167799440398281,"(1.51,Inf]"
G025_R384_C1140,G025_R391_C1138,1.8200274723201295,FALSE,0.6991141214053418,"(1.51,Inf]"
G025_R384_C1141,G025_R391_C1138,1.9039432764659772,FALSE,0.6250510645452535,"(1.51,Inf]"
G025_R384_C1142,G025_R391_C1138,2.0155644370746373,FALSE,0.4313579377516973,"(1.51,Inf]"
G025_R385_C1132,G025_R391_C1138,2.1213203435596424,FALSE,0.705834648922369,"(1.51,Inf]"
G025_R385_C1133,G025_R391_C1138,1.9525624189766635,FALSE,0.71145541268636,"(1.51,Inf]"
G025_R385_C1134,G025_R391_C1138,1.8027756377319946,FALSE,0.7186654023645391,"(1.51,Inf]"
G025_R385_C1135,G025_R391_C1138,1.6770509831248424,FALSE,0.7103896069011647,"(1.51,Inf]"
G025_R385_C1136,G025_R391_C1138,1.5811388300841898,FALSE,0.7242961832716932,"(1.51,Inf]"
G025_R385_C1137,G025_R391_C1138,1.5206906325745548,FALSE,0.6974896150477,"(1.51,Inf]"
G025_R385_C1138,G025_R391_C1138,1.5,FALSE,0.7197257348151783,"(1.01,1.51]"
G025_R385_C1139,G025_R391_C1138,1.5206906325745548,FALSE,0.7285459074943121,"(1.51,Inf]"
G025_R385_C1140,G025_R391_C1138,1.5811388300841898,FALSE,0.6480018988738941,"(1.51,Inf]"
G025_R385_C1141,G025_R391_C1138,1.6770509831248424,FALSE,0.5686666445069298,"(1.51,Inf]"
G025_R385_C1142,G025_R391_C1138,1.8027756377319946,FALSE,0.45319393668867375,"(1.51,Inf]"
G025_R386_C1132,G025_R391_C1138,1.9525624189766635,FALSE,0.6925112480365124,"(1.51,Inf]"
G025_R386_C1133,G025_R391_C1138,1.7677669529663689,FALSE,0.7186834594764353,"(1.51,Inf]"
G025_R386_C1134,G025_R391_C1138,1.6007810593582121,FALSE,0.719438911058445,"(1.51,Inf]"
G025_R386_C1135,G025_R391_C1138,1.4577379737113252,FALSE,0.7289995496152184,"(1.01,1.51]"
G025_R386_C1136,G025_R391_C1138,1.346291201783626,FALSE,0.7371600557898007,"(1.01,1.51]"
G025_R386_C1137,G025_R391_C1138,1.2747548783981961,FALSE,0.7209763480389523,"(1.01,1.51]"
G025_R386_C1138,G025_R391_C1138,1.25,FALSE,0.7215732262327689,"(1.01,1.51]"
G025_R386_C1139,G025_R391_C1138,1.2747548783981961,FALSE,0.6702964090474538,"(1.01,1.51]"
G025_R386_C1141,G025_R391_C1138,1.4577379737113252,FALSE,0.5707996975066634,"(1.01,1.51]"
G025_R387_C1132,G025_R391_C1138,1.8027756377319946,FALSE,0.7291846811103379,"(1.51,Inf]"
G025_R387_C1133,G025_R391_C1138,1.6007810593582121,FALSE,0.7114608751993668,"(1.51,Inf]"
G025_R387_C1134,G025_R391_C1138,1.4142135623730951,FALSE,0.7227314283423032,"(1.01,1.51]"
G025_R387_C1135,G025_R391_C1138,1.25,FALSE,0.7453067956309302,"(1.01,1.51]"
G025_R387_C1136,G025_R391_C1138,1.118033988749895,FALSE,0.7590682174423244,"(1.01,1.51]"
G025_R387_C1137,G025_R391_C1138,1.0307764064044151,FALSE,0.7648154450312682,"(1.01,1.51]"
G025_R387_C1138,G025_R391_C1138,1,FALSE,0.7625001887980886,"(0.76,1.01]"
G025_R387_C1139,G025_R391_C1138,1.0307764064044151,FALSE,0.7268281988909404,"(1.01,1.51]"
G025_R387_C1140,G025_R391_C1138,1.118033988749895,FALSE,0.6951737525028225,"(1.01,1.51]"
G025_R387_C1141,G025_R391_C1138,1.25,FALSE,0.5398899618349184,"(1.01,1.51]"
G025_R387_C1142,G025_R391_C1138,1.4142135623730951,FALSE,0.4434909953825289,"(1.01,1.51]"
G025_R387_C1143,G025_R391_C1138,1.6007810593582121,FALSE,0.3973271226377206,"(1.51,Inf]"
G025_R388_C1132,G025_R391_C1138,1.6770509831248424,FALSE,0.7650558161430048,"(1.51,Inf]"
G025_R388_C1133,G025_R391_C1138,1.4577379737113252,FALSE,0.7521435938728701,"(1.01,1.51]"
G025_R388_C1134,G025_R391_C1138,1.25,FALSE,0.7566418929657189,"(1.01,1.51]"
G025_R388_C1135,G025_R391_C1138,1.0606601717798212,FALSE,0.7501320055125833,"(1.01,1.51]"
G025_R388_C1136,G025_R391_C1138,0.9013878188659973,FALSE,0.7805169399782038,"(0.76,1.01]"
G025_R388_C1137,G025_R391_C1138,0.7905694150420949,FALSE,0.7727223416407571,"(0.76,1.01]"
G025_R388_C1138,G025_R391_C1138,0.75,FALSE,0.7746032028646671,"(0.51,0.76]"
G025_R388_C1139,G025_R391_C1138,0.7905694150420949,FALSE,0.7860608832454793,"(0.76,1.01]"
G025_R388_C1140,G025_R391_C1138,0.9013878188659973,FALSE,0.7543612207755961,"(0.76,1.01]"
G025_R388_C1141,G025_R391_C1138,1.0606601717798212,FALSE,0.7187217371107573,"(1.01,1.51]"
G025_R388_C1142,G025_R391_C1138,1.25,FALSE,0.6901465381993022,"(1.01,1.51]"
G025_R388_C1143,G025_R391_C1138,1.4577379737113252,FALSE,0.6600099782586137,"(1.01,1.51]"
G025_R388_C1144,G025_R391_C1138,1.6770509831248424,FALSE,0.6607378007885927,"(1.51,Inf]"
G025_R388_C1145,G025_R391_C1138,1.9039432764659772,FALSE,0.4998432823182246,"(1.51,Inf]"
G025_R389_C1132,G025_R391_C1138,1.5811388300841898,FALSE,0.7367000386113357,"(1.51,Inf]"
G025_R389_C1133,G025_R391_C1138,1.346291201783626,FALSE,0.7347479589036012,"(1.01,1.51]"
G025_R389_C1134,G025_R391_C1138,1.118033988749895,FALSE,0.7668419700258804,"(1.01,1.51]"
G025_R389_C1135,G025_R391_C1138,0.9013878188659973,FALSE,0.7929401332113256,"(0.76,1.01]"
G025_R389_C1136,G025_R391_C1138,0.7071067811865476,FALSE,0.8106654590947322,"(0.51,0.76]"
G025_R389_C1137,G025_R391_C1138,0.5590169943749475,FALSE,0.8084543798492962,"(0.51,0.76]"
G025_R389_C1138,G025_R391_C1138,0.5,FALSE,0.8162685311710011,"(0.26,0.51]"
G025_R389_C1139,G025_R391_C1138,0.5590169943749475,FALSE,0.8142721356637354,"(0.51,0.76]"
G025_R389_C1140,G025_R391_C1138,0.7071067811865476,FALSE,0.7711841249964917,"(0.51,0.76]"
G025_R389_C1141,G025_R391_C1138,0.9013878188659973,FALSE,0.7208385889084554,"(0.76,1.01]"
G025_R389_C1142,G025_R391_C1138,1.118033988749895,FALSE,0.6884847713214655,"(1.01,1.51]"
G025_R389_C1143,G025_R391_C1138,1.346291201783626,FALSE,0.6743284024270861,"(1.01,1.51]"
G025_R389_C1144,G025_R391_C1138,1.5811388300841898,FALSE,0.6988697398789111,"(1.51,Inf]"
G025_R389_C1145,G025_R391_C1138,1.8200274723201295,FALSE,0.5614182949153738,"(1.51,Inf]"
G025_R390_C1132,G025_R391_C1138,1.5206906325745548,FALSE,0.7740209693558332,"(1.51,Inf]"
G025_R390_C1133,G025_R391_C1138,1.2747548783981961,FALSE,0.7600758778092873,"(1.01,1.51]"
G025_R390_C1134,G025_R391_C1138,1.0307764064044151,FALSE,0.798684182556993,"(1.01,1.51]"
G025_R390_C1135,G025_R391_C1138,0.7905694150420949,FALSE,0.8312744119674494,"(0.76,1.01]"
G025_R390_C1136,G025_R391_C1138,0.5590169943749475,FALSE,0.8543684312826143,"(0.51,0.76]"
G025_R390_C1137,G025_R391_C1138,0.3535533905932738,FALSE,0.873959087887703,"(0.26,0.51]"
G025_R390_C1138,G025_R391_C1138,0.25,TRUE,0.8739112891536691,"[0,0.26]"
G025_R390_C1139,G025_R391_C1138,0.3535533905932738,FALSE,0.872238330741016,"(0.26,0.51]"
G025_R390_C1140,G025_R391_C1138,0.5590169943749475,FALSE,0.8164060179893775,"(0.51,0.76]"
G025_R390_C1141,G025_R391_C1138,0.7905694150420949,FALSE,0.7626602363943374,"(0.76,1.01]"
G025_R390_C1142,G025_R391_C1138,1.0307764064044151,FALSE,0.7267241996540054,"(1.01,1.51]"
G025_R390_C1143,G025_R391_C1138,1.2747548783981961,FALSE,0.7118298522663421,"(1.01,1.51]"
G025_R390_C1144,G025_R391_C1138,1.5206906325745548,FALSE,0.6849465185585009,"(1.51,Inf]"
G025_R390_C1145,G025_R391_C1138,1.7677669529663689,FALSE,0.6812366080886728,"(1.51,Inf]"
G025_R390_C1146,G025_R391_C1138,2.0155644370746373,FALSE,0.6362498779280917,"(1.51,Inf]"
G025_R390_C1147,G025_R391_C1138,2.2638462845343543,FALSE,0.6352296975144767,"(1.51,Inf]"
G025_R391_C1132,G025_R391_C1138,1.5,FALSE,0.7555846973950768,"(1.01,1.51]"
G025_R391_C1133,G025_R391_C1138,1.25,FALSE,0.7867508931215582,"(1.01,1.51]"
G025_R391_C1134,G025_R391_C1138,1,FALSE,0.7937127621337594,"(0.76,1.01]"
G025_R391_C1135,G025_R391_C1138,0.75,FALSE,0.842296094183448,"(0.51,0.76]"
G025_R391_C1136,G025_R391_C1138,0.5,FALSE,0.8836064001891238,"(0.26,0.51]"
G025_R391_C1137,G025_R391_C1138,0.25,TRUE,0.9453182546224425,"[0,0.26]"
G025_R380_C1132,G025_R391_C1139,3.2596012026013246,FALSE,0.6358364296221347,"(1.51,Inf]"
G025_R380_C1133,G025_R391_C1139,3.132491021535417,FALSE,0.6183404728515147,"(1.51,Inf]"
G025_R380_C1134,G025_R391_C1139,3.020761493398643,FALSE,0.5867004118375069,"(1.51,Inf]"
G025_R380_C1135,G025_R391_C1139,2.9261749776799064,FALSE,0.5163331938647199,"(1.51,Inf]"
G025_R380_C1143,G025_R391_C1139,2.9261749776799064,FALSE,0.03747153679757071,"(1.51,Inf]"
G025_R380_C1144,G025_R391_C1139,3.020761493398643,FALSE,0.19019397277936528,"(1.51,Inf]"
G025_R380_C1145,G025_R391_C1139,3.132491021535417,FALSE,0.08966512075457397,"(1.51,Inf]"
G025_R380_C1146,G025_R391_C1139,3.2596012026013246,FALSE,-0.0596109425902749,"(1.51,Inf]"
G025_R380_C1147,G025_R391_C1139,3.400367627183861,FALSE,-0.05176080956663855,"(1.51,Inf]"
G025_R381_C1132,G025_R391_C1139,3.0516389039334255,FALSE,0.6654324635104074,"(1.51,Inf]"
G025_R381_C1133,G025_R391_C1139,2.9154759474226504,FALSE,0.6555430578784418,"(1.51,Inf]"
G025_R381_C1134,G025_R391_C1139,2.7950849718747373,FALSE,0.6678645707032248,"(1.51,Inf]"
G025_R381_C1135,G025_R391_C1139,2.692582403567252,FALSE,0.6756195184097993,"(1.51,Inf]"
G025_R381_C1143,G025_R391_C1139,2.692582403567252,FALSE,0.10378323215740376,"(1.51,Inf]"
G025_R381_C1144,G025_R391_C1139,2.7950849718747373,FALSE,0.2486742809140955,"(1.51,Inf]"
G025_R381_C1145,G025_R391_C1139,2.9154759474226504,FALSE,0.12501496879226498,"(1.51,Inf]"
G025_R381_C1146,G025_R391_C1139,3.0516389039334255,FALSE,0.06970576679609258,"(1.51,Inf]"
G025_R381_C1147,G025_R391_C1139,3.2015621187164243,FALSE,3.6474487448263953e-4,"(1.51,Inf]"
G025_R382_C1132,G025_R391_C1139,2.850438562747845,FALSE,0.6826896042676133,"(1.51,Inf]"
G025_R382_C1133,G025_R391_C1139,2.704163456597992,FALSE,0.6692443764144238,"(1.51,Inf]"
G025_R382_C1134,G025_R391_C1139,2.57390753524675,FALSE,0.6771438984725484,"(1.51,Inf]"
G025_R382_C1135,G025_R391_C1139,2.462214450449026,FALSE,0.6741695714365116,"(1.51,Inf]"
G025_R382_C1136,G025_R391_C1139,2.3717082451262845,FALSE,0.6624177809626958,"(1.51,Inf]"
G025_R382_C1138,G025_R391_C1139,2.2638462845343543,FALSE,0.24103124534027592,"(1.51,Inf]"
G025_R382_C1141,G025_R391_C1139,2.3048861143232218,FALSE,0.2723518212928714,"(1.51,Inf]"
G025_R382_C1143,G025_R391_C1139,2.462214450449026,FALSE,0.13976567333231457,"(1.51,Inf]"
G025_R382_C1144,G025_R391_C1139,2.57390753524675,FALSE,0.17893502973213393,"(1.51,Inf]"
G025_R382_C1145,G025_R391_C1139,2.704163456597992,FALSE,0.04908215944502131,"(1.51,Inf]"
G025_R382_C1146,G025_R391_C1139,2.850438562747845,FALSE,-0.07321448327655752,"(1.51,Inf]"
G025_R382_C1147,G025_R391_C1139,3.010398644698074,FALSE,-0.1661682936254811,"(1.51,Inf]"
G025_R383_C1132,G025_R391_C1139,2.6575364531836625,FALSE,0.6592274456630054,"(1.51,Inf]"
G025_R383_C1133,G025_R391_C1139,2.5,FALSE,0.6811456131376789,"(1.51,Inf]"
G025_R383_C1134,G025_R391_C1139,2.358495283014151,FALSE,0.6708628268537796,"(1.51,Inf]"
G025_R383_C1135,G025_R391_C1139,2.23606797749979,FALSE,0.6678965328021982,"(1.51,Inf]"
G025_R383_C1136,G025_R391_C1139,2.1360009363293826,FALSE,0.6900747897012627,"(1.51,Inf]"
G025_R383_C1137,G025_R391_C1139,2.0615528128088303,FALSE,0.6408793328997764,"(1.51,Inf]"
G025_R383_C1139,G025_R391_C1139,2,FALSE,0.7303529077414593,"(1.51,Inf]"
G025_R383_C1140,G025_R391_C1139,2.0155644370746373,FALSE,0.6675554902875597,"(1.51,Inf]"
G025_R383_C1141,G025_R391_C1139,2.0615528128088303,FALSE,0.580339944721013,"(1.51,Inf]"
G025_R383_C1142,G025_R391_C1139,2.1360009363293826,FALSE,0.5108083152585575,"(1.51,Inf]"
G025_R383_C1143,G025_R391_C1139,2.23606797749979,FALSE,0.2417867097340687,"(1.51,Inf]"
G025_R383_C1144,G025_R391_C1139,2.358495283014151,FALSE,-0.01941254689022067,"(1.51,Inf]"
G025_R383_C1145,G025_R391_C1139,2.5,FALSE,-0.08853317614332888,"(1.51,Inf]"
G025_R383_C1146,G025_R391_C1139,2.6575364531836625,FALSE,-0.15646887748378385,"(1.51,Inf]"
G025_R383_C1147,G025_R391_C1139,2.8284271247461903,FALSE,-0.29314226127536597,"(1.51,Inf]"
G025_R384_C1132,G025_R391_C1139,2.4748737341529163,FALSE,0.648394461750726,"(1.51,Inf]"
G025_R384_C1133,G025_R391_C1139,2.3048861143232218,FALSE,0.6560776410923995,"(1.51,Inf]"
G025_R384_C1134,G025_R391_C1139,2.1505813167606567,FALSE,0.672031238802086,"(1.51,Inf]"
G025_R384_C1135,G025_R391_C1139,2.0155644370746373,FALSE,0.6736401225266248,"(1.51,Inf]"
G025_R384_C1136,G025_R391_C1139,1.9039432764659772,FALSE,0.6813227681546107,"(1.51,Inf]"
G025_R384_C1137,G025_R391_C1139,1.8200274723201295,FALSE,0.6821935744325647,"(1.51,Inf]"
G025_R384_C1138,G025_R391_C1139,1.7677669529663689,FALSE,0.6798101613335763,"(1.51,Inf]"
G025_R384_C1139,G025_R391_C1139,1.75,FALSE,0.6972056127782251,"(1.51,Inf]"
G025_R384_C1140,G025_R391_C1139,1.7677669529663689,FALSE,0.6620357726428786,"(1.51,Inf]"
G025_R384_C1141,G025_R391_C1139,1.8200274723201295,FALSE,0.5912473688195068,"(1.51,Inf]"
G025_R384_C1142,G025_R391_C1139,1.9039432764659772,FALSE,0.40283057017938995,"(1.51,Inf]"
G025_R385_C1132,G025_R391_C1139,2.3048861143232218,FALSE,0.6957917863085996,"(1.51,Inf]"
G025_R385_C1133,G025_R391_C1139,2.1213203435596424,FALSE,0.6981170679997651,"(1.51,Inf]"
G025_R385_C1134,G025_R391_C1139,1.9525624189766635,FALSE,0.7059319687956187,"(1.51,Inf]"
G025_R385_C1135,G025_R391_C1139,1.8027756377319946,FALSE,0.7020222025319279,"(1.51,Inf]"
G025_R385_C1136,G025_R391_C1139,1.6770509831248424,FALSE,0.7094078129838922,"(1.51,Inf]"
G025_R385_C1137,G025_R391_C1139,1.5811388300841898,FALSE,0.6724004940178945,"(1.51,Inf]"
G025_R385_C1138,G025_R391_C1139,1.5206906325745548,FALSE,0.6825836484428429,"(1.51,Inf]"
G025_R385_C1139,G025_R391_C1139,1.5,FALSE,0.6888170099808463,"(1.01,1.51]"
G025_R385_C1140,G025_R391_C1139,1.5206906325745548,FALSE,0.6067371561016035,"(1.51,Inf]"
G025_R385_C1141,G025_R391_C1139,1.5811388300841898,FALSE,0.5307815978780623,"(1.51,Inf]"
G025_R385_C1142,G025_R391_C1139,1.6770509831248424,FALSE,0.43822851078605557,"(1.51,Inf]"
G025_R386_C1132,G025_R391_C1139,2.1505813167606567,FALSE,0.6833663935509501,"(1.51,Inf]"
G025_R386_C1133,G025_R391_C1139,1.9525624189766635,FALSE,0.7107762298700822,"(1.51,Inf]"
G025_R386_C1134,G025_R391_C1139,1.7677669529663689,FALSE,0.7064400155571371,"(1.51,Inf]"
G025_R386_C1135,G025_R391_C1139,1.6007810593582121,FALSE,0.7203854458334048,"(1.51,Inf]"
G025_R386_C1136,G025_R391_C1139,1.4577379737113252,FALSE,0.7198250162482905,"(1.01,1.51]"
G025_R386_C1137,G025_R391_C1139,1.346291201783626,FALSE,0.6980481914889255,"(1.01,1.51]"
G025_R386_C1138,G025_R391_C1139,1.2747548783981961,FALSE,0.6710807105886091,"(1.01,1.51]"
G025_R386_C1139,G025_R391_C1139,1.25,FALSE,0.6190418459173201,"(1.01,1.51]"
G025_R386_C1141,G025_R391_C1139,1.346291201783626,FALSE,0.5167473324505228,"(1.01,1.51]"
G025_R387_C1132,G025_R391_C1139,2.0155644370746373,FALSE,0.7302525811153373,"(1.51,Inf]"
G025_R387_C1133,G025_R391_C1139,1.8027756377319946,FALSE,0.7048242177288004,"(1.51,Inf]"
G025_R387_C1134,G025_R391_C1139,1.6007810593582121,FALSE,0.7231865500844391,"(1.51,Inf]"
G025_R387_C1135,G025_R391_C1139,1.4142135623730951,FALSE,0.7402953614949506,"(1.01,1.51]"
G025_R387_C1136,G025_R391_C1139,1.25,FALSE,0.735469362179795,"(1.01,1.51]"
G025_R387_C1137,G025_R391_C1139,1.118033988749895,FALSE,0.7341532627171468,"(1.01,1.51]"
G025_R387_C1138,G025_R391_C1139,1.0307764064044151,FALSE,0.7284443180242253,"(1.01,1.51]"
G025_R387_C1139,G025_R391_C1139,1,FALSE,0.6930256656891137,"(0.76,1.01]"
G025_R387_C1140,G025_R391_C1139,1.0307764064044151,FALSE,0.6659109360984887,"(1.01,1.51]"
G025_R387_C1141,G025_R391_C1139,1.118033988749895,FALSE,0.5268693733190817,"(1.01,1.51]"
G025_R387_C1142,G025_R391_C1139,1.25,FALSE,0.4493158642317656,"(1.01,1.51]"
G025_R387_C1143,G025_R391_C1139,1.4142135623730951,FALSE,0.4004581836746868,"(1.01,1.51]"
G025_R388_C1132,G025_R391_C1139,1.9039432764659772,FALSE,0.7598553190284173,"(1.51,Inf]"
G025_R388_C1133,G025_R391_C1139,1.6770509831248424,FALSE,0.746680431512435,"(1.51,Inf]"
G025_R388_C1134,G025_R391_C1139,1.4577379737113252,FALSE,0.7545003583801217,"(1.01,1.51]"
G025_R388_C1135,G025_R391_C1139,1.25,FALSE,0.736926642062193,"(1.01,1.51]"
G025_R388_C1136,G025_R391_C1139,1.0606601717798212,FALSE,0.7470019088051661,"(1.01,1.51]"
G025_R388_C1137,G025_R391_C1139,0.9013878188659973,FALSE,0.7474585981216233,"(0.76,1.01]"
G025_R388_C1138,G025_R391_C1139,0.7905694150420949,FALSE,0.7442094215160239,"(0.76,1.01]"
G025_R388_C1139,G025_R391_C1139,0.75,FALSE,0.7699522622200503,"(0.51,0.76]"
G025_R388_C1140,G025_R391_C1139,0.7905694150420949,FALSE,0.7539413363636474,"(0.76,1.01]"
G025_R388_C1141,G025_R391_C1139,0.9013878188659973,FALSE,0.7120195911609376,"(0.76,1.01]"
G025_R388_C1142,G025_R391_C1139,1.0606601717798212,FALSE,0.6743771834320539,"(1.01,1.51]"
G025_R388_C1143,G025_R391_C1139,1.25,FALSE,0.630068389180521,"(1.01,1.51]"
G025_R388_C1144,G025_R391_C1139,1.4577379737113252,FALSE,0.6531817109367012,"(1.01,1.51]"
G025_R388_C1145,G025_R391_C1139,1.6770509831248424,FALSE,0.47454127560478154,"(1.51,Inf]"
G025_R389_C1132,G025_R391_C1139,1.8200274723201295,FALSE,0.7304342942573568,"(1.51,Inf]"
G025_R389_C1133,G025_R391_C1139,1.5811388300841898,FALSE,0.7171513076096139,"(1.51,Inf]"
G025_R389_C1134,G025_R391_C1139,1.346291201783626,FALSE,0.7434462700984126,"(1.01,1.51]"
G025_R389_C1135,G025_R391_C1139,1.118033988749895,FALSE,0.7750211769962061,"(1.01,1.51]"
G025_R389_C1136,G025_R391_C1139,0.9013878188659973,FALSE,0.7797383091210079,"(0.76,1.01]"
G025_R389_C1137,G025_R391_C1139,0.7071067811865476,FALSE,0.7820037697345807,"(0.51,0.76]"
G025_R389_C1138,G025_R391_C1139,0.5590169943749475,FALSE,0.7892152216928846,"(0.51,0.76]"
G025_R389_C1139,G025_R391_C1139,0.5,FALSE,0.7971232951077284,"(0.26,0.51]"
G025_R389_C1140,G025_R391_C1139,0.5590169943749475,FALSE,0.7726411644549555,"(0.51,0.76]"
G025_R389_C1141,G025_R391_C1139,0.7071067811865476,FALSE,0.7294278533919232,"(0.51,0.76]"
G025_R389_C1142,G025_R391_C1139,0.9013878188659973,FALSE,0.697232184026379,"(0.76,1.01]"
G025_R389_C1143,G025_R391_C1139,1.118033988749895,FALSE,0.663170266676631,"(1.01,1.51]"
G025_R389_C1144,G025_R391_C1139,1.346291201783626,FALSE,0.675164722271075,"(1.01,1.51]"
G025_R389_C1145,G025_R391_C1139,1.5811388300841898,FALSE,0.5532528695293177,"(1.51,Inf]"
G025_R390_C1132,G025_R391_C1139,1.7677669529663689,FALSE,0.7560007567934046,"(1.51,Inf]"
G025_R390_C1133,G025_R391_C1139,1.5206906325745548,FALSE,0.7374044558561171,"(1.51,Inf]"
G025_R390_C1134,G025_R391_C1139,1.2747548783981961,FALSE,0.7770746295401584,"(1.01,1.51]"
G025_R390_C1135,G025_R391_C1139,1.0307764064044151,FALSE,0.800711077934999,"(1.01,1.51]"
G025_R390_C1136,G025_R391_C1139,0.7905694150420949,FALSE,0.8161519668175147,"(0.76,1.01]"
G025_R390_C1137,G025_R391_C1139,0.5590169943749475,FALSE,0.8402093807119209,"(0.51,0.76]"
G025_R390_C1138,G025_R391_C1139,0.3535533905932738,FALSE,0.8584147595252515,"(0.26,0.51]"
G025_R390_C1139,G025_R391_C1139,0.25,TRUE,0.9038187568917395,"[0,0.26]"
G025_R390_C1140,G025_R391_C1139,0.3535533905932738,FALSE,0.870298503307659,"(0.26,0.51]"
G025_R390_C1141,G025_R391_C1139,0.5590169943749475,FALSE,0.8068978441874278,"(0.51,0.76]"
G025_R390_C1142,G025_R391_C1139,0.7905694150420949,FALSE,0.7572866316974716,"(0.76,1.01]"
G025_R390_C1143,G025_R391_C1139,1.0307764064044151,FALSE,0.7115311365762348,"(1.01,1.51]"
G025_R390_C1144,G025_R391_C1139,1.2747548783981961,FALSE,0.6746913821043897,"(1.01,1.51]"
G025_R390_C1145,G025_R391_C1139,1.5206906325745548,FALSE,0.6600250688055825,"(1.51,Inf]"
G025_R390_C1146,G025_R391_C1139,1.7677669529663689,FALSE,0.6212420742108828,"(1.51,Inf]"
G025_R390_C1147,G025_R391_C1139,2.0155644370746373,FALSE,0.607980727610288,"(1.51,Inf]"
G025_R391_C1132,G025_R391_C1139,1.75,FALSE,0.7303789867296449,"(1.51,Inf]"
G025_R391_C1133,G025_R391_C1139,1.5,FALSE,0.763084493083809,"(1.01,1.51]"
G025_R391_C1134,G025_R391_C1139,1.25,FALSE,0.7488715014587005,"(1.01,1.51]"
G025_R391_C1135,G025_R391_C1139,1,FALSE,0.8168618228517837,"(0.76,1.01]"
G025_R391_C1136,G025_R391_C1139,0.75,FALSE,0.8617135033879854,"(0.51,0.76]"
G025_R391_C1137,G025_R391_C1139,0.5,FALSE,0.8842217140537314,"(0.26,0.51]"
G025_R391_C1138,G025_R391_C1139,0.25,TRUE,0.929822864883614,"[0,0.26]"
G025_R380_C1132,G025_R391_C1140,3.400367627183861,FALSE,0.6314613302474714,"(1.51,Inf]"
G025_R380_C1133,G025_R391_C1140,3.2596012026013246,FALSE,0.6039454669140687,"(1.51,Inf]"
G025_R380_C1134,G025_R391_C1140,3.132491021535417,FALSE,0.5610700869139257,"(1.51,Inf]"
G025_R380_C1135,G025_R391_C1140,3.020761493398643,FALSE,0.48813274954391955,"(1.51,Inf]"
G025_R380_C1143,G025_R391_C1140,2.850438562747845,FALSE,0.07992609747277446,"(1.51,Inf]"
G025_R380_C1144,G025_R391_C1140,2.9261749776799064,FALSE,0.21766140042760193,"(1.51,Inf]"
G025_R380_C1145,G025_R391_C1140,3.020761493398643,FALSE,0.11995814016806136,"(1.51,Inf]"
G025_R380_C1146,G025_R391_C1140,3.132491021535417,FALSE,-0.026203751205799857,"(1.51,Inf]"
G025_R380_C1147,G025_R391_C1140,3.2596012026013246,FALSE,-0.046303005717346656,"(1.51,Inf]"
G025_R381_C1132,G025_R391_C1140,3.2015621187164243,FALSE,0.661057155147193,"(1.51,Inf]"
G025_R381_C1133,G025_R391_C1140,3.0516389039334255,FALSE,0.6530400570178448,"(1.51,Inf]"
G025_R381_C1134,G025_R391_C1140,2.9154759474226504,FALSE,0.658603587390149,"(1.51,Inf]"
G025_R381_C1135,G025_R391_C1140,2.7950849718747373,FALSE,0.6555199690469486,"(1.51,Inf]"
G025_R381_C1143,G025_R391_C1140,2.6100766272276377,FALSE,0.10333503243276233,"(1.51,Inf]"
G025_R381_C1144,G025_R391_C1140,2.692582403567252,FALSE,0.2620770301450343,"(1.51,Inf]"
G025_R381_C1145,G025_R391_C1140,2.7950849718747373,FALSE,0.1526899616654744,"(1.51,Inf]"
G025_R381_C1146,G025_R391_C1140,2.9154759474226504,FALSE,0.10343265474596787,"(1.51,Inf]"
G025_R381_C1147,G025_R391_C1140,3.0516389039334255,FALSE,0.03984249564111658,"(1.51,Inf]"
G025_R382_C1132,G025_R391_C1140,3.010398644698074,FALSE,0.6864062103292486,"(1.51,Inf]"
G025_R382_C1133,G025_R391_C1140,2.850438562747845,FALSE,0.665037712659099,"(1.51,Inf]"
G025_R382_C1134,G025_R391_C1140,2.704163456597992,FALSE,0.6669466691856564,"(1.51,Inf]"
G025_R382_C1135,G025_R391_C1140,2.57390753524675,FALSE,0.672806309380651,"(1.51,Inf]"
G025_R382_C1136,G025_R391_C1140,2.462214450449026,FALSE,0.6826456521399037,"(1.51,Inf]"
G025_R382_C1138,G025_R391_C1140,2.3048861143232218,FALSE,0.22784412787276245,"(1.51,Inf]"
G025_R382_C1141,G025_R391_C1140,2.2638462845343543,FALSE,0.2828486942020968,"(1.51,Inf]"
G025_R382_C1143,G025_R391_C1140,2.3717082451262845,FALSE,0.11734469435364839,"(1.51,Inf]"
G025_R382_C1144,G025_R391_C1140,2.462214450449026,FALSE,0.1990663888395538,"(1.51,Inf]"
G025_R382_C1145,G025_R391_C1140,2.57390753524675,FALSE,0.05701804734411915,"(1.51,Inf]"
G025_R382_C1146,G025_R391_C1140,2.704163456597992,FALSE,-0.07054606083181325,"(1.51,Inf]"
G025_R382_C1147,G025_R391_C1140,2.850438562747845,FALSE,-0.13063881789646054,"(1.51,Inf]"
G025_R383_C1132,G025_R391_C1140,2.8284271247461903,FALSE,0.6778592375065289,"(1.51,Inf]"
G025_R383_C1133,G025_R391_C1140,2.6575364531836625,FALSE,0.679238887012219,"(1.51,Inf]"
G025_R383_C1134,G025_R391_C1140,2.5,FALSE,0.6668781288090493,"(1.51,Inf]"
G025_R383_C1135,G025_R391_C1140,2.358495283014151,FALSE,0.6624262399498534,"(1.51,Inf]"
G025_R383_C1136,G025_R391_C1140,2.23606797749979,FALSE,0.7082151059553724,"(1.51,Inf]"
G025_R383_C1137,G025_R391_C1140,2.1360009363293826,FALSE,0.6457662270971327,"(1.51,Inf]"
G025_R383_C1139,G025_R391_C1140,2.0155644370746373,FALSE,0.6939680853340694,"(1.51,Inf]"
G025_R383_C1140,G025_R391_C1140,2,FALSE,0.6242203489870392,"(1.51,Inf]"
G025_R383_C1141,G025_R391_C1140,2.0155644370746373,FALSE,0.5527029918956131,"(1.51,Inf]"
G025_R383_C1142,G025_R391_C1140,2.0615528128088303,FALSE,0.4949410974719827,"(1.51,Inf]"
G025_R383_C1143,G025_R391_C1140,2.1360009363293826,FALSE,0.252570895782751,"(1.51,Inf]"
G025_R383_C1144,G025_R391_C1140,2.23606797749979,FALSE,-0.03212320041599019,"(1.51,Inf]"
G025_R383_C1145,G025_R391_C1140,2.358495283014151,FALSE,-0.06861681175650527,"(1.51,Inf]"
G025_R383_C1146,G025_R391_C1140,2.5,FALSE,-0.17943772894176704,"(1.51,Inf]"
G025_R383_C1147,G025_R391_C1140,2.6575364531836625,FALSE,-0.26120977623385855,"(1.51,Inf]"
G025_R384_C1132,G025_R391_C1140,2.6575364531836625,FALSE,0.6776219642757669,"(1.51,Inf]"
G025_R384_C1133,G025_R391_C1140,2.4748737341529163,FALSE,0.6683561282473393,"(1.51,Inf]"
G025_R384_C1134,G025_R391_C1140,2.3048861143232218,FALSE,0.6608156717407753,"(1.51,Inf]"
G025_R384_C1135,G025_R391_C1140,2.1505813167606567,FALSE,0.6748641517191635,"(1.51,Inf]"
G025_R384_C1136,G025_R391_C1140,2.0155644370746373,FALSE,0.6995417452214571,"(1.51,Inf]"
G025_R384_C1137,G025_R391_C1140,1.9039432764659772,FALSE,0.7027581376267577,"(1.51,Inf]"
G025_R384_C1138,G025_R391_C1140,1.8200274723201295,FALSE,0.6712827039408648,"(1.51,Inf]"
G025_R384_C1139,G025_R391_C1140,1.7677669529663689,FALSE,0.6617000454328219,"(1.51,Inf]"
G025_R384_C1140,G025_R391_C1140,1.75,FALSE,0.6217429797521817,"(1.51,Inf]"
G025_R384_C1141,G025_R391_C1140,1.7677669529663689,FALSE,0.5521331546513426,"(1.51,Inf]"
G025_R384_C1142,G025_R391_C1140,1.8200274723201295,FALSE,0.4012234686553393,"(1.51,Inf]"
G025_R385_C1132,G025_R391_C1140,2.5,FALSE,0.7072528021581882,"(1.51,Inf]"
G025_R385_C1133,G025_R391_C1140,2.3048861143232218,FALSE,0.7066378806160097,"(1.51,Inf]"
G025_R385_C1134,G025_R391_C1140,2.1213203435596424,FALSE,0.7120001928832548,"(1.51,Inf]"
G025_R385_C1135,G025_R391_C1140,1.9525624189766635,FALSE,0.7094617829465337,"(1.51,Inf]"
G025_R385_C1136,G025_R391_C1140,1.8027756377319946,FALSE,0.7243428695690758,"(1.51,Inf]"
G025_R385_C1137,G025_R391_C1140,1.6770509831248424,FALSE,0.685291680219249,"(1.51,Inf]"
G025_R385_C1138,G025_R391_C1140,1.5811388300841898,FALSE,0.6861506759809473,"(1.51,Inf]"
G025_R385_C1139,G025_R391_C1140,1.5206906325745548,FALSE,0.6743000551512788,"(1.51,Inf]"
G025_R385_C1140,G025_R391_C1140,1.5,FALSE,0.5783704918772061,"(1.01,1.51]"
G025_R385_C1141,G025_R391_C1140,1.5206906325745548,FALSE,0.4998193775588027,"(1.51,Inf]"
G025_R385_C1142,G025_R391_C1140,1.5811388300841898,FALSE,0.40511490365153613,"(1.51,Inf]"
G025_R386_C1132,G025_R391_C1140,2.358495283014151,FALSE,0.6898152827591005,"(1.51,Inf]"
G025_R386_C1133,G025_R391_C1140,2.1505813167606567,FALSE,0.7088580622750668,"(1.51,Inf]"
G025_R386_C1134,G025_R391_C1140,1.9525624189766635,FALSE,0.709618121438925,"(1.51,Inf]"
G025_R386_C1135,G025_R391_C1140,1.7677669529663689,FALSE,0.7242324583171024,"(1.51,Inf]"
G025_R386_C1136,G025_R391_C1140,1.6007810593582121,FALSE,0.7255034528645136,"(1.51,Inf]"
G025_R386_C1137,G025_R391_C1140,1.4577379737113252,FALSE,0.7061080949977171,"(1.01,1.51]"
G025_R386_C1138,G025_R391_C1140,1.346291201783626,FALSE,0.6753578006783381,"(1.01,1.51]"
G025_R386_C1139,G025_R391_C1140,1.2747548783981961,FALSE,0.6030450627445761,"(1.01,1.51]"
G025_R386_C1141,G025_R391_C1140,1.2747548783981961,FALSE,0.4895453203740177,"(1.01,1.51]"
G025_R387_C1132,G025_R391_C1140,2.23606797749979,FALSE,0.7320497933241822,"(1.51,Inf]"
G025_R387_C1133,G025_R391_C1140,2.0155644370746373,FALSE,0.7072493212525648,"(1.51,Inf]"
G025_R387_C1134,G025_R391_C1140,1.8027756377319946,FALSE,0.7201609391414686,"(1.51,Inf]"
G025_R387_C1135,G025_R391_C1140,1.6007810593582121,FALSE,0.7243519512013736,"(1.51,Inf]"
G025_R387_C1136,G025_R391_C1140,1.4142135623730951,FALSE,0.7337753253491689,"(1.01,1.51]"
G025_R387_C1137,G025_R391_C1140,1.25,FALSE,0.7216705382587104,"(1.01,1.51]"
G025_R387_C1138,G025_R391_C1140,1.118033988749895,FALSE,0.7083759121347215,"(1.01,1.51]"
G025_R387_C1139,G025_R391_C1140,1.0307764064044151,FALSE,0.6774592293932844,"(1.01,1.51]"
G025_R387_C1140,G025_R391_C1140,1,FALSE,0.6462183099054308,"(0.76,1.01]"
G025_R387_C1141,G025_R391_C1140,1.0307764064044151,FALSE,0.5105245881291336,"(1.01,1.51]"
G025_R387_C1142,G025_R391_C1140,1.118033988749895,FALSE,0.4143726964679153,"(1.01,1.51]"
G025_R387_C1143,G025_R391_C1140,1.25,FALSE,0.3497042371802735,"(1.01,1.51]"
G025_R388_C1132,G025_R391_C1140,2.1360009363293826,FALSE,0.7353355734048802,"(1.51,Inf]"
G025_R388_C1133,G025_R391_C1140,1.9039432764659772,FALSE,0.7269491032204871,"(1.51,Inf]"
G025_R388_C1134,G025_R391_C1140,1.6770509831248424,FALSE,0.7195008693534722,"(1.51,Inf]"
G025_R388_C1135,G025_R391_C1140,1.4577379737113252,FALSE,0.708726712584696,"(1.01,1.51]"
G025_R388_C1136,G025_R391_C1140,1.25,FALSE,0.7223773751253391,"(1.01,1.51]"
G025_R388_C1137,G025_R391_C1140,1.0606601717798212,FALSE,0.7183182629072034,"(1.01,1.51]"
G025_R388_C1138,G025_R391_C1140,0.9013878188659973,FALSE,0.7274687749394311,"(0.76,1.01]"
G025_R388_C1139,G025_R391_C1140,0.7905694150420949,FALSE,0.7460814968023994,"(0.76,1.01]"
G025_R388_C1140,G025_R391_C1140,0.75,FALSE,0.7440084879945723,"(0.51,0.76]"
G025_R388_C1141,G025_R391_C1140,0.7905694150420949,FALSE,0.7207716177656219,"(0.76,1.01]"
G025_R388_C1142,G025_R391_C1140,0.9013878188659973,FALSE,0.695975960883498,"(0.76,1.01]"
G025_R388_C1143,G025_R391_C1140,1.0606601717798212,FALSE,0.6675984417073005,"(1.01,1.51]"
G025_R388_C1144,G025_R391_C1140,1.25,FALSE,0.6519565269178491,"(1.01,1.51]"
G025_R388_C1145,G025_R391_C1140,1.4577379737113252,FALSE,0.47527980936209263,"(1.01,1.51]"
G025_R389_C1132,G025_R391_C1140,2.0615528128088303,FALSE,0.6971043689522701,"(1.51,Inf]"
G025_R389_C1133,G025_R391_C1140,1.8200274723201295,FALSE,0.6855555253161192,"(1.51,Inf]"
G025_R389_C1134,G025_R391_C1140,1.5811388300841898,FALSE,0.7165289183681498,"(1.51,Inf]"
G025_R389_C1135,G025_R391_C1140,1.346291201783626,FALSE,0.7444325071062498,"(1.01,1.51]"
G025_R389_C1136,G025_R391_C1140,1.118033988749895,FALSE,0.7465713337997277,"(1.01,1.51]"
G025_R389_C1137,G025_R391_C1140,0.9013878188659973,FALSE,0.7567491558929893,"(0.76,1.01]"
G025_R389_C1138,G025_R391_C1140,0.7071067811865476,FALSE,0.7657978215650153,"(0.51,0.76]"
G025_R389_C1139,G025_R391_C1140,0.5590169943749475,FALSE,0.7734659155062408,"(0.51,0.76]"
G025_R389_C1140,G025_R391_C1140,0.5,FALSE,0.7847932658338315,"(0.26,0.51]"
G025_R389_C1141,G025_R391_C1140,0.5590169943749475,FALSE,0.7659547890234468,"(0.51,0.76]"
G025_R389_C1142,G025_R391_C1140,0.7071067811865476,FALSE,0.7447463048358501,"(0.51,0.76]"
G025_R389_C1143,G025_R391_C1140,0.9013878188659973,FALSE,0.7231000843291195,"(0.76,1.01]"
G025_R389_C1144,G025_R391_C1140,1.118033988749895,FALSE,0.6980799185704264,"(1.01,1.51]"
G025_R389_C1145,G025_R391_C1140,1.346291201783626,FALSE,0.5608216193962903,"(1.01,1.51]"
G025_R390_C1132,G025_R391_C1140,2.0155644370746373,FALSE,0.6931605419112659,"(1.51,Inf]"
G025_R390_C1133,G025_R391_C1140,1.7677669529663689,FALSE,0.6918417354052993,"(1.51,Inf]"
G025_R390_C1134,G025_R391_C1140,1.5206906325745548,FALSE,0.7439358551517113,"(1.51,Inf]"
G025_R390_C1135,G025_R391_C1140,1.2747548783981961,FALSE,0.7574124963301234,"(1.01,1.51]"
G025_R390_C1136,G025_R391_C1140,1.0307764064044151,FALSE,0.7838510117217315,"(1.01,1.51]"
G025_R390_C1137,G025_R391_C1140,0.7905694150420949,FALSE,0.8017819756674186,"(0.76,1.01]"
G025_R390_C1138,G025_R391_C1140,0.5590169943749475,FALSE,0.8147244389342452,"(0.51,0.76]"
G025_R390_C1139,G025_R391_C1140,0.3535533905932738,FALSE,0.8743519823005258,"(0.26,0.51]"
G025_R390_C1140,G025_R391_C1140,0.25,TRUE,0.9130547999875898,"[0,0.26]"
G025_R390_C1141,G025_R391_C1140,0.3535533905932738,FALSE,0.8785971803405744,"(0.26,0.51]"
G025_R390_C1142,G025_R391_C1140,0.5590169943749475,FALSE,0.8227444866731671,"(0.51,0.76]"
G025_R390_C1143,G025_R391_C1140,0.7905694150420949,FALSE,0.7751103602952398,"(0.76,1.01]"
G025_R390_C1144,G025_R391_C1140,1.0307764064044151,FALSE,0.7364758613869765,"(1.01,1.51]"
G025_R390_C1145,G025_R391_C1140,1.2747548783981961,FALSE,0.6921358508418364,"(1.01,1.51]"
G025_R390_C1146,G025_R391_C1140,1.5206906325745548,FALSE,0.6369592365267511,"(1.51,Inf]"
G025_R390_C1147,G025_R391_C1140,1.7677669529663689,FALSE,0.6047276157728918,"(1.51,Inf]"
G025_R391_C1132,G025_R391_C1140,2,FALSE,0.69087852767378,"(1.51,Inf]"
G025_R391_C1133,G025_R391_C1140,1.75,FALSE,0.7065079355409334,"(1.51,Inf]"
G025_R391_C1134,G025_R391_C1140,1.5,FALSE,0.7155114872967525,"(1.01,1.51]"
G025_R391_C1135,G025_R391_C1140,1.25,FALSE,0.7610793188268611,"(1.01,1.51]"
G025_R391_C1136,G025_R391_C1140,1,FALSE,0.8085423074062089,"(0.76,1.01]"
G025_R391_C1137,G025_R391_C1140,0.75,FALSE,0.8271358824200523,"(0.51,0.76]"
G025_R391_C1138,G025_R391_C1140,0.5,FALSE,0.8513303002121102,"(0.26,0.51]"
G025_R391_C1139,G025_R391_C1140,0.25,TRUE,0.9329288544207295,"[0,0.26]"
G025_R380_C1132,G025_R391_C1141,3.553167600887974,FALSE,0.6398124880706033,"(1.51,Inf]"
G025_R380_C1133,G025_R391_C1141,3.400367627183861,FALSE,0.5988613921642562,"(1.51,Inf]"
G025_R380_C1134,G025_R391_C1141,3.2596012026013246,FALSE,0.548926780407984,"(1.51,Inf]"
G025_R380_C1135,G025_R391_C1141,3.132491021535417,FALSE,0.4756162821370133,"(1.51,Inf]"
G025_R380_C1143,G025_R391_C1141,2.7950849718747373,FALSE,0.008378497575488223,"(1.51,Inf]"
G025_R380_C1144,G025_R391_C1141,2.850438562747845,FALSE,0.20745604767569809,"(1.51,Inf]"
G025_R380_C1145,G025_R391_C1141,2.9261749776799064,FALSE,0.11234697244420168,"(1.51,Inf]"
G025_R380_C1146,G025_R391_C1141,3.020761493398643,FALSE,-0.022083813847920443,"(1.51,Inf]"
G025_R380_C1147,G025_R391_C1141,3.132491021535417,FALSE,-0.07184661026171575,"(1.51,Inf]"
G025_R381_C1132,G025_R391_C1141,3.3634060117684275,FALSE,0.6514167447228797,"(1.51,Inf]"
G025_R381_C1133,G025_R391_C1141,3.2015621187164243,FALSE,0.6471760602420593,"(1.51,Inf]"
G025_R381_C1134,G025_R391_C1141,3.0516389039334255,FALSE,0.6678581673902979,"(1.51,Inf]"
G025_R381_C1135,G025_R391_C1141,2.9154759474226504,FALSE,0.6750108605019627,"(1.51,Inf]"
G025_R381_C1143,G025_R391_C1141,2.5495097567963922,FALSE,0.09925605723349534,"(1.51,Inf]"
G025_R381_C1144,G025_R391_C1141,2.6100766272276377,FALSE,0.2889918870603514,"(1.51,Inf]"
G025_R381_C1145,G025_R391_C1141,2.692582403567252,FALSE,0.16069287515414513,"(1.51,Inf]"
G025_R381_C1146,G025_R391_C1141,2.7950849718747373,FALSE,0.0979609069120124,"(1.51,Inf]"
G025_R381_C1147,G025_R391_C1141,2.9154759474226504,FALSE,0.04314321986935266,"(1.51,Inf]"
G025_R382_C1132,G025_R391_C1141,3.181980515339464,FALSE,0.6820632602239114,"(1.51,Inf]"
G025_R382_C1133,G025_R391_C1141,3.010398644698074,FALSE,0.6646137011175213,"(1.51,Inf]"
G025_R382_C1134,G025_R391_C1141,2.850438562747845,FALSE,0.6804537733809451,"(1.51,Inf]"
G025_R382_C1135,G025_R391_C1141,2.704163456597992,FALSE,0.68878920468093,"(1.51,Inf]"
G025_R382_C1136,G025_R391_C1141,2.57390753524675,FALSE,0.695424555554771,"(1.51,Inf]"
G025_R382_C1138,G025_R391_C1141,2.3717082451262845,FALSE,0.19074698371122797,"(1.51,Inf]"
G025_R382_C1141,G025_R391_C1141,2.25,FALSE,0.2975732480309355,"(1.51,Inf]"
G025_R382_C1143,G025_R391_C1141,2.3048861143232218,FALSE,0.14449677851858966,"(1.51,Inf]"
G025_R382_C1144,G025_R391_C1141,2.3717082451262845,FALSE,0.22739979695688511,"(1.51,Inf]"
G025_R382_C1145,G025_R391_C1141,2.462214450449026,FALSE,0.09533103658746327,"(1.51,Inf]"
G025_R382_C1146,G025_R391_C1141,2.57390753524675,FALSE,-0.024415120459000912,"(1.51,Inf]"
G025_R382_C1147,G025_R391_C1141,2.704163456597992,FALSE,-0.08459865404181899,"(1.51,Inf]"
G025_R383_C1132,G025_R391_C1141,3.010398644698074,FALSE,0.6837571598226626,"(1.51,Inf]"
G025_R383_C1133,G025_R391_C1141,2.8284271247461903,FALSE,0.7023385674834525,"(1.51,Inf]"
G025_R383_C1134,G025_R391_C1141,2.6575364531836625,FALSE,0.6878824663381212,"(1.51,Inf]"
G025_R383_C1135,G025_R391_C1141,2.5,FALSE,0.6926510604879043,"(1.51,Inf]"
G025_R383_C1136,G025_R391_C1141,2.358495283014151,FALSE,0.7411305231651951,"(1.51,Inf]"
G025_R383_C1137,G025_R391_C1141,2.23606797749979,FALSE,0.6865564860077796,"(1.51,Inf]"
G025_R383_C1139,G025_R391_C1141,2.0615528128088303,FALSE,0.7131606123605214,"(1.51,Inf]"
G025_R383_C1140,G025_R391_C1141,2.0155644370746373,FALSE,0.6437070244137236,"(1.51,Inf]"
G025_R383_C1141,G025_R391_C1141,2,FALSE,0.5215294843284312,"(1.51,Inf]"
G025_R383_C1142,G025_R391_C1141,2.0155644370746373,FALSE,0.48327307314728535,"(1.51,Inf]"
G025_R383_C1143,G025_R391_C1141,2.0615528128088303,FALSE,0.2758529424601966,"(1.51,Inf]"
G025_R383_C1144,G025_R391_C1141,2.1360009363293826,FALSE,0.006413997335351697,"(1.51,Inf]"
G025_R383_C1145,G025_R391_C1141,2.23606797749979,FALSE,-0.04544249069558062,"(1.51,Inf]"
G025_R383_C1146,G025_R391_C1141,2.358495283014151,FALSE,-0.1886927806793859,"(1.51,Inf]"
G025_R383_C1147,G025_R391_C1141,2.5,FALSE,-0.22786061962694837,"(1.51,Inf]"
G025_R384_C1132,G025_R391_C1141,2.850438562747845,FALSE,0.6790077645813004,"(1.51,Inf]"
G025_R384_C1133,G025_R391_C1141,2.6575364531836625,FALSE,0.7007286770097897,"(1.51,Inf]"
G025_R384_C1134,G025_R391_C1141,2.4748737341529163,FALSE,0.7091856212409581,"(1.51,Inf]"
G025_R384_C1135,G025_R391_C1141,2.3048861143232218,FALSE,0.7042400271170903,"(1.51,Inf]"
G025_R384_C1136,G025_R391_C1141,2.1505813167606567,FALSE,0.7308965582612409,"(1.51,Inf]"
G025_R384_C1137,G025_R391_C1141,2.0155644370746373,FALSE,0.7275441606265585,"(1.51,Inf]"
G025_R384_C1138,G025_R391_C1141,1.9039432764659772,FALSE,0.7118083344092941,"(1.51,Inf]"
G025_R384_C1139,G025_R391_C1141,1.8200274723201295,FALSE,0.6961039122770131,"(1.51,Inf]"
G025_R384_C1140,G025_R391_C1141,1.7677669529663689,FALSE,0.6333267868483015,"(1.51,Inf]"
G025_R384_C1141,G025_R391_C1141,1.75,FALSE,0.53776620809054,"(1.51,Inf]"
G025_R384_C1142,G025_R391_C1141,1.7677669529663689,FALSE,0.3985735927914528,"(1.51,Inf]"
G025_R385_C1132,G025_R391_C1141,2.704163456597992,FALSE,0.7317073978581677,"(1.51,Inf]"
G025_R385_C1133,G025_R391_C1141,2.5,FALSE,0.7320640259974537,"(1.51,Inf]"
G025_R385_C1134,G025_R391_C1141,2.3048861143232218,FALSE,0.7380742737112249,"(1.51,Inf]"
G025_R385_C1135,G025_R391_C1141,2.1213203435596424,FALSE,0.7372698413314693,"(1.51,Inf]"
G025_R385_C1136,G025_R391_C1141,1.9525624189766635,FALSE,0.7493314558418578,"(1.51,Inf]"
G025_R385_C1137,G025_R391_C1141,1.8027756377319946,FALSE,0.7205687462457724,"(1.51,Inf]"
G025_R385_C1138,G025_R391_C1141,1.6770509831248424,FALSE,0.7190327200968212,"(1.51,Inf]"
G025_R385_C1139,G025_R391_C1141,1.5811388300841898,FALSE,0.6801920957650144,"(1.51,Inf]"
G025_R385_C1140,G025_R391_C1141,1.5206906325745548,FALSE,0.5790631435657319,"(1.51,Inf]"
G025_R385_C1141,G025_R391_C1141,1.5,FALSE,0.4913306141083272,"(1.01,1.51]"
G025_R385_C1142,G025_R391_C1141,1.5206906325745548,FALSE,0.39596364135794054,"(1.51,Inf]"
G025_R386_C1132,G025_R391_C1141,2.57390753524675,FALSE,0.6998252850803865,"(1.51,Inf]"
G025_R386_C1133,G025_R391_C1141,2.358495283014151,FALSE,0.7267315994455931,"(1.51,Inf]"
G025_R386_C1134,G025_R391_C1141,2.1505813167606567,FALSE,0.7321279474742658,"(1.51,Inf]"
G025_R386_C1135,G025_R391_C1141,1.9525624189766635,FALSE,0.7568030068514998,"(1.51,Inf]"
G025_R386_C1136,G025_R391_C1141,1.7677669529663689,FALSE,0.7541473171351379,"(1.51,Inf]"
G025_R386_C1137,G025_R391_C1141,1.6007810593582121,FALSE,0.7209337131308147,"(1.51,Inf]"
G025_R386_C1138,G025_R391_C1141,1.4577379737113252,FALSE,0.6800201109341191,"(1.01,1.51]"
G025_R386_C1139,G025_R391_C1141,1.346291201783626,FALSE,0.6063617443978355,"(1.01,1.51]"
G025_R386_C1141,G025_R391_C1141,1.25,FALSE,0.510446076403924,"(1.01,1.51]"
G025_R387_C1132,G025_R391_C1141,2.462214450449026,FALSE,0.7332509351375914,"(1.51,Inf]"
G025_R387_C1133,G025_R391_C1141,2.23606797749979,FALSE,0.7142266882272719,"(1.51,Inf]"
G025_R387_C1134,G025_R391_C1141,2.0155644370746373,FALSE,0.739962030046325,"(1.51,Inf]"
G025_R387_C1135,G025_R391_C1141,1.8027756377319946,FALSE,0.7349447888724631,"(1.51,Inf]"
G025_R387_C1136,G025_R391_C1141,1.6007810593582121,FALSE,0.7396025030642308,"(1.51,Inf]"
G025_R387_C1137,G025_R391_C1141,1.4142135623730951,FALSE,0.7174887196469469,"(1.01,1.51]"
G025_R387_C1138,G025_R391_C1141,1.25,FALSE,0.6856018969114909,"(1.01,1.51]"
G025_R387_C1139,G025_R391_C1141,1.118033988749895,FALSE,0.6664726050220521,"(1.01,1.51]"
G025_R387_C1140,G025_R391_C1141,1.0307764064044151,FALSE,0.6496780948679649,"(1.01,1.51]"
G025_R387_C1141,G025_R391_C1141,1,FALSE,0.5241249324471355,"(0.76,1.01]"
G025_R387_C1142,G025_R391_C1141,1.0307764064044151,FALSE,0.4153225458205023,"(1.01,1.51]"
G025_R387_C1143,G025_R391_C1141,1.118033988749895,FALSE,0.3876292236299002,"(1.01,1.51]"
G025_R388_C1132,G025_R391_C1141,2.3717082451262845,FALSE,0.73656883954675,"(1.51,Inf]"
G025_R388_C1133,G025_R391_C1141,2.1360009363293826,FALSE,0.7268732535379774,"(1.51,Inf]"
G025_R388_C1134,G025_R391_C1141,1.9039432764659772,FALSE,0.7266086648614525,"(1.51,Inf]"
G025_R388_C1135,G025_R391_C1141,1.6770509831248424,FALSE,0.7192389800508336,"(1.51,Inf]"
G025_R388_C1136,G025_R391_C1141,1.4577379737113252,FALSE,0.7198904052630658,"(1.01,1.51]"
G025_R388_C1137,G025_R391_C1141,1.25,FALSE,0.7198756062393913,"(1.01,1.51]"
G025_R388_C1138,G025_R391_C1141,1.0606601717798212,FALSE,0.7147279904040136,"(1.01,1.51]"
G025_R388_C1139,G025_R391_C1141,0.9013878188659973,FALSE,0.7370986837037796,"(0.76,1.01]"
G025_R388_C1140,G025_R391_C1141,0.7905694150420949,FALSE,0.7291601481898805,"(0.76,1.01]"
G025_R388_C1141,G025_R391_C1141,0.75,FALSE,0.7416700766934304,"(0.51,0.76]"
G025_R388_C1142,G025_R391_C1141,0.7905694150420949,FALSE,0.7262108873664911,"(0.76,1.01]"
G025_R388_C1143,G025_R391_C1141,0.9013878188659973,FALSE,0.7037843985389561,"(0.76,1.01]"
G025_R388_C1144,G025_R391_C1141,1.0606601717798212,FALSE,0.6839135047339806,"(1.01,1.51]"
G025_R388_C1145,G025_R391_C1141,1.25,FALSE,0.5015580908788004,"(1.01,1.51]"
G025_R389_C1132,G025_R391_C1141,2.3048861143232218,FALSE,0.6957185456539138,"(1.51,Inf]"
G025_R389_C1133,G025_R391_C1141,2.0615528128088303,FALSE,0.6817911348118317,"(1.51,Inf]"
G025_R389_C1134,G025_R391_C1141,1.8200274723201295,FALSE,0.7101762942083745,"(1.51,Inf]"
G025_R389_C1135,G025_R391_C1141,1.5811388300841898,FALSE,0.7223070514948662,"(1.51,Inf]"
G025_R389_C1136,G025_R391_C1141,1.346291201783626,FALSE,0.7224461138778008,"(1.01,1.51]"
G025_R389_C1137,G025_R391_C1141,1.118033988749895,FALSE,0.7329970333740141,"(1.01,1.51]"
G025_R389_C1138,G025_R391_C1141,0.9013878188659973,FALSE,0.7262817159039944,"(0.76,1.01]"
G025_R389_C1139,G025_R391_C1141,0.7071067811865476,FALSE,0.727309447736229,"(0.51,0.76]"
G025_R389_C1140,G025_R391_C1141,0.5590169943749475,FALSE,0.7532580799618094,"(0.51,0.76]"
G025_R389_C1141,G025_R391_C1141,0.5,FALSE,0.7764748869934182,"(0.26,0.51]"
G025_R389_C1142,G025_R391_C1141,0.5590169943749475,FALSE,0.7851167809572975,"(0.51,0.76]"
G025_R389_C1143,G025_R391_C1141,0.7071067811865476,FALSE,0.7781165210241064,"(0.51,0.76]"
G025_R389_C1144,G025_R391_C1141,0.9013878188659973,FALSE,0.747782288970948,"(0.76,1.01]"
G025_R389_C1145,G025_R391_C1141,1.118033988749895,FALSE,0.6051364596199756,"(1.01,1.51]"
G025_R390_C1132,G025_R391_C1141,2.2638462845343543,FALSE,0.665464928500866,"(1.51,Inf]"
G025_R390_C1133,G025_R391_C1141,2.0155644370746373,FALSE,0.6821490042339681,"(1.51,Inf]"
G025_R390_C1134,G025_R391_C1141,1.7677669529663689,FALSE,0.7177210701508061,"(1.51,Inf]"
G025_R390_C1135,G025_R391_C1141,1.5206906325745548,FALSE,0.7156043320263198,"(1.51,Inf]"
G025_R390_C1136,G025_R391_C1141,1.2747548783981961,FALSE,0.7415811361370782,"(1.01,1.51]"
G025_R390_C1137,G025_R391_C1141,1.0307764064044151,FALSE,0.7457948206958807,"(1.01,1.51]"
G025_R390_C1138,G025_R391_C1141,0.7905694150420949,FALSE,0.760871729107166,"(0.76,1.01]"
G025_R390_C1139,G025_R391_C1141,0.5590169943749475,FALSE,0.8248773744344696,"(0.51,0.76]"
G025_R390_C1140,G025_R391_C1141,0.3535533905932738,FALSE,0.8919671450228625,"(0.26,0.51]"
G025_R390_C1141,G025_R391_C1141,0.25,TRUE,0.9156967329276804,"[0,0.26]"
G025_R390_C1142,G025_R391_C1141,0.3535533905932738,FALSE,0.8777539079496084,"(0.26,0.51]"
G025_R390_C1143,G025_R391_C1141,0.5590169943749475,FALSE,0.8301590021934053,"(0.51,0.76]"
G025_R390_C1144,G025_R391_C1141,0.7905694150420949,FALSE,0.7982595551493751,"(0.76,1.01]"
G025_R390_C1145,G025_R391_C1141,1.0307764064044151,FALSE,0.7405683693181249,"(1.01,1.51]"
G025_R390_C1146,G025_R391_C1141,1.2747548783981961,FALSE,0.6783053669426109,"(1.01,1.51]"
G025_R390_C1147,G025_R391_C1141,1.5206906325745548,FALSE,0.6371007038654444,"(1.51,Inf]"
G025_R391_C1132,G025_R391_C1141,2.25,FALSE,0.6553842235071817,"(1.51,Inf]"
G025_R391_C1133,G025_R391_C1141,2,FALSE,0.6617702304595852,"(1.51,Inf]"
G025_R391_C1134,G025_R391_C1141,1.75,FALSE,0.6692890649373188,"(1.51,Inf]"
G025_R391_C1135,G025_R391_C1141,1.5,FALSE,0.7089234033594549,"(1.01,1.51]"
G025_R391_C1136,G025_R391_C1141,1.25,FALSE,0.7533642547527399,"(1.01,1.51]"
G025_R391_C1137,G025_R391_C1141,1,FALSE,0.7813579960320024,"(0.76,1.01]"
G025_R391_C1138,G025_R391_C1141,0.75,FALSE,0.7935085283962565,"(0.51,0.76]"
G025_R391_C1139,G025_R391_C1141,0.5,FALSE,0.8594462300890873,"(0.26,0.51]"
G025_R391_C1140,G025_R391_C1141,0.25,TRUE,0.9321963309326711,"[0,0.26]"
G025_R380_C1132,G025_R391_C1142,3.7165171868296265,FALSE,0.6242723196170534,"(1.51,Inf]"
G025_R380_C1133,G025_R391_C1142,3.553167600887974,FALSE,0.5931144857422787,"(1.51,Inf]"
G025_R380_C1134,G025_R391_C1142,3.400367627183861,FALSE,0.5372139762341449,"(1.51,Inf]"
G025_R380_C1135,G025_R391_C1142,3.2596012026013246,FALSE,0.46954074422513087,"(1.51,Inf]"
G025_R380_C1143,G025_R391_C1142,2.7613402542968153,FALSE,0.057101620357159745,"(1.51,Inf]"
G025_R380_C1144,G025_R391_C1142,2.7950849718747373,FALSE,0.19318152693435084,"(1.51,Inf]"
G025_R380_C1145,G025_R391_C1142,2.850438562747845,FALSE,0.09580210930783355,"(1.51,Inf]"
G025_R380_C1146,G025_R391_C1142,2.9261749776799064,FALSE,-0.02834580128517537,"(1.51,Inf]"
G025_R380_C1147,G025_R391_C1142,3.020761493398643,FALSE,-0.06545206245981579,"(1.51,Inf]"
G025_R381_C1132,G025_R391_C1142,3.5355339059327378,FALSE,0.6333648110227504,"(1.51,Inf]"
G025_R381_C1133,G025_R391_C1142,3.3634060117684275,FALSE,0.643524740204754,"(1.51,Inf]"
G025_R381_C1134,G025_R391_C1142,3.2015621187164243,FALSE,0.6732515095307963,"(1.51,Inf]"
G025_R381_C1135,G025_R391_C1142,3.0516389039334255,FALSE,0.659048403791817,"(1.51,Inf]"
G025_R381_C1143,G025_R391_C1142,2.5124689052802225,FALSE,0.03774799487829667,"(1.51,Inf]"
G025_R381_C1144,G025_R391_C1142,2.5495097567963922,FALSE,0.2862540763118933,"(1.51,Inf]"
G025_R381_C1145,G025_R391_C1142,2.6100766272276377,FALSE,0.13391798556210693,"(1.51,Inf]"
G025_R381_C1146,G025_R391_C1142,2.692582403567252,FALSE,0.07854280006278379,"(1.51,Inf]"
G025_R381_C1147,G025_R391_C1142,2.7950849718747373,FALSE,0.05108523758284351,"(1.51,Inf]"
G025_R382_C1132,G025_R391_C1142,3.3634060117684275,FALSE,0.6504082368103042,"(1.51,Inf]"
G025_R382_C1133,G025_R391_C1142,3.181980515339464,FALSE,0.6513365292504195,"(1.51,Inf]"
G025_R382_C1134,G025_R391_C1142,3.010398644698074,FALSE,0.6745866363629675,"(1.51,Inf]"
G025_R382_C1135,G025_R391_C1142,2.850438562747845,FALSE,0.6855338657594068,"(1.51,Inf]"
G025_R382_C1136,G025_R391_C1142,2.704163456597992,FALSE,0.680880171606925,"(1.51,Inf]"
G025_R382_C1138,G025_R391_C1142,2.462214450449026,FALSE,0.16028342791339076,"(1.51,Inf]"
G025_R382_C1141,G025_R391_C1142,2.2638462845343543,FALSE,0.2688669528786397,"(1.51,Inf]"
G025_R382_C1143,G025_R391_C1142,2.2638462845343543,FALSE,0.14848843780343915,"(1.51,Inf]"
G025_R382_C1144,G025_R391_C1142,2.3048861143232218,FALSE,0.2060596348189649,"(1.51,Inf]"
G025_R382_C1145,G025_R391_C1142,2.3717082451262845,FALSE,0.07376018346132852,"(1.51,Inf]"
G025_R382_C1146,G025_R391_C1142,2.462214450449026,FALSE,0.009237196703022924,"(1.51,Inf]"
G025_R382_C1147,G025_R391_C1142,2.57390753524675,FALSE,-0.039491978995724264,"(1.51,Inf]"
G025_R383_C1132,G025_R391_C1142,3.2015621187164243,FALSE,0.6510634429450978,"(1.51,Inf]"
G025_R383_C1133,G025_R391_C1142,3.010398644698074,FALSE,0.6760210079315488,"(1.51,Inf]"
G025_R383_C1134,G025_R391_C1142,2.8284271247461903,FALSE,0.681067590252195,"(1.51,Inf]"
G025_R383_C1135,G025_R391_C1142,2.6575364531836625,FALSE,0.6866915808080131,"(1.51,Inf]"
G025_R383_C1136,G025_R391_C1142,2.5,FALSE,0.7359957957223349,"(1.51,Inf]"
G025_R383_C1137,G025_R391_C1142,2.358495283014151,FALSE,0.6948003307028684,"(1.51,Inf]"
G025_R383_C1139,G025_R391_C1142,2.1360009363293826,FALSE,0.7023964704275293,"(1.51,Inf]"
G025_R383_C1140,G025_R391_C1142,2.0615528128088303,FALSE,0.6505759279594333,"(1.51,Inf]"
G025_R383_C1141,G025_R391_C1142,2.0155644370746373,FALSE,0.5099519118695113,"(1.51,Inf]"
G025_R383_C1142,G025_R391_C1142,2,FALSE,0.43986490427705466,"(1.51,Inf]"
G025_R383_C1143,G025_R391_C1142,2.0155644370746373,FALSE,0.2585611714609874,"(1.51,Inf]"
G025_R383_C1144,G025_R391_C1142,2.0615528128088303,FALSE,-0.026205497545082453,"(1.51,Inf]"
G025_R383_C1145,G025_R391_C1142,2.1360009363293826,FALSE,-0.03437668849053893,"(1.51,Inf]"
G025_R383_C1146,G025_R391_C1142,2.23606797749979,FALSE,-0.18401086103048722,"(1.51,Inf]"
G025_R383_C1147,G025_R391_C1142,2.358495283014151,FALSE,-0.2640340531731746,"(1.51,Inf]"
G025_R384_C1132,G025_R391_C1142,3.0516389039334255,FALSE,0.6432882575885011,"(1.51,Inf]"
G025_R384_C1133,G025_R391_C1142,2.850438562747845,FALSE,0.6846673333626037,"(1.51,Inf]"
G025_R384_C1134,G025_R391_C1142,2.6575364531836625,FALSE,0.7082771019250204,"(1.51,Inf]"
G025_R384_C1135,G025_R391_C1142,2.4748737341529163,FALSE,0.7086043461938492,"(1.51,Inf]"
G025_R384_C1136,G025_R391_C1142,2.3048861143232218,FALSE,0.7380955429486326,"(1.51,Inf]"
G025_R384_C1137,G025_R391_C1142,2.1505813167606567,FALSE,0.7176000274374524,"(1.51,Inf]"
G025_R384_C1138,G025_R391_C1142,2.0155644370746373,FALSE,0.7164284763266299,"(1.51,Inf]"
G025_R384_C1139,G025_R391_C1142,1.9039432764659772,FALSE,0.7093176753742572,"(1.51,Inf]"
G025_R384_C1140,G025_R391_C1142,1.8200274723201295,FALSE,0.6343602850196575,"(1.51,Inf]"
G025_R384_C1141,G025_R391_C1142,1.7677669529663689,FALSE,0.5035206880315897,"(1.51,Inf]"
G025_R384_C1142,G025_R391_C1142,1.75,FALSE,0.3357225562741072,"(1.51,Inf]"
G025_R385_C1132,G025_R391_C1142,2.9154759474226504,FALSE,0.7177476437406236,"(1.51,Inf]"
G025_R385_C1133,G025_R391_C1142,2.704163456597992,FALSE,0.7264576806511173,"(1.51,Inf]"
G025_R385_C1134,G025_R391_C1142,2.5,FALSE,0.7253323472279875,"(1.51,Inf]"
G025_R385_C1135,G025_R391_C1142,2.3048861143232218,FALSE,0.7404259734989065,"(1.51,Inf]"
G025_R385_C1136,G025_R391_C1142,2.1213203435596424,FALSE,0.7577437871125333,"(1.51,Inf]"
G025_R385_C1137,G025_R391_C1142,1.9525624189766635,FALSE,0.7270469547623948,"(1.51,Inf]"
G025_R385_C1138,G025_R391_C1142,1.8027756377319946,FALSE,0.7233670951719038,"(1.51,Inf]"
G025_R385_C1139,G025_R391_C1142,1.6770509831248424,FALSE,0.6733184103221799,"(1.51,Inf]"
G025_R385_C1140,G025_R391_C1142,1.5811388300841898,FALSE,0.5568016915056938,"(1.51,Inf]"
G025_R385_C1141,G025_R391_C1142,1.5206906325745548,FALSE,0.46026876837085406,"(1.51,Inf]"
G025_R385_C1142,G025_R391_C1142,1.5,FALSE,0.35509568050311946,"(1.01,1.51]"
G025_R386_C1132,G025_R391_C1142,2.7950849718747373,FALSE,0.6870625048334608,"(1.51,Inf]"
G025_R386_C1133,G025_R391_C1142,2.57390753524675,FALSE,0.721348459448587,"(1.51,Inf]"
G025_R386_C1134,G025_R391_C1142,2.358495283014151,FALSE,0.7287213458605727,"(1.51,Inf]"
G025_R386_C1135,G025_R391_C1142,2.1505813167606567,FALSE,0.7534458288459365,"(1.51,Inf]"
G025_R386_C1136,G025_R391_C1142,1.9525624189766635,FALSE,0.7417169349857927,"(1.51,Inf]"
G025_R386_C1137,G025_R391_C1142,1.7677669529663689,FALSE,0.6969866883624175,"(1.51,Inf]"
G025_R386_C1138,G025_R391_C1142,1.6007810593582121,FALSE,0.6677081322008104,"(1.51,Inf]"
G025_R386_C1139,G025_R391_C1142,1.4577379737113252,FALSE,0.5869478970395096,"(1.01,1.51]"
G025_R386_C1141,G025_R391_C1142,1.2747548783981961,FALSE,0.47830600496192355,"(1.01,1.51]"
G025_R387_C1132,G025_R391_C1142,2.692582403567252,FALSE,0.7205340765387294,"(1.51,Inf]"
G025_R387_C1133,G025_R391_C1142,2.462214450449026,FALSE,0.7033848660832188,"(1.51,Inf]"
G025_R387_C1134,G025_R391_C1142,2.23606797749979,FALSE,0.7329101970488873,"(1.51,Inf]"
G025_R387_C1135,G025_R391_C1142,2.0155644370746373,FALSE,0.7191586778670712,"(1.51,Inf]"
G025_R387_C1136,G025_R391_C1142,1.8027756377319946,FALSE,0.7231821747207491,"(1.51,Inf]"
G025_R387_C1137,G025_R391_C1142,1.6007810593582121,FALSE,0.6794021464266292,"(1.51,Inf]"
G025_R387_C1138,G025_R391_C1142,1.4142135623730951,FALSE,0.654313125102347,"(1.01,1.51]"
G025_R387_C1139,G025_R391_C1142,1.25,FALSE,0.6495849761145832,"(1.01,1.51]"
G025_R387_C1140,G025_R391_C1142,1.118033988749895,FALSE,0.6440976644528741,"(1.01,1.51]"
G025_R387_C1141,G025_R391_C1142,1.0307764064044151,FALSE,0.5380445415907935,"(1.01,1.51]"
G025_R387_C1142,G025_R391_C1142,1,FALSE,0.41980757257476603,"(0.76,1.01]"
G025_R387_C1143,G025_R391_C1142,1.0307764064044151,FALSE,0.4113784380862079,"(1.01,1.51]"
G025_R388_C1132,G025_R391_C1142,2.6100766272276377,FALSE,0.7378553345465378,"(1.51,Inf]"
G025_R388_C1133,G025_R391_C1142,2.3717082451262845,FALSE,0.7137669446440794,"(1.51,Inf]"
G025_R388_C1134,G025_R391_C1142,2.1360009363293826,FALSE,0.7249942150141955,"(1.51,Inf]"
G025_R388_C1135,G025_R391_C1142,1.9039432764659772,FALSE,0.7153151325514303,"(1.51,Inf]"
G025_R388_C1136,G025_R391_C1142,1.6770509831248424,FALSE,0.7010706961046667,"(1.51,Inf]"
G025_R388_C1137,G025_R391_C1142,1.4577379737113252,FALSE,0.681649841645812,"(1.01,1.51]"
G025_R388_C1138,G025_R391_C1142,1.25,FALSE,0.667755202775553,"(1.01,1.51]"
G025_R388_C1139,G025_R391_C1142,1.0606601717798212,FALSE,0.7088443916868146,"(1.01,1.51]"
G025_R388_C1140,G025_R391_C1142,0.9013878188659973,FALSE,0.7128865776263608,"(0.76,1.01]"
G025_R388_C1141,G025_R391_C1142,0.7905694150420949,FALSE,0.7483664238618893,"(0.76,1.01]"
G025_R388_C1142,G025_R391_C1142,0.75,FALSE,0.7350053303968189,"(0.51,0.76]"
G025_R388_C1143,G025_R391_C1142,0.7905694150420949,FALSE,0.7297017562462732,"(0.76,1.01]"
G025_R388_C1144,G025_R391_C1142,0.9013878188659973,FALSE,0.6954662662886493,"(0.76,1.01]"
G025_R388_C1145,G025_R391_C1142,1.0606601717798212,FALSE,0.5288359431486692,"(1.01,1.51]"
G025_R389_C1132,G025_R391_C1142,2.5495097567963922,FALSE,0.694256272099346,"(1.51,Inf]"
G025_R389_C1133,G025_R391_C1142,2.3048861143232218,FALSE,0.6804607832008809,"(1.51,Inf]"
G025_R389_C1134,G025_R391_C1142,2.0615528128088303,FALSE,0.7015060988102848,"(1.51,Inf]"
G025_R389_C1135,G025_R391_C1142,1.8200274723201295,FALSE,0.691195952412341,"(1.51,Inf]"
G025_R389_C1136,G025_R391_C1142,1.5811388300841898,FALSE,0.6631403757077229,"(1.51,Inf]"
G025_R389_C1137,G025_R391_C1142,1.346291201783626,FALSE,0.6838861701412464,"(1.01,1.51]"
G025_R389_C1138,G025_R391_C1142,1.118033988749895,FALSE,0.6776182359040775,"(1.01,1.51]"
G025_R389_C1139,G025_R391_C1142,0.9013878188659973,FALSE,0.6928067460092698,"(0.76,1.01]"
G025_R389_C1140,G025_R391_C1142,0.7071067811865476,FALSE,0.7423499956855507,"(0.51,0.76]"
G025_R389_C1141,G025_R391_C1142,0.5590169943749475,FALSE,0.7757110595090981,"(0.51,0.76]"
G025_R389_C1142,G025_R391_C1142,0.5,FALSE,0.80883649733529706,"(0.26,0.51]"
G025_R389_C1143,G025_R391_C1142,0.5590169943749475,FALSE,0.8013560069213509,"(0.51,0.76]"
G025_R389_C1144,G025_R391_C1142,0.7071067811865476,FALSE,0.7746033457447651,"(0.51,0.76]"
G025_R389_C1145,G025_R391_C1142,0.9013878188659973,FALSE,0.631310883580645,"(0.76,1.01]"
G025_R390_C1132,G025_R391_C1142,2.5124689052802225,FALSE,0.6590962240186887,"(1.51,Inf]"
G025_R390_C1133,G025_R391_C1142,2.2638462845343543,FALSE,0.6717692672718049,"(1.51,Inf]"
G025_R390_C1134,G025_R391_C1142,2.0155644370746373,FALSE,0.7010877501919739,"(1.51,Inf]"
G025_R390_C1135,G025_R391_C1142,1.7677669529663689,FALSE,0.6693122069450417,"(1.51,Inf]"
G025_R390_C1136,G025_R391_C1142,1.5206906325745548,FALSE,0.6756421289331895,"(1.51,Inf]"
G025_R390_C1137,G025_R391_C1142,1.2747548783981961,FALSE,0.6835651892263775,"(1.01,1.51]"
G025_R390_C1138,G025_R391_C1142,1.0307764064044151,FALSE,0.7180406261054849,"(1.01,1.51]"
G025_R390_C1139,G025_R391_C1142,0.7905694150420949,FALSE,0.778630539481114,"(0.76,1.01]"
G025_R390_C1140,G025_R391_C1142,0.5590169943749475,FALSE,0.8379187063293257,"(0.51,0.76]"
G025_R390_C1141,G025_R391_C1142,0.3535533905932738,FALSE,0.874341465522735,"(0.26,0.51]"
G025_R390_C1142,G025_R391_C1142,0.25,TRUE,0.8989351867711581,"[0,0.26]"
G025_R390_C1143,G025_R391_C1142,0.3535533905932738,FALSE,0.87416105723248,"(0.26,0.51]"
G025_R390_C1144,G025_R391_C1142,0.5590169943749475,FALSE,0.8415882704732934,"(0.51,0.76]"
G025_R390_C1145,G025_R391_C1142,0.7905694150420949,FALSE,0.7804550567190326,"(0.76,1.01]"
G025_R390_C1146,G025_R391_C1142,1.0307764064044151,FALSE,0.7159218769788128,"(1.01,1.51]"
G025_R390_C1147,G025_R391_C1142,1.2747548783981961,FALSE,0.6789700377810224,"(1.01,1.51]"
G025_R391_C1132,G025_R391_C1142,2.5,FALSE,0.6337939312979194,"(1.51,Inf]"
G025_R391_C1133,G025_R391_C1142,2.25,FALSE,0.6260752263666198,"(1.51,Inf]"
G025_R391_C1134,G025_R391_C1142,2,FALSE,0.6308963127278225,"(1.51,Inf]"
G025_R391_C1135,G025_R391_C1142,1.75,FALSE,0.6610923109575156,"(1.51,Inf]"
G025_R391_C1136,G025_R391_C1142,1.5,FALSE,0.6894556194834999,"(1.01,1.51]"
G025_R391_C1137,G025_R391_C1142,1.25,FALSE,0.7262949109279335,"(1.01,1.51]"
G025_R391_C1138,G025_R391_C1142,1,FALSE,0.7575831361965518,"(0.76,1.01]"
G025_R391_C1139,G025_R391_C1142,0.75,FALSE,0.7962893457019538,"(0.51,0.76]"
G025_R391_C1140,G025_R391_C1142,0.5,FALSE,0.8640571977985465,"(0.26,0.51]"
G025_R391_C1141,G025_R391_C1142,0.25,TRUE,0.9328279466813046,"[0,0.26]"
G025_R380_C1132,G025_R391_C1143,3.8890872965260113,FALSE,0.5857349898340395,"(1.51,Inf]"
G025_R380_C1133,G025_R391_C1143,3.7165171868296265,FALSE,0.5582694306027526,"(1.51,Inf]"
G025_R380_C1134,G025_R391_C1143,3.553167600887974,FALSE,0.49941747711804263,"(1.51,Inf]"
G025_R380_C1135,G025_R391_C1143,3.400367627183861,FALSE,0.46825511594506525,"(1.51,Inf]"
G025_R380_C1143,G025_R391_C1143,2.75,FALSE,-0.007224999058659716,"(1.51,Inf]"
G025_R380_C1144,G025_R391_C1143,2.7613402542968153,FALSE,0.1758277123103887,"(1.51,Inf]"
G025_R380_C1145,G025_R391_C1143,2.7950849718747373,FALSE,0.07315246914635468,"(1.51,Inf]"
G025_R380_C1146,G025_R391_C1143,2.850438562747845,FALSE,-0.007775173159841976,"(1.51,Inf]"
G025_R380_C1147,G025_R391_C1143,2.9261749776799064,FALSE,-0.01815703393778672,"(1.51,Inf]"
G025_R381_C1132,G025_R391_C1143,3.7165171868296265,FALSE,0.5867754164210514,"(1.51,Inf]"
G025_R381_C1133,G025_R391_C1143,3.5355339059327378,FALSE,0.6074210335916311,"(1.51,Inf]"
G025_R381_C1134,G025_R391_C1143,3.3634060117684275,FALSE,0.6477523064697638,"(1.51,Inf]"
G025_R381_C1135,G025_R391_C1143,3.2015621187164243,FALSE,0.6136266587781538,"(1.51,Inf]"
G025_R381_C1143,G025_R391_C1143,2.5,FALSE,0.0032565209829609532,"(1.51,Inf]"
G025_R381_C1144,G025_R391_C1143,2.5124689052802225,FALSE,0.25431886847019614,"(1.51,Inf]"
G025_R381_C1145,G025_R391_C1143,2.5495097567963922,FALSE,0.1368900211262148,"(1.51,Inf]"
G025_R381_C1146,G025_R391_C1143,2.6100766272276377,FALSE,0.09239766140613043,"(1.51,Inf]"
G025_R381_C1147,G025_R391_C1143,2.692582403567252,FALSE,0.06715282776227496,"(1.51,Inf]"
G025_R382_C1132,G025_R391_C1143,3.553167600887974,FALSE,0.6100482126590735,"(1.51,Inf]"
G025_R382_C1133,G025_R391_C1143,3.3634060117684275,FALSE,0.6166117056547749,"(1.51,Inf]"
G025_R382_C1134,G025_R391_C1143,3.181980515339464,FALSE,0.6505778528943461,"(1.51,Inf]"
G025_R382_C1135,G025_R391_C1143,3.010398644698074,FALSE,0.6705256683636436,"(1.51,Inf]"
G025_R382_C1136,G025_R391_C1143,2.850438562747845,FALSE,0.6540495801679735,"(1.51,Inf]"
G025_R382_C1138,G025_R391_C1143,2.57390753524675,FALSE,0.0947985024067747,"(1.51,Inf]"
G025_R382_C1141,G025_R391_C1143,2.3048861143232218,FALSE,0.24594142839438646,"(1.51,Inf]"
G025_R382_C1143,G025_R391_C1143,2.25,FALSE,0.09691674058717088,"(1.51,Inf]"
G025_R382_C1144,G025_R391_C1143,2.2638462845343543,FALSE,0.15915781172467514,"(1.51,Inf]"
G025_R382_C1145,G025_R391_C1143,2.3048861143232218,FALSE,0.050850735107833646,"(1.51,Inf]"
G025_R382_C1146,G025_R391_C1143,2.3717082451262845,FALSE,-0.017103334375624012,"(1.51,Inf]"
G025_R382_C1147,G025_R391_C1143,2.462214450449026,FALSE,-0.01697700448899733,"(1.51,Inf]"
G025_R383_C1132,G025_R391_C1143,3.400367627183861,FALSE,0.6346949186960625,"(1.51,Inf]"
G025_R383_C1133,G025_R391_C1143,3.2015621187164243,FALSE,0.6647568633174014,"(1.51,Inf]"
G025_R383_C1134,G025_R391_C1143,3.010398644698074,FALSE,0.6465481600787998,"(1.51,Inf]"
G025_R383_C1135,G025_R391_C1143,2.8284271247461903,FALSE,0.6455597156162449,"(1.51,Inf]"
G025_R383_C1136,G025_R391_C1143,2.6575364531836625,FALSE,0.7227084091875912,"(1.51,Inf]"
G025_R383_C1137,G025_R391_C1143,2.5,FALSE,0.6544482720840331,"(1.51,Inf]"
G025_R383_C1139,G025_R391_C1143,2.23606797749979,FALSE,0.6544055481930274,"(1.51,Inf]"
G025_R383_C1140,G025_R391_C1143,2.1360009363293826,FALSE,0.6260775224077222,"(1.51,Inf]"
G025_R383_C1141,G025_R391_C1143,2.0615528128088303,FALSE,0.45195261428056266,"(1.51,Inf]"
G025_R383_C1142,G025_R391_C1143,2.0155644370746373,FALSE,0.384202423744665,"(1.51,Inf]"
G025_R383_C1143,G025_R391_C1143,2,FALSE,0.17953105856352722,"(1.51,Inf]"
G025_R383_C1144,G025_R391_C1143,2.0155644370746373,FALSE,-0.038847195603286144,"(1.51,Inf]"
G025_R383_C1145,G025_R391_C1143,2.0615528128088303,FALSE,-0.06692017721611145,"(1.51,Inf]"
G025_R383_C1146,G025_R391_C1143,2.1360009363293826,FALSE,-0.22218965901798246,"(1.51,Inf]"
G025_R383_C1147,G025_R391_C1143,2.23606797749979,FALSE,-0.286120182645244,"(1.51,Inf]"
G025_R384_C1132,G025_R391_C1143,3.2596012026013246,FALSE,0.626939416418093,"(1.51,Inf]"
G025_R384_C1133,G025_R391_C1143,3.0516389039334255,FALSE,0.672710849149184,"(1.51,Inf]"
G025_R384_C1134,G025_R391_C1143,2.850438562747845,FALSE,0.7094747855989749,"(1.51,Inf]"
G025_R384_C1135,G025_R391_C1143,2.6575364531836625,FALSE,0.6736079600699442,"(1.51,Inf]"
G025_R384_C1136,G025_R391_C1143,2.4748737341529163,FALSE,0.7020891059563379,"(1.51,Inf]"
G025_R384_C1137,G025_R391_C1143,2.3048861143232218,FALSE,0.6771717083391026,"(1.51,Inf]"
G025_R384_C1138,G025_R391_C1143,2.1505813167606567,FALSE,0.687310812597549,"(1.51,Inf]"
G025_R384_C1139,G025_R391_C1143,2.0155644370746373,FALSE,0.6738672242117887,"(1.51,Inf]"
G025_R384_C1140,G025_R391_C1143,1.9039432764659772,FALSE,0.5862793470606336,"(1.51,Inf]"
G025_R384_C1141,G025_R391_C1143,1.8200274723201295,FALSE,0.44763267720951416,"(1.51,Inf]"
G025_R384_C1142,G025_R391_C1143,1.7677669529663689,FALSE,0.2799029674446951,"(1.51,Inf]"
G025_R385_C1132,G025_R391_C1143,3.132491021535417,FALSE,0.7069048862843786,"(1.51,Inf]"
G025_R385_C1133,G025_R391_C1143,2.9154759474226504,FALSE,0.6919100752084033,"(1.51,Inf]"
G025_R385_C1134,G025_R391_C1143,2.704163456597992,FALSE,0.6925414218159792,"(1.51,Inf]"
G025_R385_C1135,G025_R391_C1143,2.5,FALSE,0.7123473659509125,"(1.51,Inf]"
G025_R385_C1136,G025_R391_C1143,2.3048861143232218,FALSE,0.7231685743868153,"(1.51,Inf]"
G025_R385_C1137,G025_R391_C1143,2.1213203435596424,FALSE,0.697024287006259,"(1.51,Inf]"
G025_R385_C1138,G025_R391_C1143,1.9525624189766635,FALSE,0.6860719145293493,"(1.51,Inf]"
G025_R385_C1139,G025_R391_C1143,1.8027756377319946,FALSE,0.637073818996687,"(1.51,Inf]"
G025_R385_C1140,G025_R391_C1143,1.6770509831248424,FALSE,0.5078886390312182,"(1.51,Inf]"
G025_R385_C1141,G025_R391_C1143,1.5811388300841898,FALSE,0.41793790004547693,"(1.51,Inf]"
G025_R385_C1142,G025_R391_C1143,1.5206906325745548,FALSE,0.3558883253029965,"(1.51,Inf]"
G025_R386_C1132,G025_R391_C1143,3.020761493398643,FALSE,0.6686042706380644,"(1.51,Inf]"
G025_R386_C1133,G025_R391_C1143,2.7950849718747373,FALSE,0.7002581009849729,"(1.51,Inf]"
G025_R386_C1134,G025_R391_C1143,2.57390753524675,FALSE,0.7115249682712731,"(1.51,Inf]"
G025_R386_C1135,G025_R391_C1143,2.358495283014151,FALSE,0.7250369671355883,"(1.51,Inf]"
G025_R386_C1136,G025_R391_C1143,2.1505813167606567,FALSE,0.7052739822837767,"(1.51,Inf]"
G025_R386_C1137,G025_R391_C1143,1.9525624189766635,FALSE,0.6655630840307195,"(1.51,Inf]"
G025_R386_C1138,G025_R391_C1143,1.7677669529663689,FALSE,0.6535913105990074,"(1.51,Inf]"
G025_R386_C1139,G025_R391_C1143,1.6007810593582121,FALSE,0.576057532036182,"(1.51,Inf]"
G025_R386_C1141,G025_R391_C1143,1.346291201783626,FALSE,0.4486337089174533,"(1.01,1.51]"
G025_R387_C1132,G025_R391_C1143,2.9261749776799064,FALSE,0.6746230289025322,"(1.51,Inf]"
G025_R387_C1133,G025_R391_C1143,2.692582403567252,FALSE,0.67045317311402,"(1.51,Inf]"
G025_R387_C1134,G025_R391_C1143,2.462214450449026,FALSE,0.6909295861872473,"(1.51,Inf]"
G025_R387_C1135,G025_R391_C1143,2.23606797749979,FALSE,0.706095040363552,"(1.51,Inf]"
G025_R387_C1136,G025_R391_C1143,2.0155644370746373,FALSE,0.6896736475808766,"(1.51,Inf]"
G025_R387_C1137,G025_R391_C1143,1.8027756377319946,FALSE,0.6429574474157209,"(1.51,Inf]"
G025_R387_C1138,G025_R391_C1143,1.6007810593582121,FALSE,0.6182615665075715,"(1.51,Inf]"
G025_R387_C1139,G025_R391_C1143,1.4142135623730951,FALSE,0.5994096803258196,"(1.01,1.51]"
G025_R387_C1140,G025_R391_C1143,1.25,FALSE,0.5837699478725885,"(1.01,1.51]"
G025_R387_C1141,G025_R391_C1143,1.118033988749895,FALSE,0.5442869659121145,"(1.01,1.51]"
G025_R387_C1142,G025_R391_C1143,1.0307764064044151,FALSE,0.40225519307000995,"(1.01,1.51]"
G025_R387_C1143,G025_R391_C1143,1,FALSE,0.39157635749247394,"(0.76,1.01]"
G025_R388_C1132,G025_R391_C1143,2.850438562747845,FALSE,0.7105280776872844,"(1.51,Inf]"
G025_R388_C1133,G025_R391_C1143,2.6100766272276377,FALSE,0.6921929731461125,"(1.51,Inf]"
G025_R388_C1134,G025_R391_C1143,2.3717082451262845,FALSE,0.7009381029429917,"(1.51,Inf]"
G025_R388_C1135,G025_R391_C1143,2.1360009363293826,FALSE,0.6871863317125791,"(1.51,Inf]"
G025_R388_C1136,G025_R391_C1143,1.9039432764659772,FALSE,0.6740747335828184,"(1.51,Inf]"
G025_R388_C1137,G025_R391_C1143,1.6770509831248424,FALSE,0.6520265337910357,"(1.51,Inf]"
G025_R388_C1138,G025_R391_C1143,1.4577379737113252,FALSE,0.6386441461971805,"(1.01,1.51]"
G025_R388_C1139,G025_R391_C1143,1.25,FALSE,0.657394023457519,"(1.01,1.51]"
G025_R388_C1140,G025_R391_C1143,1.0606601717798212,FALSE,0.6656700487799432,"(1.01,1.51]"
G025_R388_C1141,G025_R391_C1143,0.9013878188659973,FALSE,0.7004589876838881,"(0.76,1.01]"
G025_R388_C1142,G025_R391_C1143,0.7905694150420949,FALSE,0.6913733801488948,"(0.76,1.01]"
G025_R388_C1143,G025_R391_C1143,0.75,FALSE,0.6775334254067436,"(0.51,0.76]"
G025_R388_C1144,G025_R391_C1143,0.7905694150420949,FALSE,0.6533594851402437,"(0.76,1.01]"
G025_R388_C1145,G025_R391_C1143,0.9013878188659973,FALSE,0.5088870467589204,"(0.76,1.01]"
G025_R389_C1132,G025_R391_C1143,2.7950849718747373,FALSE,0.6838826619674849,"(1.51,Inf]"
G025_R389_C1133,G025_R391_C1143,2.5495097567963922,FALSE,0.6634905563753397,"(1.51,Inf]"
G025_R389_C1134,G025_R391_C1143,2.3048861143232218,FALSE,0.6764894328788759,"(1.51,Inf]"
G025_R389_C1135,G025_R391_C1143,2.0615528128088303,FALSE,0.65926252869961,"(1.51,Inf]"
G025_R389_C1136,G025_R391_C1143,1.8200274723201295,FALSE,0.6333002313178923,"(1.51,Inf]"
G025_R389_C1137,G025_R391_C1143,1.5811388300841898,FALSE,0.668586351755931,"(1.51,Inf]"
G025_R389_C1138,G025_R391_C1143,1.346291201783626,FALSE,0.6602579554626151,"(1.01,1.51]"
G025_R389_C1139,G025_R391_C1143,1.118033988749895,FALSE,0.6828562497582605,"(1.01,1.51]"
G025_R389_C1140,G025_R391_C1143,0.9013878188659973,FALSE,0.6975054681807894,"(0.76,1.01]"
G025_R389_C1141,G025_R391_C1143,0.7071067811865476,FALSE,0.7352297111725423,"(0.51,0.76]"
G025_R389_C1142,G025_R391_C1143,0.5590169943749475,FALSE,0.7763420402744271,"(0.51,0.76]"
G025_R389_C1143,G025_R391_C1143,0.5,FALSE,0.7646602215412818,"(0.26,0.51]"
G025_R389_C1144,G025_R391_C1143,0.5590169943749475,FALSE,0.7583753681674713,"(0.51,0.76]"
G025_R389_C1145,G025_R391_C1143,0.7071067811865476,FALSE,0.6215729562982206,"(0.51,0.76]"
G025_R390_C1132,G025_R391_C1143,2.7613402542968153,FALSE,0.6691392388166955,"(1.51,Inf]"
G025_R390_C1133,G025_R391_C1143,2.5124689052802225,FALSE,0.6604880229094258,"(1.51,Inf]"
G025_R390_C1134,G025_R391_C1143,2.2638462845343543,FALSE,0.6774788267770051,"(1.51,Inf]"
G025_R390_C1135,G025_R391_C1143,2.0155644370746373,FALSE,0.6575248989720963,"(1.51,Inf]"
G025_R390_C1136,G025_R391_C1143,1.7677669529663689,FALSE,0.6498937631121077,"(1.51,Inf]"
G025_R390_C1137,G025_R391_C1143,1.5206906325745548,FALSE,0.6711213904130975,"(1.51,Inf]"
G025_R390_C1138,G025_R391_C1143,1.2747548783981961,FALSE,0.6900431165741042,"(1.01,1.51]"
G025_R390_C1139,G025_R391_C1143,1.0307764064044151,FALSE,0.7351584552974437,"(1.01,1.51]"
G025_R390_C1140,G025_R391_C1143,0.7905694150420949,FALSE,0.7825556569892475,"(0.76,1.01]"
G025_R390_C1141,G025_R391_C1143,0.5590169943749475,FALSE,0.8010160236683475,"(0.51,0.76]"
G025_R390_C1142,G025_R391_C1143,0.3535533905932738,FALSE,0.8431200522385212,"(0.26,0.51]"
G025_R390_C1143,G025_R391_C1143,0.25,TRUE,0.8929691862402882,"[0,0.26]"
G025_R390_C1144,G025_R391_C1143,0.3535533905932738,FALSE,0.8466642168955698,"(0.26,0.51]"
G025_R390_C1145,G025_R391_C1143,0.5590169943749475,FALSE,0.7774632104608618,"(0.51,0.76]"
G025_R390_C1146,G025_R391_C1143,0.7905694150420949,FALSE,0.7217710891211698,"(0.76,1.01]"
G025_R390_C1147,G025_R391_C1143,1.0307764064044151,FALSE,0.6878551975363483,"(1.01,1.51]"
G025_R391_C1132,G025_R391_C1143,2.75,FALSE,0.6247287795684513,"(1.51,Inf]"
G025_R391_C1133,G025_R391_C1143,2.5,FALSE,0.6130775046922994,"(1.51,Inf]"
G025_R391_C1134,G025_R391_C1143,2.25,FALSE,0.622403241617315,"(1.51,Inf]"
G025_R391_C1135,G025_R391_C1143,2,FALSE,0.636584757800757,"(1.51,Inf]"
G025_R391_C1136,G025_R391_C1143,1.75,FALSE,0.6604038508596003,"(1.51,Inf]"
G025_R391_C1137,G025_R391_C1143,1.5,FALSE,0.6974321243663719,"(1.01,1.51]"
G025_R391_C1138,G025_R391_C1143,1.25,FALSE,0.7226846479294691,"(1.01,1.51]"
G025_R391_C1139,G025_R391_C1143,1,FALSE,0.7483205291250727,"(0.76,1.01]"
G025_R391_C1140,G025_R391_C1143,0.75,FALSE,0.7987802924536628,"(0.51,0.76]"
G025_R391_C1141,G025_R391_C1143,0.5,FALSE,0.8553216418096119,"(0.26,0.51]"
G025_R391_C1142,G025_R391_C1143,0.25,TRUE,0.9258235654153902,"[0,0.26]"
G025_R380_C1132,G025_R391_C1144,4.0697051490249265,FALSE,0.5790827715701365,"(1.51,Inf]"
G025_R380_C1133,G025_R391_C1144,3.8890872965260113,FALSE,0.5582817614524492,"(1.51,Inf]"
G025_R380_C1134,G025_R391_C1144,3.7165171868296265,FALSE,0.5002671441439356,"(1.51,Inf]"
G025_R380_C1135,G025_R391_C1144,3.553167600887974,FALSE,0.4647566577276725,"(1.51,Inf]"
G025_R380_C1143,G025_R391_C1144,2.7613402542968153,FALSE,0.04537354854183807,"(1.51,Inf]"
G025_R380_C1144,G025_R391_C1144,2.75,FALSE,0.21521428135598003,"(1.51,Inf]"
G025_R380_C1145,G025_R391_C1144,2.7613402542968153,FALSE,0.12440462926054657,"(1.51,Inf]"
G025_R380_C1146,G025_R391_C1144,2.7950849718747373,FALSE,0.043524037215079824,"(1.51,Inf]"
G025_R380_C1147,G025_R391_C1144,2.850438562747845,FALSE,0.013320958881002069,"(1.51,Inf]"
G025_R381_C1132,G025_R391_C1144,3.905124837953327,FALSE,0.593935724855643,"(1.51,Inf]"
G025_R381_C1133,G025_R391_C1144,3.7165171868296265,FALSE,0.6108757032132224,"(1.51,Inf]"
G025_R381_C1134,G025_R391_C1144,3.5355339059327378,FALSE,0.6422748248658902,"(1.51,Inf]"
G025_R381_C1135,G025_R391_C1144,3.3634060117684275,FALSE,0.6223665578514496,"(1.51,Inf]"
G025_R381_C1143,G025_R391_C1144,2.5124689052802225,FALSE,-0.009125723494464777,"(1.51,Inf]"
G025_R381_C1144,G025_R391_C1144,2.5,FALSE,0.3099011030007158,"(1.51,Inf]"
G025_R381_C1145,G025_R391_C1144,2.5124689052802225,FALSE,0.18046059532139924,"(1.51,Inf]"
G025_R381_C1146,G025_R391_C1144,2.5495097567963922,FALSE,0.13570891679055958,"(1.51,Inf]"
G025_R381_C1147,G025_R391_C1144,2.6100766272276377,FALSE,0.0994310930257683,"(1.51,Inf]"
G025_R382_C1132,G025_R391_C1144,3.75,FALSE,0.6284526243554384,"(1.51,Inf]"
G025_R382_C1133,G025_R391_C1144,3.553167600887974,FALSE,0.6244407785978588,"(1.51,Inf]"
G025_R382_C1134,G025_R391_C1144,3.3634060117684275,FALSE,0.6536146902965831,"(1.51,Inf]"
G025_R382_C1135,G025_R391_C1144,3.181980515339464,FALSE,0.6752479747267336,"(1.51,Inf]"
G025_R382_C1136,G025_R391_C1144,3.010398644698074,FALSE,0.6608602710851355,"(1.51,Inf]"
G025_R382_C1138,G025_R391_C1144,2.704163456597992,FALSE,0.0983110301028905,"(1.51,Inf]"
G025_R382_C1141,G025_R391_C1144,2.3717082451262845,FALSE,0.276390488682259,"(1.51,Inf]"
G025_R382_C1143,G025_R391_C1144,2.2638462845343543,FALSE,0.10791299686544988,"(1.51,Inf]"
G025_R382_C1144,G025_R391_C1144,2.25,FALSE,0.17207740998123663,"(1.51,Inf]"
G025_R382_C1145,G025_R391_C1144,2.2638462845343543,FALSE,0.0659378947259302,"(1.51,Inf]"
G025_R382_C1146,G025_R391_C1144,2.3048861143232218,FALSE,-0.024975848078622343,"(1.51,Inf]"
G025_R382_C1147,G025_R391_C1144,2.3717082451262845,FALSE,0.006651387151820625,"(1.51,Inf]"
G025_R383_C1132,G025_R391_C1144,3.605551275463989,FALSE,0.6471785157388842,"(1.51,Inf]"
G025_R383_C1133,G025_R391_C1144,3.400367627183861,FALSE,0.6703871870941207,"(1.51,Inf]"
G025_R383_C1134,G025_R391_C1144,3.2015621187164243,FALSE,0.6511811253989263,"(1.51,Inf]"
G025_R383_C1135,G025_R391_C1144,3.010398644698074,FALSE,0.6506910377008643,"(1.51,Inf]"
G025_R383_C1136,G025_R391_C1144,2.8284271247461903,FALSE,0.7189398178116345,"(1.51,Inf]"
G025_R383_C1137,G025_R391_C1144,2.6575364531836625,FALSE,0.6694301527227217,"(1.51,Inf]"
G025_R383_C1139,G025_R391_C1144,2.358495283014151,FALSE,0.6812958438106789,"(1.51,Inf]"
G025_R383_C1140,G025_R391_C1144,2.23606797749979,FALSE,0.6514429208756319,"(1.51,Inf]"
G025_R383_C1141,G025_R391_C1144,2.1360009363293826,FALSE,0.5031148607748093,"(1.51,Inf]"
G025_R383_C1142,G025_R391_C1144,2.0615528128088303,FALSE,0.39350657959363805,"(1.51,Inf]"
G025_R383_C1143,G025_R391_C1144,2.0155644370746373,FALSE,0.17994837139095574,"(1.51,Inf]"
G025_R383_C1144,G025_R391_C1144,2,FALSE,-0.07826854588238175,"(1.51,Inf]"
G025_R383_C1145,G025_R391_C1144,2.0155644370746373,FALSE,-0.07638013435759812,"(1.51,Inf]"
G025_R383_C1146,G025_R391_C1144,2.0615528128088303,FALSE,-0.21189417301534605,"(1.51,Inf]"
G025_R383_C1147,G025_R391_C1144,2.1360009363293826,FALSE,-0.2508352897351902,"(1.51,Inf]"
G025_R384_C1132,G025_R391_C1144,3.473110997362451,FALSE,0.6444252657758133,"(1.51,Inf]"
G025_R384_C1133,G025_R391_C1144,3.2596012026013246,FALSE,0.6871926864396112,"(1.51,Inf]"
G025_R384_C1134,G025_R391_C1144,3.0516389039334255,FALSE,0.7107022334663029,"(1.51,Inf]"
G025_R384_C1135,G025_R391_C1144,2.850438562747845,FALSE,0.6745809295312566,"(1.51,Inf]"
G025_R384_C1136,G025_R391_C1144,2.6575364531836625,FALSE,0.7158500725699695,"(1.51,Inf]"
G025_R384_C1137,G025_R391_C1144,2.4748737341529163,FALSE,0.706358798566074,"(1.51,Inf]"
G025_R384_C1138,G025_R391_C1144,2.3048861143232218,FALSE,0.7087870326704765,"(1.51,Inf]"
G025_R384_C1139,G025_R391_C1144,2.1505813167606567,FALSE,0.7033664646595246,"(1.51,Inf]"
G025_R384_C1140,G025_R391_C1144,2.0155644370746373,FALSE,0.6172058598838196,"(1.51,Inf]"
G025_R384_C1141,G025_R391_C1144,1.9039432764659772,FALSE,0.4863702480155957,"(1.51,Inf]"
G025_R384_C1142,G025_R391_C1144,1.8200274723201295,FALSE,0.29722201548868843,"(1.51,Inf]"
G025_R385_C1132,G025_R391_C1144,3.3541019662496847,FALSE,0.7279615724096125,"(1.51,Inf]"
G025_R385_C1133,G025_R391_C1144,3.132491021535417,FALSE,0.7052006776455716,"(1.51,Inf]"
G025_R385_C1134,G025_R391_C1144,2.9154759474226504,FALSE,0.7006774814934846,"(1.51,Inf]"
G025_R385_C1135,G025_R391_C1144,2.704163456597992,FALSE,0.72308716086336,"(1.51,Inf]"
G025_R385_C1136,G025_R391_C1144,2.5,FALSE,0.7333916590939178,"(1.51,Inf]"
G025_R385_C1137,G025_R391_C1144,2.3048861143232218,FALSE,0.7234033778129223,"(1.51,Inf]"
G025_R385_C1138,G025_R391_C1144,2.1213203435596424,FALSE,0.7177068480279514,"(1.51,Inf]"
G025_R385_C1139,G025_R391_C1144,1.9525624189766635,FALSE,0.6696068081699041,"(1.51,Inf]"
G025_R385_C1140,G025_R391_C1144,1.8027756377319946,FALSE,0.5385766183937767,"(1.51,Inf]"
G025_R385_C1141,G025_R391_C1144,1.6770509831248424,FALSE,0.44582881429009963,"(1.51,Inf]"
G025_R385_C1142,G025_R391_C1144,1.5811388300841898,FALSE,0.3693521969207793,"(1.51,Inf]"
G025_R386_C1132,G025_R391_C1144,3.25,FALSE,0.6894218056322907,"(1.51,Inf]"
G025_R386_C1133,G025_R391_C1144,3.020761493398643,FALSE,0.7167881629069517,"(1.51,Inf]"
G025_R386_C1134,G025_R391_C1144,2.7950849718747373,FALSE,0.7163557239189615,"(1.51,Inf]"
G025_R386_C1135,G025_R391_C1144,2.57390753524675,FALSE,0.7395930957929616,"(1.51,Inf]"
G025_R386_C1136,G025_R391_C1144,2.358495283014151,FALSE,0.7324887066704581,"(1.51,Inf]"
G025_R386_C1137,G025_R391_C1144,2.1505813167606567,FALSE,0.6986216179756952,"(1.51,Inf]"
G025_R386_C1138,G025_R391_C1144,1.9525624189766635,FALSE,0.6826264096194825,"(1.51,Inf]"
G025_R386_C1139,G025_R391_C1144,1.7677669529663689,FALSE,0.605224386962697,"(1.51,Inf]"
G025_R386_C1141,G025_R391_C1144,1.4577379737113252,FALSE,0.4633303867829655,"(1.01,1.51]"
G025_R387_C1132,G025_R391_C1144,3.1622776601683795,FALSE,0.7086305198498514,"(1.51,Inf]"
G025_R387_C1133,G025_R391_C1144,2.9261749776799064,FALSE,0.6954779615334448,"(1.51,Inf]"
G025_R387_C1134,G025_R391_C1144,2.692582403567252,FALSE,0.7222253547036477,"(1.51,Inf]"
G025_R387_C1135,G025_R391_C1144,2.462214450449026,FALSE,0.736511193841848,"(1.51,Inf]"
G025_R387_C1136,G025_R391_C1144,2.23606797749979,FALSE,0.7261129669612442,"(1.51,Inf]"
G025_R387_C1137,G025_R391_C1144,2.0155644370746373,FALSE,0.6968097228011055,"(1.51,Inf]"
G025_R387_C1138,G025_R391_C1144,1.8027756377319946,FALSE,0.6613248967349812,"(1.51,Inf]"
G025_R387_C1139,G025_R391_C1144,1.6007810593582121,FALSE,0.6277615177355058,"(1.51,Inf]"
G025_R387_C1140,G025_R391_C1144,1.4142135623730951,FALSE,0.6143200379383931,"(1.01,1.51]"
G025_R387_C1141,G025_R391_C1144,1.25,FALSE,0.5678891143355831,"(1.01,1.51]"
G025_R387_C1142,G025_R391_C1144,1.118033988749895,FALSE,0.39986312029046933,"(1.01,1.51]"
G025_R387_C1143,G025_R391_C1144,1.0307764064044151,FALSE,0.40599084083041775,"(1.01,1.51]"
G025_R388_C1132,G025_R391_C1144,3.092329219213245,FALSE,0.7340158188616083,"(1.51,Inf]"
G025_R388_C1133,G025_R391_C1144,2.850438562747845,FALSE,0.7164909113677124,"(1.51,Inf]"
G025_R388_C1134,G025_R391_C1144,2.6100766272276377,FALSE,0.7234879094713584,"(1.51,Inf]"
G025_R388_C1135,G025_R391_C1144,2.3717082451262845,FALSE,0.7286821175161501,"(1.51,Inf]"
G025_R388_C1136,G025_R391_C1144,2.1360009363293826,FALSE,0.7222580651880556,"(1.51,Inf]"
G025_R388_C1137,G025_R391_C1144,1.9039432764659772,FALSE,0.6897109875506144,"(1.51,Inf]"
G025_R388_C1138,G025_R391_C1144,1.6770509831248424,FALSE,0.6622061273149835,"(1.51,Inf]"
G025_R388_C1139,G025_R391_C1144,1.4577379737113252,FALSE,0.6768007172116869,"(1.01,1.51]"
G025_R388_C1140,G025_R391_C1144,1.25,FALSE,0.6785748561354599,"(1.01,1.51]"
G025_R388_C1141,G025_R391_C1144,1.0606601717798212,FALSE,0.7167010415903836,"(1.01,1.51]"
G025_R388_C1142,G025_R391_C1144,0.9013878188659973,FALSE,0.707875583718839,"(0.76,1.01]"
G025_R388_C1143,G025_R391_C1144,0.7905694150420949,FALSE,0.7016480048479748,"(0.76,1.01]"
G025_R388_C1144,G025_R391_C1144,0.75,FALSE,0.6756432929250321,"(0.51,0.76]"
G025_R388_C1145,G025_R391_C1144,0.7905694150420949,FALSE,0.5260455429627402,"(0.76,1.01]"
G025_R389_C1132,G025_R391_C1144,3.0413812651491097,FALSE,0.7221055738136178,"(1.51,Inf]"
G025_R389_C1133,G025_R391_C1144,2.7950849718747373,FALSE,0.7024292602409912,"(1.51,Inf]"
G025_R389_C1134,G025_R391_C1144,2.5495097567963922,FALSE,0.7117042107927916,"(1.51,Inf]"
G025_R389_C1135,G025_R391_C1144,2.3048861143232218,FALSE,0.6948294477637562,"(1.51,Inf]"
G025_R389_C1136,G025_R391_C1144,2.0615528128088303,FALSE,0.6667767572884236,"(1.51,Inf]"
G025_R389_C1137,G025_R391_C1144,1.8200274723201295,FALSE,0.6987863307127913,"(1.51,Inf]"
G025_R389_C1138,G025_R391_C1144,1.5811388300841898,FALSE,0.6816758835664225,"(1.51,Inf]"
G025_R389_C1139,G025_R391_C1144,1.346291201783626,FALSE,0.6939059730549648,"(1.01,1.51]"
G025_R389_C1140,G025_R391_C1144,1.118033988749895,FALSE,0.7086506980039363,"(1.01,1.51]"
G025_R389_C1141,G025_R391_C1144,0.9013878188659973,FALSE,0.7514790542738625,"(0.76,1.01]"
G025_R389_C1142,G025_R391_C1144,0.7071067811865476,FALSE,0.7931039102945603,"(0.51,0.76]"
G025_R389_C1143,G025_R391_C1144,0.5590169943749475,FALSE,0.7853611500592697,"(0.51,0.76]"
G025_R389_C1144,G025_R391_C1144,0.5,FALSE,0.7801190368385875,"(0.26,0.51]"
G025_R389_C1145,G025_R391_C1144,0.5590169943749475,FALSE,0.6482308221315312,"(0.51,0.76]"
G025_R390_C1132,G025_R391_C1144,3.010398644698074,FALSE,0.6926344467417638,"(1.51,Inf]"
G025_R390_C1133,G025_R391_C1144,2.7613402542968153,FALSE,0.6909462464534358,"(1.51,Inf]"
G025_R390_C1134,G025_R391_C1144,2.5124689052802225,FALSE,0.7026334764632715,"(1.51,Inf]"
G025_R390_C1135,G025_R391_C1144,2.2638462845343543,FALSE,0.6849889488339227,"(1.51,Inf]"
G025_R390_C1136,G025_R391_C1144,2.0155644370746373,FALSE,0.6810408326925518,"(1.51,Inf]"
G025_R390_C1137,G025_R391_C1144,1.7677669529663689,FALSE,0.6915987016949297,"(1.51,Inf]"
G025_R390_C1138,G025_R391_C1144,1.5206906325745548,FALSE,0.6958082234727078,"(1.51,Inf]"
G025_R390_C1139,G025_R391_C1144,1.2747548783981961,FALSE,0.7362215476644852,"(1.01,1.51]"
G025_R390_C1140,G025_R391_C1144,1.0307764064044151,FALSE,0.782029831854236,"(1.01,1.51]"
G025_R390_C1141,G025_R391_C1144,0.7905694150420949,FALSE,0.8103349261968092,"(0.76,1.01]"
G025_R390_C1142,G025_R391_C1144,0.5590169943749475,FALSE,0.8631811457472643,"(0.51,0.76]"
G025_R390_C1143,G025_R391_C1144,0.3535533905932738,FALSE,0.9049408300980786,"(0.26,0.51]"
G025_R390_C1144,G025_R391_C1144,0.25,TRUE,0.8906904202089477,"[0,0.26]"
G025_R390_C1145,G025_R391_C1144,0.3535533905932738,FALSE,0.8296008225017529,"(0.26,0.51]"
G025_R390_C1146,G025_R391_C1144,0.5590169943749475,FALSE,0.7657309570574533,"(0.51,0.76]"
G025_R390_C1147,G025_R391_C1144,0.7905694150420949,FALSE,0.7188226037469101,"(0.76,1.01]"
G025_R391_C1132,G025_R391_C1144,3,FALSE,0.6596992977051498,"(1.51,Inf]"
G025_R391_C1133,G025_R391_C1144,2.75,FALSE,0.6427835583446219,"(1.51,Inf]"
G025_R391_C1134,G025_R391_C1144,2.5,FALSE,0.6416670394235869,"(1.51,Inf]"
G025_R391_C1135,G025_R391_C1144,2.25,FALSE,0.6594322334779494,"(1.51,Inf]"
G025_R391_C1136,G025_R391_C1144,2,FALSE,0.6840914814627028,"(1.51,Inf]"
G025_R391_C1137,G025_R391_C1144,1.75,FALSE,0.7233969204590488,"(1.51,Inf]"
G025_R391_C1138,G025_R391_C1144,1.5,FALSE,0.7368275978186124,"(1.01,1.51]"
G025_R391_C1139,G025_R391_C1144,1.25,FALSE,0.752958476076482,"(1.01,1.51]"
G025_R391_C1140,G025_R391_C1144,1,FALSE,0.791897645335684,"(0.76,1.01]"
G025_R391_C1141,G025_R391_C1144,0.75,FALSE,0.8498629150556289,"(0.51,0.76]"
G025_R391_C1142,G025_R391_C1144,0.5,FALSE,0.9069977204527991,"(0.26,0.51]"
G025_R391_C1143,G025_R391_C1144,0.25,TRUE,0.9591866380000704,"[0,0.26]"
G025_R380_C1132,G025_R391_C1145,4.257346591481601,FALSE,0.5769251260624315,"(1.51,Inf]"
G025_R380_C1133,G025_R391_C1145,4.0697051490249265,FALSE,0.5876103428976049,"(1.51,Inf]"
G025_R380_C1134,G025_R391_C1145,3.8890872965260113,FALSE,0.5438175786599098,"(1.51,Inf]"
G025_R380_C1135,G025_R391_C1145,3.7165171868296265,FALSE,0.469921848390565,"(1.51,Inf]"
G025_R380_C1143,G025_R391_C1145,2.7950849718747373,FALSE,0.037494604908998724,"(1.51,Inf]"
G025_R380_C1144,G025_R391_C1145,2.7613402542968153,FALSE,0.22541082484683056,"(1.51,Inf]"
G025_R380_C1145,G025_R391_C1145,2.75,FALSE,0.12054119550527527,"(1.51,Inf]"
G025_R380_C1146,G025_R391_C1145,2.7613402542968153,FALSE,0.03219113223294807,"(1.51,Inf]"
G025_R380_C1147,G025_R391_C1145,2.7950849718747373,FALSE,0.042020843887426454,"(1.51,Inf]"
G025_R381_C1132,G025_R391_C1145,4.100304866714182,FALSE,0.6048051913621073,"(1.51,Inf]"
G025_R381_C1133,G025_R391_C1145,3.905124837953327,FALSE,0.6318215421803547,"(1.51,Inf]"
G025_R381_C1134,G025_R391_C1145,3.7165171868296265,FALSE,0.6610788432081847,"(1.51,Inf]"
G025_R381_C1135,G025_R391_C1145,3.5355339059327378,FALSE,0.650927110774858,"(1.51,Inf]"
G025_R381_C1143,G025_R391_C1145,2.5495097567963922,FALSE,0.025628531643783044,"(1.51,Inf]"
G025_R381_C1144,G025_R391_C1145,2.5124689052802225,FALSE,0.3100638365183589,"(1.51,Inf]"
G025_R381_C1145,G025_R391_C1145,2.5,FALSE,0.15599038401403956,"(1.51,Inf]"
G025_R381_C1146,G025_R391_C1145,2.5124689052802225,FALSE,0.11221221652395476,"(1.51,Inf]"
G025_R381_C1147,G025_R391_C1145,2.5495097567963922,FALSE,0.10722246722168566,"(1.51,Inf]"
G025_R382_C1132,G025_R391_C1145,3.952847075210474,FALSE,0.654360187100097,"(1.51,Inf]"
G025_R382_C1133,G025_R391_C1145,3.75,FALSE,0.6546680684521097,"(1.51,Inf]"
G025_R382_C1134,G025_R391_C1145,3.553167600887974,FALSE,0.6734599592741473,"(1.51,Inf]"
G025_R382_C1135,G025_R391_C1145,3.3634060117684275,FALSE,0.6919225457707888,"(1.51,Inf]"
G025_R382_C1136,G025_R391_C1145,3.181980515339464,FALSE,0.6775630727489976,"(1.51,Inf]"
G025_R382_C1138,G025_R391_C1145,2.850438562747845,FALSE,0.08443293435160516,"(1.51,Inf]"
G025_R382_C1141,G025_R391_C1145,2.462214450449026,FALSE,0.2567975356235744,"(1.51,Inf]"
G025_R382_C1143,G025_R391_C1145,2.3048861143232218,FALSE,0.11160120717764149,"(1.51,Inf]"
G025_R382_C1144,G025_R391_C1145,2.2638462845343543,FALSE,0.17233529852411197,"(1.51,Inf]"
G025_R382_C1145,G025_R391_C1145,2.25,FALSE,0.06903615156022903,"(1.51,Inf]"
G025_R382_C1146,G025_R391_C1145,2.2638462845343543,FALSE,-0.0048049066427700085,"(1.51,Inf]"
G025_R382_C1147,G025_R391_C1145,2.3048861143232218,FALSE,0.01736513343911988,"(1.51,Inf]"
G025_R383_C1132,G025_R391_C1145,3.816084380618437,FALSE,0.6613185999655552,"(1.51,Inf]"
G025_R383_C1133,G025_R391_C1145,3.605551275463989,FALSE,0.6850690622886202,"(1.51,Inf]"
G025_R383_C1134,G025_R391_C1145,3.400367627183861,FALSE,0.6671866384579286,"(1.51,Inf]"
G025_R383_C1135,G025_R391_C1145,3.2015621187164243,FALSE,0.6727166387306381,"(1.51,Inf]"
G025_R383_C1136,G025_R391_C1145,3.010398644698074,FALSE,0.7316853062501245,"(1.51,Inf]"
G025_R383_C1137,G025_R391_C1145,2.8284271247461903,FALSE,0.7031058405708687,"(1.51,Inf]"
G025_R383_C1139,G025_R391_C1145,2.5,FALSE,0.6896807795346915,"(1.51,Inf]"
G025_R383_C1140,G025_R391_C1145,2.358495283014151,FALSE,0.6723238229137052,"(1.51,Inf]"
G025_R383_C1141,G025_R391_C1145,2.23606797749979,FALSE,0.5448616363886665,"(1.51,Inf]"
G025_R383_C1142,G025_R391_C1145,2.1360009363293826,FALSE,0.3948691532180194,"(1.51,Inf]"
G025_R383_C1143,G025_R391_C1145,2.0615528128088303,FALSE,0.17161606591492773,"(1.51,Inf]"
G025_R383_C1144,G025_R391_C1145,2.0155644370746373,FALSE,-0.08415788434584515,"(1.51,Inf]"
G025_R383_C1145,G025_R391_C1145,2,FALSE,-0.10207082052044804,"(1.51,Inf]"
G025_R383_C1146,G025_R391_C1145,2.0155644370746373,FALSE,-0.20539420488959922,"(1.51,Inf]"
G025_R383_C1147,G025_R391_C1145,2.0615528128088303,FALSE,-0.2511915400000062,"(1.51,Inf]"
G025_R384_C1132,G025_R391_C1145,3.69120576505835,FALSE,0.6672161922340883,"(1.51,Inf]"
G025_R384_C1133,G025_R391_C1145,3.473110997362451,FALSE,0.6974238559553045,"(1.51,Inf]"
G025_R384_C1134,G025_R391_C1145,3.2596012026013246,FALSE,0.7078962040286968,"(1.51,Inf]"
G025_R384_C1135,G025_R391_C1145,3.0516389039334255,FALSE,0.6898512898290713,"(1.51,Inf]"
G025_R384_C1136,G025_R391_C1145,2.850438562747845,FALSE,0.7340190006814403,"(1.51,Inf]"
G025_R384_C1137,G025_R391_C1145,2.6575364531836625,FALSE,0.7348220701418032,"(1.51,Inf]"
G025_R384_C1138,G025_R391_C1145,2.4748737341529163,FALSE,0.7229163106927959,"(1.51,Inf]"
G025_R384_C1139,G025_R391_C1145,2.3048861143232218,FALSE,0.7289844499774707,"(1.51,Inf]"
G025_R384_C1140,G025_R391_C1145,2.1505813167606567,FALSE,0.642373397936038,"(1.51,Inf]"
G025_R384_C1141,G025_R391_C1145,2.0155644370746373,FALSE,0.5053304285362852,"(1.51,Inf]"
G025_R384_C1142,G025_R391_C1145,1.9039432764659772,FALSE,0.30137129860898354,"(1.51,Inf]"
G025_R385_C1132,G025_R391_C1145,3.5794552658190883,FALSE,0.7321848337023961,"(1.51,Inf]"
G025_R385_C1133,G025_R391_C1145,3.3541019662496847,FALSE,0.728725008890774,"(1.51,Inf]"
G025_R385_C1134,G025_R391_C1145,3.132491021535417,FALSE,0.7199987152866091,"(1.51,Inf]"
G025_R385_C1135,G025_R391_C1145,2.9154759474226504,FALSE,0.736588117337962,"(1.51,Inf]"
G025_R385_C1136,G025_R391_C1145,2.704163456597992,FALSE,0.7464024878961611,"(1.51,Inf]"
G025_R385_C1137,G025_R391_C1145,2.5,FALSE,0.7448351000036447,"(1.51,Inf]"
G025_R385_C1138,G025_R391_C1145,2.3048861143232218,FALSE,0.7407444086468121,"(1.51,Inf]"
G025_R385_C1139,G025_R391_C1145,2.1213203435596424,FALSE,0.6993410989824906,"(1.51,Inf]"
G025_R385_C1140,G025_R391_C1145,1.9525624189766635,FALSE,0.5608199831258524,"(1.51,Inf]"
G025_R385_C1141,G025_R391_C1145,1.8027756377319946,FALSE,0.452661027042382,"(1.51,Inf]"
G025_R385_C1142,G025_R391_C1145,1.6770509831248424,FALSE,0.3841129141474576,"(1.51,Inf]"
G025_R386_C1132,G025_R391_C1145,3.48209706929603,FALSE,0.7227057291482478,"(1.51,Inf]"
G025_R386_C1133,G025_R391_C1145,3.25,FALSE,0.7405428495105216,"(1.51,Inf]"
G025_R386_C1134,G025_R391_C1145,3.020761493398643,FALSE,0.7345121836635338,"(1.51,Inf]"
G025_R386_C1135,G025_R391_C1145,2.7950849718747373,FALSE,0.7651755124448062,"(1.51,Inf]"
G025_R386_C1136,G025_R391_C1145,2.57390753524675,FALSE,0.7614483084466871,"(1.51,Inf]"
G025_R386_C1137,G025_R391_C1145,2.358495283014151,FALSE,0.7285469585429004,"(1.51,Inf]"
G025_R386_C1138,G025_R391_C1145,2.1505813167606567,FALSE,0.7053558031371608,"(1.51,Inf]"
G025_R386_C1139,G025_R391_C1145,1.9525624189766635,FALSE,0.61394839902243,"(1.51,Inf]"
G025_R386_C1141,G025_R391_C1145,1.6007810593582121,FALSE,0.47882447515116366,"(1.51,Inf]"
G025_R387_C1132,G025_R391_C1145,3.400367627183861,FALSE,0.7248912372924142,"(1.51,Inf]"
G025_R387_C1133,G025_R391_C1145,3.1622776601683795,FALSE,0.7227917458635231,"(1.51,Inf]"
G025_R387_C1134,G025_R391_C1145,2.9261749776799064,FALSE,0.7423620703414555,"(1.51,Inf]"
G025_R387_C1135,G025_R391_C1145,2.692582403567252,FALSE,0.7588078482996609,"(1.51,Inf]"
G025_R387_C1136,G025_R391_C1145,2.462214450449026,FALSE,0.7488555518879455,"(1.51,Inf]"
G025_R387_C1137,G025_R391_C1145,2.23606797749979,FALSE,0.7154061996763097,"(1.51,Inf]"
G025_R387_C1138,G025_R391_C1145,2.0155644370746373,FALSE,0.6890949786086387,"(1.51,Inf]"
G025_R387_C1139,G025_R391_C1145,1.8027756377319946,FALSE,0.6581809649084961,"(1.51,Inf]"
G025_R387_C1140,G025_R391_C1145,1.6007810593582121,FALSE,0.6566388330252458,"(1.51,Inf]"
G025_R387_C1141,G025_R391_C1145,1.4142135623730951,FALSE,0.5904242020071864,"(1.01,1.51]"
G025_R387_C1142,G025_R391_C1145,1.25,FALSE,0.4236440689674288,"(1.01,1.51]"
G025_R387_C1143,G025_R391_C1145,1.118033988749895,FALSE,0.4205780735652116,"(1.01,1.51]"
G025_R388_C1132,G025_R391_C1145,3.3354160160315836,FALSE,0.7407271455028123,"(1.51,Inf]"
G025_R388_C1133,G025_R391_C1145,3.092329219213245,FALSE,0.7191015939284982,"(1.51,Inf]"
G025_R388_C1134,G025_R391_C1145,2.850438562747845,FALSE,0.7343015069321928,"(1.51,Inf]"
G025_R388_C1135,G025_R391_C1145,2.6100766272276377,FALSE,0.7311633761132358,"(1.51,Inf]"
G025_R388_C1136,G025_R391_C1145,2.3717082451262845,FALSE,0.7393701939666406,"(1.51,Inf]"
G025_R388_C1137,G025_R391_C1145,2.1360009363293826,FALSE,0.7160277867714772,"(1.51,Inf]"
G025_R388_C1138,G025_R391_C1145,1.9039432764659772,FALSE,0.6923236283430348,"(1.51,Inf]"
G025_R388_C1139,G025_R391_C1145,1.6770509831248424,FALSE,0.7096323117162102,"(1.51,Inf]"
G025_R388_C1140,G025_R391_C1145,1.4577379737113252,FALSE,0.7080336565872458,"(1.01,1.51]"
G025_R388_C1141,G025_R391_C1145,1.25,FALSE,0.7622179277230102,"(1.01,1.51]"
G025_R388_C1142,G025_R391_C1145,1.0606601717798212,FALSE,0.7657159308553266,"(1.01,1.51]"
G025_R388_C1143,G025_R391_C1145,0.9013878188659973,FALSE,0.7648270956668533,"(0.76,1.01]"
G025_R388_C1144,G025_R391_C1145,0.7905694150420949,FALSE,0.7132392476162762,"(0.76,1.01]"
G025_R388_C1145,G025_R391_C1145,0.75,FALSE,0.5530365416278068,"(0.51,0.76]"
G025_R389_C1132,G025_R391_C1145,3.2882366094914763,FALSE,0.7267735053468878,"(1.51,Inf]"
G025_R389_C1133,G025_R391_C1145,3.0413812651491097,FALSE,0.7064216580940663,"(1.51,Inf]"
G025_R389_C1134,G025_R391_C1145,2.7950849718747373,FALSE,0.7142285827038679,"(1.51,Inf]"
G025_R389_C1135,G025_R391_C1145,2.5495097567963922,FALSE,0.7048478152828703,"(1.51,Inf]"
G025_R389_C1136,G025_R391_C1145,2.3048861143232218,FALSE,0.6853226749632741,"(1.51,Inf]"
G025_R389_C1137,G025_R391_C1145,2.0615528128088303,FALSE,0.7176942807928615,"(1.51,Inf]"
G025_R389_C1138,G025_R391_C1145,1.8200274723201295,FALSE,0.706153419417621,"(1.51,Inf]"
G025_R389_C1139,G025_R391_C1145,1.5811388300841898,FALSE,0.7049326747571255,"(1.51,Inf]"
G025_R389_C1140,G025_R391_C1145,1.346291201783626,FALSE,0.7221666755832453,"(1.01,1.51]"
G025_R389_C1141,G025_R391_C1145,1.118033988749895,FALSE,0.772379976001669,"(1.01,1.51]"
G025_R389_C1142,G025_R391_C1145,0.9013878188659973,FALSE,0.8181392611001557,"(0.76,1.01]"
G025_R389_C1143,G025_R391_C1145,0.7071067811865476,FALSE,0.82992241419889,"(0.51,0.76]"
G025_R389_C1144,G025_R391_C1145,0.5590169943749475,FALSE,0.8273992988080738,"(0.51,0.76]"
G025_R389_C1145,G025_R391_C1145,0.5,FALSE,0.6752554585344852,"(0.26,0.51]"
G025_R390_C1132,G025_R391_C1145,3.2596012026013246,FALSE,0.7069295612591721,"(1.51,Inf]"
G025_R390_C1133,G025_R391_C1145,3.010398644698074,FALSE,0.7028091899426504,"(1.51,Inf]"
G025_R390_C1134,G025_R391_C1145,2.7613402542968153,FALSE,0.7143410117326802,"(1.51,Inf]"
G025_R390_C1135,G025_R391_C1145,2.5124689052802225,FALSE,0.7022115830823749,"(1.51,Inf]"
G025_R390_C1136,G025_R391_C1145,2.2638462845343543,FALSE,0.6885856001207854,"(1.51,Inf]"
G025_R390_C1137,G025_R391_C1145,2.0155644370746373,FALSE,0.6940093214021612,"(1.51,Inf]"
G025_R390_C1138,G025_R391_C1145,1.7677669529663689,FALSE,0.6977275900554657,"(1.51,Inf]"
G025_R390_C1139,G025_R391_C1145,1.5206906325745548,FALSE,0.7327593742732833,"(1.51,Inf]"
G025_R390_C1140,G025_R391_C1145,1.2747548783981961,FALSE,0.7827404070538586,"(1.01,1.51]"
G025_R390_C1141,G025_R391_C1145,1.0307764064044151,FALSE,0.7994779535815089,"(1.01,1.51]"
G025_R390_C1142,G025_R391_C1145,0.7905694150420949,FALSE,0.8470542959793973,"(0.76,1.01]"
G025_R390_C1143,G025_R391_C1145,0.5590169943749475,FALSE,0.8944075137891854,"(0.51,0.76]"
G025_R390_C1144,G025_R391_C1145,0.3535533905932738,FALSE,0.914576037686463,"(0.26,0.51]"
G025_R390_C1145,G025_R391_C1145,0.25,TRUE,0.8899002195841841,"[0,0.26]"
G025_R390_C1146,G025_R391_C1145,0.3535533905932738,FALSE,0.8153277990856397,"(0.26,0.51]"
G025_R390_C1147,G025_R391_C1145,0.5590169943749475,FALSE,0.7597727134901704,"(0.51,0.76]"
G025_R391_C1132,G025_R391_C1145,3.25,FALSE,0.66897454216731,"(1.51,Inf]"
G025_R391_C1133,G025_R391_C1145,3,FALSE,0.6588590149585192,"(1.51,Inf]"
G025_R391_C1134,G025_R391_C1145,2.75,FALSE,0.6465795130561741,"(1.51,Inf]"
G025_R391_C1135,G025_R391_C1145,2.5,FALSE,0.6674158427483076,"(1.51,Inf]"
G025_R391_C1136,G025_R391_C1145,2.25,FALSE,0.6890277688098002,"(1.51,Inf]"
G025_R391_C1137,G025_R391_C1145,2,FALSE,0.7212325651665887,"(1.51,Inf]"
G025_R391_C1138,G025_R391_C1145,1.75,FALSE,0.736054799377586,"(1.51,Inf]"
G025_R391_C1139,G025_R391_C1145,1.5,FALSE,0.7343919878375017,"(1.01,1.51]"
G025_R391_C1140,G025_R391_C1145,1.25,FALSE,0.7719888304004703,"(1.01,1.51]"
G025_R391_C1141,G025_R391_C1145,1,FALSE,0.8173413632364664,"(0.76,1.01]"
G025_R391_C1142,G025_R391_C1145,0.75,FALSE,0.857224606202667,"(0.51,0.76]"
G025_R391_C1143,G025_R391_C1145,0.5,FALSE,0.89203475918827,"(0.26,0.51]"
G025_R391_C1144,G025_R391_C1145,0.25,TRUE,0.9503330615142512,"[0,0.26]"
G025_R380_C1132,G025_R391_C1146,4.451123453691214,FALSE,0.5723816642928522,"(1.51,Inf]"
G025_R380_C1133,G025_R391_C1146,4.257346591481601,FALSE,0.5693506496807773,"(1.51,Inf]"
G025_R380_C1134,G025_R391_C1146,4.0697051490249265,FALSE,0.520646456396789,"(1.51,Inf]"
G025_R380_C1135,G025_R391_C1146,3.8890872965260113,FALSE,0.44647246991043393,"(1.51,Inf]"
G025_R380_C1143,G025_R391_C1146,2.850438562747845,FALSE,0.034975898786943044,"(1.51,Inf]"
G025_R380_C1144,G025_R391_C1146,2.7950849718747373,FALSE,0.25442352783953215,"(1.51,Inf]"
G025_R380_C1145,G025_R391_C1146,2.7613402542968153,FALSE,0.1340425837252762,"(1.51,Inf]"
G025_R380_C1146,G025_R391_C1146,2.75,FALSE,0.040343963483670794,"(1.51,Inf]"
G025_R380_C1147,G025_R391_C1146,2.7613402542968153,FALSE,0.07593730656794907,"(1.51,Inf]"
G025_R381_C1132,G025_R391_C1146,4.301162633521313,FALSE,0.6133795661345908,"(1.51,Inf]"
G025_R381_C1133,G025_R391_C1146,4.100304866714182,FALSE,0.629885644409737,"(1.51,Inf]"
G025_R381_C1134,G025_R391_C1146,3.905124837953327,FALSE,0.6393448254221089,"(1.51,Inf]"
G025_R381_C1135,G025_R391_C1146,3.7165171868296265,FALSE,0.6323814672396026,"(1.51,Inf]"
G025_R381_C1143,G025_R391_C1146,2.6100766272276377,FALSE,0.06196441239275151,"(1.51,Inf]"
G025_R381_C1144,G025_R391_C1146,2.5495097567963922,FALSE,0.30378368747794654,"(1.51,Inf]"
G025_R381_C1145,G025_R391_C1146,2.5124689052802225,FALSE,0.15753038494856186,"(1.51,Inf]"
G025_R381_C1146,G025_R391_C1146,2.5,FALSE,0.1378092444730674,"(1.51,Inf]"
G025_R381_C1147,G025_R391_C1146,2.5124689052802225,FALSE,0.1325666676618538,"(1.51,Inf]"
G025_R382_C1132,G025_R391_C1146,4.16082924427331,FALSE,0.6563698304051361,"(1.51,Inf]"
G025_R382_C1133,G025_R391_C1146,3.952847075210474,FALSE,0.6523189684493248,"(1.51,Inf]"
G025_R382_C1134,G025_R391_C1146,3.75,FALSE,0.6732865623046052,"(1.51,Inf]"
G025_R382_C1135,G025_R391_C1146,3.553167600887974,FALSE,0.6909563047344015,"(1.51,Inf]"
G025_R382_C1136,G025_R391_C1146,3.3634060117684275,FALSE,0.6651281690467566,"(1.51,Inf]"
G025_R382_C1138,G025_R391_C1146,3.010398644698074,FALSE,0.07507495019742368,"(1.51,Inf]"
G025_R382_C1141,G025_R391_C1146,2.57390753524675,FALSE,0.23358709551180512,"(1.51,Inf]"
G025_R382_C1143,G025_R391_C1146,2.3717082451262845,FALSE,0.08689474138110552,"(1.51,Inf]"
G025_R382_C1144,G025_R391_C1146,2.3048861143232218,FALSE,0.16226441826812932,"(1.51,Inf]"
G025_R382_C1145,G025_R391_C1146,2.2638462845343543,FALSE,0.07723031233393417,"(1.51,Inf]"
G025_R382_C1146,G025_R391_C1146,2.25,FALSE,0.015020205641247411,"(1.51,Inf]"
G025_R382_C1147,G025_R391_C1146,2.2638462845343543,FALSE,-0.015817452900014333,"(1.51,Inf]"
G025_R383_C1132,G025_R391_C1146,4.031128874149275,FALSE,0.663247354240094,"(1.51,Inf]"
G025_R383_C1133,G025_R391_C1146,3.816084380618437,FALSE,0.6863990758272203,"(1.51,Inf]"
G025_R383_C1134,G025_R391_C1146,3.605551275463989,FALSE,0.6766102627406264,"(1.51,Inf]"
G025_R383_C1135,G025_R391_C1146,3.400367627183861,FALSE,0.6855595856522104,"(1.51,Inf]"
G025_R383_C1136,G025_R391_C1146,3.2015621187164243,FALSE,0.7303124419051102,"(1.51,Inf]"
G025_R383_C1137,G025_R391_C1146,3.010398644698074,FALSE,0.6927322128570758,"(1.51,Inf]"
G025_R383_C1139,G025_R391_C1146,2.6575364531836625,FALSE,0.6626743062473803,"(1.51,Inf]"
G025_R383_C1140,G025_R391_C1146,2.5,FALSE,0.6608137864309692,"(1.51,Inf]"
G025_R383_C1141,G025_R391_C1146,2.358495283014151,FALSE,0.517320742140562,"(1.51,Inf]"
G025_R383_C1142,G025_R391_C1146,2.23606797749979,FALSE,0.37105091943924995,"(1.51,Inf]"
G025_R383_C1143,G025_R391_C1146,2.1360009363293826,FALSE,0.14251445621925454,"(1.51,Inf]"
G025_R383_C1144,G025_R391_C1146,2.0615528128088303,FALSE,-0.1098369355168521,"(1.51,Inf]"
G025_R383_C1145,G025_R391_C1146,2.0155644370746373,FALSE,-0.13814621678748687,"(1.51,Inf]"
G025_R383_C1146,G025_R391_C1146,2,FALSE,-0.23158062414865,"(1.51,Inf]"
G025_R383_C1147,G025_R391_C1146,2.0155644370746373,FALSE,-0.2650416041221444,"(1.51,Inf]"
G025_R384_C1132,G025_R391_C1146,3.913118960624632,FALSE,0.6609803663124194,"(1.51,Inf]"
G025_R384_C1133,G025_R391_C1146,3.69120576505835,FALSE,0.680903648668967,"(1.51,Inf]"
G025_R384_C1134,G025_R391_C1146,3.473110997362451,FALSE,0.7004980099101651,"(1.51,Inf]"
G025_R384_C1135,G025_R391_C1146,3.2596012026013246,FALSE,0.7031820895821422,"(1.51,Inf]"
G025_R384_C1136,G025_R391_C1146,3.0516389039334255,FALSE,0.7351024787908595,"(1.51,Inf]"
G025_R384_C1137,G025_R391_C1146,2.850438562747845,FALSE,0.7367421721652403,"(1.51,Inf]"
G025_R384_C1138,G025_R391_C1146,2.6575364531836625,FALSE,0.7241377055134322,"(1.51,Inf]"
G025_R384_C1139,G025_R391_C1146,2.4748737341529163,FALSE,0.7155760234797217,"(1.51,Inf]"
G025_R384_C1140,G025_R391_C1146,2.3048861143232218,FALSE,0.6193308497465887,"(1.51,Inf]"
G025_R384_C1141,G025_R391_C1146,2.1505813167606567,FALSE,0.4794392693044824,"(1.51,Inf]"
G025_R384_C1142,G025_R391_C1146,2.0155644370746373,FALSE,0.27316659522988007,"(1.51,Inf]"
G025_R385_C1132,G025_R391_C1146,3.8078865529319543,FALSE,0.7218044638693655,"(1.51,Inf]"
G025_R385_C1133,G025_R391_C1146,3.5794552658190883,FALSE,0.7166070746054589,"(1.51,Inf]"
G025_R385_C1134,G025_R391_C1146,3.3541019662496847,FALSE,0.7234965998835735,"(1.51,Inf]"
G025_R385_C1135,G025_R391_C1146,3.132491021535417,FALSE,0.7445933558123079,"(1.51,Inf]"
G025_R385_C1136,G025_R391_C1146,2.9154759474226504,FALSE,0.757535040587114,"(1.51,Inf]"
G025_R385_C1137,G025_R391_C1146,2.704163456597992,FALSE,0.748544560238402,"(1.51,Inf]"
G025_R385_C1138,G025_R391_C1146,2.5,FALSE,0.7416950416051679,"(1.51,Inf]"
G025_R385_C1139,G025_R391_C1146,2.3048861143232218,FALSE,0.6830268971017138,"(1.51,Inf]"
G025_R385_C1140,G025_R391_C1146,2.1213203435596424,FALSE,0.5384178736752496,"(1.51,Inf]"
G025_R385_C1141,G025_R391_C1146,1.9525624189766635,FALSE,0.4163139035608445,"(1.51,Inf]"
G025_R385_C1142,G025_R391_C1146,1.8027756377319946,FALSE,0.34295419319224524,"(1.51,Inf]"
G025_R386_C1132,G025_R391_C1146,3.7165171868296265,FALSE,0.72678987919240845,"(1.51,Inf]"
G025_R386_C1133,G025_R391_C1146,3.48209706929603,FALSE,0.7593271968804707,"(1.51,Inf]"
G025_R386_C1134,G025_R391_C1146,3.25,FALSE,0.7498449479671754,"(1.51,Inf]"
G025_R386_C1135,G025_R391_C1146,3.020761493398643,FALSE,0.7644912738924833,"(1.51,Inf]"
G025_R386_C1136,G025_R391_C1146,2.7950849718747373,FALSE,0.7640510017437686,"(1.51,Inf]"
G025_R386_C1137,G025_R391_C1146,2.57390753524675,FALSE,0.732630782828359,"(1.51,Inf]"
G025_R386_C1138,G025_R391_C1146,2.358495283014151,FALSE,0.7129976172616305,"(1.51,Inf]"
G025_R386_C1139,G025_R391_C1146,2.1505813167606567,FALSE,0.5949320055352625,"(1.51,Inf]"
G025_R386_C1141,G025_R391_C1146,1.7677669529663689,FALSE,0.43864007656249676,"(1.51,Inf]"
G025_R387_C1132,G025_R391_C1146,3.640054944640259,FALSE,0.7385400181684436,"(1.51,Inf]"
G025_R387_C1133,G025_R391_C1146,3.400367627183861,FALSE,0.7468189862156501,"(1.51,Inf]"
G025_R387_C1134,G025_R391_C1146,3.1622776601683795,FALSE,0.7518764456257104,"(1.51,Inf]"
G025_R387_C1135,G025_R391_C1146,2.9261749776799064,FALSE,0.7586369971819862,"(1.51,Inf]"
G025_R387_C1136,G025_R391_C1146,2.692582403567252,FALSE,0.7559603318444961,"(1.51,Inf]"
G025_R387_C1137,G025_R391_C1146,2.462214450449026,FALSE,0.712082502616921,"(1.51,Inf]"
G025_R387_C1138,G025_R391_C1146,2.23606797749979,FALSE,0.6864618891578034,"(1.51,Inf]"
G025_R387_C1139,G025_R391_C1146,2.0155644370746373,FALSE,0.643068147331035,"(1.51,Inf]"
G025_R387_C1140,G025_R391_C1146,1.8027756377319946,FALSE,0.6422281571594124,"(1.51,Inf]"
G025_R387_C1141,G025_R391_C1146,1.6007810593582121,FALSE,0.5742330023020715,"(1.51,Inf]"
G025_R387_C1142,G025_R391_C1146,1.4142135623730951,FALSE,0.3818895738050013,"(1.01,1.51]"
G025_R387_C1143,G025_R391_C1146,1.25,FALSE,0.4069672302896103,"(1.01,1.51]"
G025_R388_C1132,G025_R391_C1146,3.5794552658190883,FALSE,0.7353799152696204,"(1.51,Inf]"
G025_R388_C1133,G025_R391_C1146,3.3354160160315836,FALSE,0.7290352002310508,"(1.51,Inf]"
G025_R388_C1134,G025_R391_C1146,3.092329219213245,FALSE,0.7346490937981702,"(1.51,Inf]"
G025_R388_C1135,G025_R391_C1146,2.850438562747845,FALSE,0.7366902290331415,"(1.51,Inf]"
G025_R388_C1136,G025_R391_C1146,2.6100766272276377,FALSE,0.731253644028051,"(1.51,Inf]"
G025_R388_C1137,G025_R391_C1146,2.3717082451262845,FALSE,0.7045385559671531,"(1.51,Inf]"
G025_R388_C1138,G025_R391_C1146,2.1360009363293826,FALSE,0.689823565694681,"(1.51,Inf]"
G025_R388_C1139,G025_R391_C1146,1.9039432764659772,FALSE,0.6918070572609628,"(1.51,Inf]"
G025_R388_C1140,G025_R391_C1146,1.6770509831248424,FALSE,0.6922809525729131,"(1.51,Inf]"
G025_R388_C1141,G025_R391_C1146,1.4577379737113252,FALSE,0.7431178286407096,"(1.01,1.51]"
G025_R388_C1142,G025_R391_C1146,1.25,FALSE,0.7491046931548061,"(1.01,1.51]"
G025_R388_C1143,G025_R391_C1146,1.0606601717798212,FALSE,0.7570943730669041,"(1.01,1.51]"
G025_R388_C1144,G025_R391_C1146,0.9013878188659973,FALSE,0.7345270584364875,"(0.76,1.01]"
G025_R388_C1145,G025_R391_C1146,0.7905694150420949,FALSE,0.5668919412021373,"(0.76,1.01]"
G025_R389_C1132,G025_R391_C1146,3.5355339059327378,FALSE,0.7187338527537651,"(1.51,Inf]"
G025_R389_C1133,G025_R391_C1146,3.2882366094914763,FALSE,0.7020790889001763,"(1.51,Inf]"
G025_R389_C1134,G025_R391_C1146,3.0413812651491097,FALSE,0.7141372749476499,"(1.51,Inf]"
G025_R389_C1135,G025_R391_C1146,2.7950849718747373,FALSE,0.7056910343510479,"(1.51,Inf]"
G025_R389_C1136,G025_R391_C1146,2.5495097567963922,FALSE,0.6736270671530206,"(1.51,Inf]"
G025_R389_C1137,G025_R391_C1146,2.3048861143232218,FALSE,0.6956336589875012,"(1.51,Inf]"
G025_R389_C1138,G025_R391_C1146,2.0615528128088303,FALSE,0.6945520398110925,"(1.51,Inf]"
G025_R389_C1139,G025_R391_C1146,1.8200274723201295,FALSE,0.6679103392823792,"(1.51,Inf]"
G025_R389_C1140,G025_R391_C1146,1.5811388300841898,FALSE,0.7024327470160439,"(1.51,Inf]"
G025_R389_C1141,G025_R391_C1146,1.346291201783626,FALSE,0.7471320902798817,"(1.01,1.51]"
G025_R389_C1142,G025_R391_C1146,1.118033988749895,FALSE,0.8045956610077876,"(1.01,1.51]"
G025_R389_C1143,G025_R391_C1146,0.9013878188659973,FALSE,0.8143243090783396,"(0.76,1.01]"
G025_R389_C1144,G025_R391_C1146,0.7071067811865476,FALSE,0.8164142035087059,"(0.51,0.76]"
G025_R389_C1145,G025_R391_C1146,0.5590169943749475,FALSE,0.6683921876749065,"(0.51,0.76]"
G025_R390_C1132,G025_R391_C1146,3.5089172119045497,FALSE,0.6833526246352045,"(1.51,Inf]"
G025_R390_C1133,G025_R391_C1146,3.2596012026013246,FALSE,0.6965691989011418,"(1.51,Inf]"
G025_R390_C1134,G025_R391_C1146,3.010398644698074,FALSE,0.7147223682548242,"(1.51,Inf]"
G025_R390_C1135,G025_R391_C1146,2.7613402542968153,FALSE,0.6683645765696361,"(1.51,Inf]"
G025_R390_C1136,G025_R391_C1146,2.5124689052802225,FALSE,0.6636544194185239,"(1.51,Inf]"
G025_R390_C1137,G025_R391_C1146,2.2638462845343543,FALSE,0.6710390234342818,"(1.51,Inf]"
G025_R390_C1138,G025_R391_C1146,2.0155644370746373,FALSE,0.6793712930432831,"(1.51,Inf]"
G025_R390_C1139,G025_R391_C1146,1.7677669529663689,FALSE,0.7120735734138639,"(1.51,Inf]"
G025_R390_C1140,G025_R391_C1146,1.5206906325745548,FALSE,0.761420743871512,"(1.51,Inf]"
G025_R390_C1141,G025_R391_C1146,1.2747548783981961,FALSE,0.7838614037953442,"(1.01,1.51]"
G025_R390_C1142,G025_R391_C1146,1.0307764064044151,FALSE,0.8142373317855622,"(1.01,1.51]"
G025_R390_C1143,G025_R391_C1146,0.7905694150420949,FALSE,0.8543557507058563,"(0.76,1.01]"
G025_R390_C1144,G025_R391_C1146,0.5590169943749475,FALSE,0.8883616467504926,"(0.51,0.76]"
G025_R390_C1145,G025_R391_C1146,0.3535533905932738,FALSE,0.8817957853192231,"(0.26,0.51]"
G025_R390_C1146,G025_R391_C1146,0.25,TRUE,0.8484303714757669,"[0,0.26]"
G025_R390_C1147,G025_R391_C1146,0.3535533905932738,FALSE,0.7861903189351555,"(0.26,0.51]"
G025_R391_C1132,G025_R391_C1146,3.5,FALSE,0.645284804742054,"(1.51,Inf]"
G025_R391_C1133,G025_R391_C1146,3.25,FALSE,0.6368274977000641,"(1.51,Inf]"
G025_R391_C1134,G025_R391_C1146,3,FALSE,0.6172127365606901,"(1.51,Inf]"
G025_R391_C1135,G025_R391_C1146,2.75,FALSE,0.6372079114352301,"(1.51,Inf]"
G025_R391_C1136,G025_R391_C1146,2.5,FALSE,0.657725461287143,"(1.51,Inf]"
G025_R391_C1137,G025_R391_C1146,2.25,FALSE,0.6873948455601419,"(1.51,Inf]"
G025_R391_C1138,G025_R391_C1146,2,FALSE,0.7151757484899601,"(1.51,Inf]"
G025_R391_C1139,G025_R391_C1146,1.75,FALSE,0.7236634465092712,"(1.51,Inf]"
G025_R391_C1140,G025_R391_C1146,1.5,FALSE,0.7618846792746014,"(1.01,1.51]"
G025_R391_C1141,G025_R391_C1146,1.25,FALSE,0.7958050015754474,"(1.01,1.51]"
G025_R391_C1142,G025_R391_C1146,1,FALSE,0.8323548601649103,"(0.76,1.01]"
G025_R391_C1143,G025_R391_C1146,0.75,FALSE,0.8412020805712314,"(0.51,0.76]"
G025_R391_C1144,G025_R391_C1146,0.5,FALSE,0.8883254665391296,"(0.26,0.51]"
G025_R391_C1145,G025_R391_C1146,0.25,TRUE,0.9440526789091427,"[0,0.26]"
G025_R380_C1132,G025_R391_C1147,4.650268809434569,FALSE,0.5467306508549354,"(1.51,Inf]"
G025_R380_C1133,G025_R391_C1147,4.451123453691214,FALSE,0.5482863818855706,"(1.51,Inf]"
G025_R380_C1134,G025_R391_C1147,4.257346591481601,FALSE,0.5088676218184253,"(1.51,Inf]"
G025_R380_C1135,G025_R391_C1147,4.0697051490249265,FALSE,0.42181264174735733,"(1.51,Inf]"
G025_R380_C1143,G025_R391_C1147,2.9261749776799064,FALSE,0.06283077990674389,"(1.51,Inf]"
G025_R380_C1144,G025_R391_C1147,2.850438562747845,FALSE,0.2296738612987708,"(1.51,Inf]"
G025_R380_C1145,G025_R391_C1147,2.7950849718747373,FALSE,0.1296352423310371,"(1.51,Inf]"
G025_R380_C1146,G025_R391_C1147,2.7613402542968153,FALSE,0.021665720568717767,"(1.51,Inf]"
G025_R380_C1147,G025_R391_C1147,2.75,FALSE,0.027886916617055925,"(1.51,Inf]"
G025_R381_C1132,G025_R391_C1147,4.5069390943299865,FALSE,0.5821706056397292,"(1.51,Inf]"
G025_R381_C1133,G025_R391_C1147,4.301162633521313,FALSE,0.6057644684363882,"(1.51,Inf]"
G025_R381_C1134,G025_R391_C1147,4.100304866714182,FALSE,0.6042298465948633,"(1.51,Inf]"
G025_R381_C1135,G025_R391_C1147,3.905124837953327,FALSE,0.6074390199605102,"(1.51,Inf]"
G025_R381_C1143,G025_R391_C1147,2.692582403567252,FALSE,0.0784972087996606,"(1.51,Inf]"
G025_R381_C1144,G025_R391_C1147,2.6100766272276377,FALSE,0.2882461973974805,"(1.51,Inf]"
G025_R381_C1145,G025_R391_C1147,2.5495097567963922,FALSE,0.15503180727247526,"(1.51,Inf]"
G025_R381_C1146,G025_R391_C1147,2.5124689052802225,FALSE,0.13886716561355977,"(1.51,Inf]"
G025_R381_C1147,G025_R391_C1147,2.5,FALSE,0.1293396417074336,"(1.51,Inf]"
G025_R382_C1132,G025_R391_C1147,4.373213921133975,FALSE,0.6336300118945404,"(1.51,Inf]"
G025_R382_C1133,G025_R391_C1147,4.16082924427331,FALSE,0.6234599588832187,"(1.51,Inf]"
G025_R382_C1134,G025_R391_C1147,3.952847075210474,FALSE,0.638844757583405,"(1.51,Inf]"
G025_R382_C1135,G025_R391_C1147,3.75,FALSE,0.656575667318188,"(1.51,Inf]"
G025_R382_C1136,G025_R391_C1147,3.553167600887974,FALSE,0.6337026198650707,"(1.51,Inf]"
G025_R382_C1138,G025_R391_C1147,3.181980515339464,FALSE,0.05438584302440353,"(1.51,Inf]"
G025_R382_C1141,G025_R391_C1147,2.704163456597992,FALSE,0.24234524690221063,"(1.51,Inf]"
G025_R382_C1143,G025_R391_C1147,2.462214450449026,FALSE,0.11707312444082264,"(1.51,Inf]"
G025_R382_C1144,G025_R391_C1147,2.3717082451262845,FALSE,0.1556140194243337,"(1.51,Inf]"
G025_R382_C1145,G025_R391_C1147,2.3048861143232218,FALSE,0.08364987231155946,"(1.51,Inf]"
G025_R382_C1146,G025_R391_C1147,2.2638462845343543,FALSE,0.033867273114621045,"(1.51,Inf]"
G025_R382_C1147,G025_R391_C1147,2.25,FALSE,3.7197163518469376e-4,"(1.51,Inf]"
G025_R383_C1132,G025_R391_C1147,4.25,FALSE,0.6088518575462611,"(1.51,Inf]"
G025_R383_C1133,G025_R391_C1147,4.031128874149275,FALSE,0.6278966369364453,"(1.51,Inf]"
G025_R383_C1134,G025_R391_C1147,3.816084380618437,FALSE,0.6356734261669329,"(1.51,Inf]"
G025_R383_C1135,G025_R391_C1147,3.605551275463989,FALSE,0.6640756358511878,"(1.51,Inf]"
G025_R383_C1136,G025_R391_C1147,3.400367627183861,FALSE,0.7068130471919436,"(1.51,Inf]"
G025_R383_C1137,G025_R391_C1147,3.2015621187164243,FALSE,0.6636602523681322,"(1.51,Inf]"
G025_R383_C1139,G025_R391_C1147,2.8284271247461903,FALSE,0.6490300371333549,"(1.51,Inf]"
G025_R383_C1140,G025_R391_C1147,2.6575364531836625,FALSE,0.66180293942657,"(1.51,Inf]"
G025_R383_C1141,G025_R391_C1147,2.5,FALSE,0.5227495061985299,"(1.51,Inf]"
G025_R383_C1142,G025_R391_C1147,2.358495283014151,FALSE,0.34406025586384376,"(1.51,Inf]"
G025_R383_C1143,G025_R391_C1147,2.23606797749979,FALSE,0.1807403922607147,"(1.51,Inf]"
G025_R383_C1144,G025_R391_C1147,2.1360009363293826,FALSE,-0.09410112574460282,"(1.51,Inf]"
G025_R383_C1145,G025_R391_C1147,2.0615528128088303,FALSE,-0.11434107061964298,"(1.51,Inf]"
G025_R383_C1146,G025_R391_C1147,2.0155644370746373,FALSE,-0.21456207124986548,"(1.51,Inf]"
G025_R383_C1147,G025_R391_C1147,2,FALSE,-0.26114737924658377,"(1.51,Inf]"
G025_R384_C1132,G025_R391_C1147,4.138236339311712,FALSE,0.603119886920454,"(1.51,Inf]"
G025_R384_C1133,G025_R391_C1147,3.913118960624632,FALSE,0.6250612145846398,"(1.51,Inf]"
G025_R384_C1134,G025_R391_C1147,3.69120576505835,FALSE,0.6506012752321714,"(1.51,Inf]"
G025_R384_C1135,G025_R391_C1147,3.473110997362451,FALSE,0.6667599516156232,"(1.51,Inf]"
G025_R384_C1136,G025_R391_C1147,3.2596012026013246,FALSE,0.7050277221959077,"(1.51,Inf]"
G025_R384_C1137,G025_R391_C1147,3.0516389039334255,FALSE,0.716123256007523,"(1.51,Inf]"
G025_R384_C1138,G025_R391_C1147,2.850438562747845,FALSE,0.6941144288707173,"(1.51,Inf]"
G025_R384_C1139,G025_R391_C1147,2.6575364531836625,FALSE,0.7099911942226542,"(1.51,Inf]"
G025_R384_C1140,G025_R391_C1147,2.4748737341529163,FALSE,0.6326702859675125,"(1.51,Inf]"
G025_R384_C1141,G025_R391_C1147,2.3048861143232218,FALSE,0.48612844382006465,"(1.51,Inf]"
G025_R384_C1142,G025_R391_C1147,2.1505813167606567,FALSE,0.25950721367383345,"(1.51,Inf]"
G025_R385_C1132,G025_R391_C1147,4.038873605350878,FALSE,0.6837874187615341,"(1.51,Inf]"
G025_R385_C1133,G025_R391_C1147,3.8078865529319543,FALSE,0.6762645907912476,"(1.51,Inf]"
G025_R385_C1134,G025_R391_C1147,3.5794552658190883,FALSE,0.677412206731478,"(1.51,Inf]"
G025_R385_C1135,G025_R391_C1147,3.3541019662496847,FALSE,0.7025641101954325,"(1.51,Inf]"
G025_R385_C1136,G025_R391_C1147,3.132491021535417,FALSE,0.7262874101585177,"(1.51,Inf]"
G025_R385_C1137,G025_R391_C1147,2.9154759474226504,FALSE,0.7085517820768988,"(1.51,Inf]"
G025_R385_C1138,G025_R391_C1147,2.704163456597992,FALSE,0.7079733322604536,"(1.51,Inf]"
G025_R385_C1139,G025_R391_C1147,2.5,FALSE,0.6757643319174995,"(1.51,Inf]"
G025_R385_C1140,G025_R391_C1147,2.3048861143232218,FALSE,0.5408617897221351,"(1.51,Inf]"
G025_R385_C1141,G025_R391_C1147,2.1213203435596424,FALSE,0.4149133415734274,"(1.51,Inf]"
G025_R385_C1142,G025_R391_C1147,1.9525624189766635,FALSE,0.32513607460625876,"(1.51,Inf]"
G025_R386_C1132,G025_R391_C1147,3.952847075210474,FALSE,0.7016161010389369,"(1.51,Inf]"
G025_R386_C1133,G025_R391_C1147,3.7165171868296265,FALSE,0.7226472350514566,"(1.51,Inf]"
G025_R386_C1134,G025_R391_C1147,3.48209706929603,FALSE,0.7191475972784083,"(1.51,Inf]"
G025_R386_C1135,G025_R391_C1147,3.25,FALSE,0.7332116260105409,"(1.51,Inf]"
G025_R386_C1136,G025_R391_C1147,3.020761493398643,FALSE,0.7452508224209119,"(1.51,Inf]"
G025_R386_C1137,G025_R391_C1147,2.7950849718747373,FALSE,0.71869583242303,"(1.51,Inf]"
G025_R386_C1138,G025_R391_C1147,2.57390753524675,FALSE,0.6955551111655554,"(1.51,Inf]"
G025_R386_C1139,G025_R391_C1147,2.358495283014151,FALSE,0.5743967049741872,"(1.51,Inf]"
G025_R386_C1141,G025_R391_C1147,1.9525624189766635,FALSE,0.4276411933844693,"(1.51,Inf]"
G025_R387_C1132,G025_R391_C1147,3.881043674065006,FALSE,0.7135341684430928,"(1.51,Inf]"
G025_R387_C1133,G025_R391_C1147,3.640054944640259,FALSE,0.7167981977618713,"(1.51,Inf]"
G025_R387_C1134,G025_R391_C1147,3.400367627183861,FALSE,0.7215547801939813,"(1.51,Inf]"
G025_R387_C1135,G025_R391_C1147,3.1622776601683795,FALSE,0.7229788772922773,"(1.51,Inf]"
G025_R387_C1136,G025_R391_C1147,2.9261749776799064,FALSE,0.7421212572308181,"(1.51,Inf]"
G025_R387_C1137,G025_R391_C1147,2.692582403567252,FALSE,0.7092721178243844,"(1.51,Inf]"
G025_R387_C1138,G025_R391_C1147,2.462214450449026,FALSE,0.6786338185881434,"(1.51,Inf]"
G025_R387_C1139,G025_R391_C1147,2.23606797749979,FALSE,0.6272064452794944,"(1.51,Inf]"
G025_R387_C1140,G025_R391_C1147,2.0155644370746373,FALSE,0.6287461439571326,"(1.51,Inf]"
G025_R387_C1141,G025_R391_C1147,1.8027756377319946,FALSE,0.538571349028704,"(1.51,Inf]"
G025_R387_C1142,G025_R391_C1147,1.6007810593582121,FALSE,0.37358250598931037,"(1.51,Inf]"
G025_R387_C1143,G025_R391_C1147,1.4142135623730951,FALSE,0.4139214682965337,"(1.01,1.51]"
G025_R388_C1132,G025_R391_C1147,3.824264635194589,FALSE,0.7166907365351372,"(1.51,Inf]"
G025_R388_C1133,G025_R391_C1147,3.5794552658190883,FALSE,0.700377179978941,"(1.51,Inf]"
G025_R388_C1134,G025_R391_C1147,3.3354160160315836,FALSE,0.7052704956873749,"(1.51,Inf]"
G025_R388_C1135,G025_R391_C1147,3.092329219213245,FALSE,0.7157366613086159,"(1.51,Inf]"
G025_R388_C1136,G025_R391_C1147,2.850438562747845,FALSE,0.7189759241697974,"(1.51,Inf]"
G025_R388_C1137,G025_R391_C1147,2.6100766272276377,FALSE,0.6975475124858443,"(1.51,Inf]"
G025_R388_C1138,G025_R391_C1147,2.3717082451262845,FALSE,0.6756527226358652,"(1.51,Inf]"
G025_R388_C1139,G025_R391_C1147,2.1360009363293826,FALSE,0.6789057431192461,"(1.51,Inf]"
G025_R388_C1140,G025_R391_C1147,1.9039432764659772,FALSE,0.6727243633584071,"(1.51,Inf]"
G025_R388_C1141,G025_R391_C1147,1.6770509831248424,FALSE,0.7223159313226033,"(1.51,Inf]"
G025_R388_C1142,G025_R391_C1147,1.4577379737113252,FALSE,0.7473315484542286,"(1.01,1.51]"
G025_R388_C1143,G025_R391_C1147,1.25,FALSE,0.7637005834491184,"(1.01,1.51]"
G025_R388_C1144,G025_R391_C1147,1.0606601717798212,FALSE,0.7086019596971546,"(1.01,1.51]"
G025_R388_C1145,G025_R391_C1147,0.9013878188659973,FALSE,0.5421691997680456,"(0.76,1.01]"
G025_R389_C1132,G025_R391_C1147,3.783186487605389,FALSE,0.701268854509435,"(1.51,Inf]"
G025_R389_C1133,G025_R391_C1147,3.5355339059327378,FALSE,0.68756632747855,"(1.51,Inf]"
G025_R389_C1134,G025_R391_C1147,3.2882366094914763,FALSE,0.6879382957118103,"(1.51,Inf]"
G025_R389_C1135,G025_R391_C1147,3.0413812651491097,FALSE,0.6896834281649494,"(1.51,Inf]"
G025_R389_C1136,G025_R391_C1147,2.7950849718747373,FALSE,0.6627738716109419,"(1.51,Inf]"
G025_R389_C1137,G025_R391_C1147,2.5495097567963922,FALSE,0.6778817124905064,"(1.51,Inf]"
G025_R389_C1138,G025_R391_C1147,2.3048861143232218,FALSE,0.6753329525709668,"(1.51,Inf]"
G025_R389_C1139,G025_R391_C1147,2.0615528128088303,FALSE,0.669715808266124,"(1.51,Inf]"
G025_R389_C1140,G025_R391_C1147,1.8200274723201295,FALSE,0.6870087727253017,"(1.51,Inf]"
G025_R389_C1141,G025_R391_C1147,1.5811388300841898,FALSE,0.7231626860493501,"(1.51,Inf]"
G025_R389_C1142,G025_R391_C1147,1.346291201783626,FALSE,0.769299424715171,"(1.01,1.51]"
G025_R389_C1143,G025_R391_C1147,1.118033988749895,FALSE,0.7992624716519694,"(1.01,1.51]"
G025_R389_C1144,G025_R391_C1147,0.9013878188659973,FALSE,0.8084963031022416,"(0.76,1.01]"
G025_R389_C1145,G025_R391_C1147,0.7071067811865476,FALSE,0.65982606194063,"(0.51,0.76]"
G025_R390_C1132,G025_R391_C1147,3.758324094593227,FALSE,0.6776758933160476,"(1.51,Inf]"
G025_R390_C1133,G025_R391_C1147,3.5089172119045497,FALSE,0.688701335482495,"(1.51,Inf]"
G025_R390_C1134,G025_R391_C1147,3.2596012026013246,FALSE,0.705381112734229,"(1.51,Inf]"
G025_R390_C1135,G025_R391_C1147,3.010398644698074,FALSE,0.65574920812592985,"(1.51,Inf]"
G025_R390_C1136,G025_R391_C1147,2.7613402542968153,FALSE,0.647583542869452,"(1.51,Inf]"
G025_R390_C1137,G025_R391_C1147,2.5124689052802225,FALSE,0.6599934143000298,"(1.51,Inf]"
G025_R390_C1138,G025_R391_C1147,2.2638462845343543,FALSE,0.684453721499996,"(1.51,Inf]"
G025_R390_C1139,G025_R391_C1147,2.0155644370746373,FALSE,0.6941317727599241,"(1.51,Inf]"
G025_R390_C1140,G025_R391_C1147,1.7677669529663689,FALSE,0.7241203910265626,"(1.51,Inf]"
G025_R390_C1141,G025_R391_C1147,1.5206906325745548,FALSE,0.7408909484251995,"(1.51,Inf]"
G025_R390_C1142,G025_R391_C1147,1.2747548783981961,FALSE,0.7794476946176975,"(1.01,1.51]"
G025_R390_C1143,G025_R391_C1147,1.0307764064044151,FALSE,0.8100110899112359,"(1.01,1.51]"
G025_R390_C1144,G025_R391_C1147,0.7905694150420949,FALSE,0.8284051192545098,"(0.76,1.01]"
G025_R390_C1145,G025_R391_C1147,0.5590169943749475,FALSE,0.8654871821954425,"(0.51,0.76]"
G025_R390_C1146,G025_R391_C1147,0.3535533905932738,FALSE,0.8598980901366404,"(0.26,0.51]"
G025_R390_C1147,G025_R391_C1147,0.25,TRUE,0.8550232609534527,"[0,0.26]"
G025_R391_C1132,G025_R391_C1147,3.75,FALSE,0.657774067194589,"(1.51,Inf]"
G025_R391_C1133,G025_R391_C1147,3.5,FALSE,0.6407445977786185,"(1.51,Inf]"
G025_R391_C1134,G025_R391_C1147,3.25,FALSE,0.6280882624353019,"(1.51,Inf]"
G025_R391_C1135,G025_R391_C1147,3,FALSE,0.6474700212214283,"(1.51,Inf]"
G025_R391_C1136,G025_R391_C1147,2.75,FALSE,0.6552173663447559,"(1.51,Inf]"
G025_R391_C1137,G025_R391_C1147,2.5,FALSE,0.6887914513039101,"(1.51,Inf]"
G025_R391_C1138,G025_R391_C1147,2.25,FALSE,0.7211911462541759,"(1.51,Inf]"
G025_R391_C1139,G025_R391_C1147,2,FALSE,0.6999756720630349,"(1.51,Inf]"
G025_R391_C1140,G025_R391_C1147,1.75,FALSE,0.7162392765500439,"(1.51,Inf]"
G025_R391_C1141,G025_R391_C1147,1.5,FALSE,0.7363180208653586,"(1.01,1.51]"
G025_R391_C1142,G025_R391_C1147,1.25,FALSE,0.7762475068613816,"(1.01,1.51]"
G025_R391_C1143,G025_R391_C1147,1,FALSE,0.7702298912877769,"(0.76,1.01]"
G025_R391_C1144,G025_R391_C1147,0.75,FALSE,0.8179791518640183,"(0.51,0.76]"
G025_R391_C1145,G025_R391_C1147,0.5,FALSE,0.8705526957697283,"(0.26,0.51]"
G025_R391_C1146,G025_R391_C1147,0.25,TRUE,0.9290108450511914,"[0,0.26]"
